date,ticker,open,high,low,close,volume
2025-06-02,AAPL,199.31669015009302,201.15779807678393,199.15745607510846,200.7298583984375,35423300.0
2025-06-02,GLD,309.2099914550781,311.7200012207031,308.7200012207031,311.6700134277344,13593200.0
2025-06-02,JPM,256.84526410102234,258.8080863604011,255.75156227727646,258.44677734375,6011200.0
2025-06-02,META,641.2850258933295,670.0159111420195,641.1556474381308,667.6672973632812,15766300.0
2025-06-02,MSFT,452.66535029783114,457.58667299374565,452.41779739511384,457.44805908203125,16626500.0
2025-06-02,NVDA,135.14917875467413,137.77255260816483,135.05939358324852,137.034423828125,197663100.0
2025-06-02,SPY,578.1696356443219,583.1175308206884,575.51367904973,583.0388793945312,61630500.0
2025-06-02,TLT,80.31099936576683,80.4804917357942,79.84018802502533,80.18859100341797,46213100.0
2025-06-02,XOM,99.89815267598877,99.99443858283324,98.42495699745116,99.2241439819336,17290500.0
2025-06-03,AAPL,200.38154929416936,202.78990771325485,199.99342573046133,202.2923126220703,46381600.0
2025-06-03,GLD,309.55999755859375,309.55999755859375,307.1499938964844,308.9100036621094,9315100.0
2025-06-03,JPM,257.53863293425644,260.32170192801004,256.70858174263634,260.01898193359375,6998400.0
2025-06-03,META,668.2146512733183,672.3247558564644,661.825602850503,663.6367797851562,11585000.0
2025-06-03,MSFT,456.9529759669727,459.5968543955761,456.3489311405408,458.43829345703125,15743800.0
2025-06-03,NVDA,138.43088175862894,141.64278269656361,137.60296789247522,140.86474609375,225578800.0
2025-06-03,SPY,582.6749573775863,587.3376063335356,582.1929021565289,586.36376953125,63606200.0
2025-06-03,TLT,80.4522460722576,80.73472857285296,79.93435071181614,80.04734802246094,33731300.0
2025-06-03,XOM,99.07971642388539,100.77437638479212,98.41533114485188,99.94630432128906,19194300.0
2025-06-04,AAPL,201.9340306292736,205.24801554678163,201.1279290627925,201.84446716308594,43604000.0
2025-06-04,GLD,309.4100036621094,311.8800048828125,308.739990234375,310.8999938964844,7462500.0
2025-06-04,JPM,259.67722274650265,260.8490334291481,257.9780510648975,258.0171203613281,5915700.0
2025-06-04,META,666.0948360662192,685.6799991447359,665.3484500003867,684.6350708007812,14031900.0
2025-06-04,MSFT,459.4582001214203,461.1316602074749,458.48778183720145,459.3294677734375,14162700.0
2025-06-04,NVDA,141.83231333868676,142.03180718032695,139.18897047063936,141.56298828125,167120800.0
2025-06-04,SPY,587.2195213026215,588.1933580255613,585.77347583579,586.206298828125,57314200.0
2025-06-04,TLT,80.78181430179112,81.59161041862824,80.64998769523729,81.34678649902344,57441500.0
2025-06-04,XOM,100.06184210416772,101.02471589041909,98.50199127197266,98.50199127197266,15648500.0
2025-06-05,AAPL,202.521183994692,203.765171611367,199.1872911078447,199.6649932861328,55126100.0
2025-06-05,GLD,311.239990234375,312.20001220703125,307.6499938964844,309.3299865722656,10817800.0
2025-06-05,JPM,258.5249257598472,258.5249257598472,254.19893206841766,255.80044555664062,8173800.0
2025-06-05,META,688.3271613596083,691.0340864353897,678.9625308264896,681.3211059570312,13083100.0
2025-06-05,MSFT,460.4088263203011,465.0529216385449,459.4879366863286,463.1022033691406,20131700.0
2025-06-05,NVDA,141.81237210270294,143.63777059715719,138.48077746536075,139.6378631591797,231397900.0
2025-06-05,SPY,587.8785767379185,589.2262178754949,581.405924678812,583.373291015625,92278700.0
2025-06-05,TLT,81.61986620416663,81.85527190881824,81.1867205696891,81.40328979492188,37664700.0
2025-06-05,XOM,99.15674478935911,99.22414565990444,97.95315256808973,98.0494384765625,13924800.0
2025-06-06,AAPL,202.02362051888113,204.71063115372752,201.07819281954235,202.93919372558594,46607700.0
2025-06-06,GLD,309.0899963378906,309.20001220703125,305.1000061035156,305.17999267578125,7787500.0
2025-06-06,JPM,258.12454195712064,260.39008449229345,258.056207934954,259.49169921875,7738100.0
2025-06-06,META,692.8154651620004,699.4234846834818,688.5361970003321,694.3480834960938,11728000.0
2025-06-06,MSFT,465.4886174973397,468.7068055435685,464.1914425792919,465.7757873535156,15285600.0
2025-06-06,NVDA,142.1515008770834,142.9095987862069,141.15401644541944,141.36349487304688,153986200.0
2025-06-06,SPY,588.8918658579249,591.0265020208144,587.1212477817654,589.3640747070312,66588700.0
2025-06-06,TLT,80.78180894548528,80.91363554329824,80.30157937687477,80.36749267578125,38130100.0
2025-06-06,XOM,98.94490779654164,100.62030605089956,98.86787613409805,100.39884185791016,15487800.0
2025-06-09,AAPL,203.40692547634254,205.0091823144686,199.05794913802782,200.48106384277344,72862600.0
2025-06-09,GLD,305.3900146484375,307.6099853515625,305.05999755859375,306.6199951171875,7159000.0
2025-06-09,JPM,259.7553786175127,261.610768218837,257.1675960313646,260.4779968261719,8285000.0
2025-06-09,META,695.0945213210746,701.7920736580201,690.5962813164961,690.7156982421875,12773200.0
2025-06-09,MSFT,465.10242514198006,468.7958952647425,464.0329796350046,468.12255859375,16469900.0
2025-06-09,NVDA,142.82978324597119,144.6352274429253,141.58292783698045,142.2711944580078,185114500.0
2025-06-09,SPY,589.9344062766999,591.4394702547755,588.7244952632093,589.8950805664062,53016400.0
2025-06-09,TLT,80.07559709424639,80.64056929031455,80.07559709424639,80.4522476196289,26560800.0
2025-06-09,XOM,100.45662209324117,101.92018698996934,99.97518520869134,101.07286071777344,17087300.0
2025-06-10,AAPL,199.63513956616538,203.36710243054736,199.60528507808198,201.69517517089844,54672600.0
2025-06-10,GLD,308.30999755859375,308.6000061035156,305.8699951171875,306.7099914550781,7071700.0
2025-06-10,JPM,259.63813525638966,262.58722620570774,259.60884073640483,262.2942810058594,7538100.0
2025-06-10,META,697.9704528283436,699.8413987256182,688.2276487579279,699.0154418945312,10850100.0
2025-06-10,MSFT,466.57783210788693,468.172058367284,462.38922592870773,466.31048583984375,15375900.0
2025-06-10,NVDA,142.3310452201821,143.92701105784593,141.17395971410352,143.5978546142578,155881900.0
2025-06-10,SPY,590.4262447121249,593.623214804717,589.3147380391201,593.2396240234375,66247000.0
2025-06-10,TLT,81.07372005102204,81.14905159770547,80.52757711358468,80.86656188964844,24857000.0
2025-06-10,XOM,102.14165851859676,103.65337015071411,101.9972259736389,103.23933410644531,17634800.0
2025-06-11,AAPL,202.5211970741936,203.51638723180633,197.45568281643992,197.8238983154297,60989900.0
2025-06-11,GLD,307.5,308.6199951171875,305.8500061035156,308.3699951171875,9248800.0
2025-06-11,JPM,262.37241483499554,263.2903496169879,259.5502764699578,261.8548583984375,7434100.0
2025-06-11,META,700.3191821519877,705.454291870014,688.6556236044764,690.7952880859375,9582500.0
2025-06-11,MSFT,465.4192790589967,470.81594475736864,465.0628173622344,467.99383544921875,16399200.0
2025-06-11,NVDA,144.25623511410478,144.6353103750697,141.52293261104455,142.4805908203125,167694000.0
2025-06-11,SPY,594.3315698285918,595.1873694307895,589.491865174911,591.5477294921875,73658200.0
2025-06-11,TLT,80.80064430515009,81.35620545251736,80.70648346878602,81.11138153076172,36334800.0
2025-06-11,XOM,103.75927438115305,105.32875590402932,102.50753560359485,105.25172424316406,22648200.0
2025-06-12,AAPL,198.12244911144163,198.71955406677787,196.410720905765,198.2418670654297,43904600.0
2025-06-12,GLD,311.739990234375,313.1000061035156,311.1499938964844,312.20001220703125,11531400.0
2025-06-12,JPM,260.5951413369258,261.9915930968164,258.91554891738133,261.9427490234375,6618000.0
2025-06-12,META,689.9593345072929,692.0293290729078,683.6897030900501,690.01904296875,7322700.0
2025-06-12,MSFT,470.37032681118086,475.7174938929388,468.88500933710617,474.1826477050781,18950600.0
2025-06-12,NVDA,141.62269259555393,144.64527893066406,141.50299102868564,144.64527893066406,162365000.0
2025-06-12,SPY,590.2197163908625,593.898681640625,589.7377212700143,593.898681640625,64129000.0
2025-06-12,TLT,81.81760743718498,82.10950821671854,81.54453595335819,82.08126068115234,43017800.0
2025-06-12,XOM,104.87619528458025,106.0990489233057,104.20218667388795,105.6561279296875,17469400.0
2025-06-13,AAPL,198.7693188209708,199.4062398916536,194.758703844025,195.50509643554688,51447300.0
2025-06-13,GLD,317.260009765625,317.6000061035156,315.0400085449219,316.2900085449219,16592900.0
2025-06-13,JPM,258.85693405632503,260.75139274608847,256.5425772552077,258.7300109863281,7098300.0
2025-06-13,META,684.6351288995007,691.2232256070356,677.728566821259,679.57958984375,9274400.0
2025-06-13,MSFT,471.74673205457395,474.48960742449077,468.13246560456287,470.3109130859375,16814500.0
2025-06-13,NVDA,142.13145812905782,143.2287733742275,140.50545582034982,141.62271118164062,180820600.0
2025-06-13,SPY,588.7343748466453,592.0296894370186,585.7636324727854,587.2588500976562,89506000.0
2025-06-13,TLT,81.66694902063351,81.8081866941429,80.77240304567334,81.29029846191406,49374000.0
2025-06-13,XOM,108.17886957910454,108.35218715633881,106.57087210185232,107.95741271972656,28540200.0
2025-06-16,AAPL,196.35101387226533,197.73432753277095,195.61456771612566,197.4656219482422,43020700.0
2025-06-16,GLD,314.79998779296875,314.8699951171875,311.6499938964844,311.7799987792969,12848400.0
2025-06-16,JPM,260.731864186611,265.3508326588525,260.5853915714537,264.0129699707031,8566000.0
2025-06-16,META,696.4958041665155,704.2841189203066,690.6993839035827,699.2744750976562,13720300.0
2025-06-16,MSFT,470.5584575569121,475.98482813726486,470.3505215770748,474.45001220703125,15626100.0
2025-06-16,NVDA,142.9993260342438,145.82238955213242,142.84968384945327,144.33604431152344,183133700.0
2025-06-16,SPY,590.6034249017806,594.5873299052357,590.4263090889528,592.84619140625,79984100.0
2025-06-16,TLT,81.05488563925448,81.38445215517392,80.47107696533203,80.47107696533203,36496600.0
2025-06-16,XOM,107.66853882162069,108.95879342336029,107.00415360562788,108.30403900146484,22986100.0
2025-06-17,AAPL,196.25149936947125,197.4357781067605,194.27108064091922,194.69900512695312,38856200.0
2025-06-17,GLD,312.6600036621094,313.0,310.1199951171875,311.94000244140625,8234100.0
2025-06-17,JPM,261.87440467845437,264.2375756229939,261.51306583381086,263.19268798828125,6739300.0
2025-06-17,META,699.1549233609281,703.108804504359,693.238994654824,694.4042358398438,10066100.0
2025-06-17,MSFT,470.74663593423935,474.0539393845567,469.4395492382731,473.3608093261719,15414100.0
2025-06-17,NVDA,144.13653073401778,144.8647406282524,143.42826095310537,143.76742553710938,139108000.0
2025-06-17,SPY,590.4164759991057,591.9313264126861,587.0227571759267,587.7802124023438,82209400.0
2025-06-17,TLT,80.97955939673275,81.60103388228912,80.74415370081202,81.45037078857422,34521600.0
2025-06-17,XOM,109.71947726821568,110.66309691651361,108.91066672351302,109.76762390136719,19451700.0
2025-06-18,AAPL,194.99756984742208,196.61973472966923,194.13175923439314,195.63449096679688,45394700.0
2025-06-18,GLD,312.8900146484375,312.9800109863281,309.8599853515625,310.260009765625,9370800.0
2025-06-18,JPM,263.66144669321045,271.20021221292876,263.3880211997966,267.5284729003906,9586400.0
2025-06-18,META,695.3504625385165,698.7466767941418,692.0837870797185,692.9502563476562,10068300.0
2025-06-18,MSFT,473.3211507460615,476.29178558337986,469.81579317674493,475.5392150878906,17526500.0
2025-06-18,NVDA,143.6576946584193,145.2936820241915,142.7698725249477,145.1240997314453,161494100.0
2025-06-18,SPY,588.6753335186196,591.4099413940326,586.7374465360585,587.691650390625,76605000.0
2025-06-18,TLT,81.8081753321139,82.00591523157559,81.3091164643281,81.59160614013672,38589000.0
2025-06-18,XOM,110.35497289499189,110.96158077785216,108.74697532333845,108.9876937866211,17968900.0
2025-06-20,AAPL,197.28649906078425,200.72984844555882,195.9131318065836,200.03321838378906,96813500.0
2025-06-20,GLD,309.3299865722656,310.8900146484375,309.25,310.1300048828125,8794700.0
2025-06-20,JPM,269.1006625666469,270.79002961674195,267.3819711943445,268.5440368652344,13969700.0
2025-06-20,META,697.9099861113372,698.9756568880543,675.9194553649784,679.5845336914062,22538600.0
2025-06-20,MSFT,477.5097592999014,478.7277002496467,472.2022093150259,472.7270202636719,37576200.0
2025-06-20,NVDA,145.09416929186932,145.84233449814036,142.30101614416546,143.4980926513672,242956200.0
2025-06-20,SPY,590.3565237964918,591.4220592916591,584.910520395366,586.3115234375,94051400.0
2025-06-20,TLT,81.11138196528269,81.723438180945,80.93247134642459,81.44094848632812,26001900.0
2025-06-20,XOM,109.23802764537137,110.76900077896947,108.9780549564968,110.44161987304688,36273300.0
2025-06-23,AAPL,200.6602023375907,201.3269779408771,198.00304635957568,200.53082275390625,55814300.0
2025-06-23,GLD,310.3399963378906,312.6700134277344,310.30999755859375,311.0799865722656,12687900.0
2025-06-23,JPM,268.60264103465835,272.0106996489925,265.7218838292262,271.7372741699219,8094600.0
2025-06-23,META,680.9191522618789,696.2168868594199,675.9991705997772,695.6990356445312,11080100.0
2025-06-23,MSFT,473.52910172023695,482.97572926336846,467.8849134818946,481.24285888671875,24864000.0
2025-06-23,NVDA,142.1513937655616,144.42581484809375,141.68254233682853,143.8173065185547,154308900.0
2025-06-23,SPY,587.0611349460189,592.4873858895392,583.9534091720473,592.1026611328125,87426000.0
2025-06-23,TLT,81.85526819500619,82.33549782223058,81.70460510253906,81.70460510253906,36851800.0
2025-06-23,XOM,112.36735970734622,112.60807813632182,107.03304578585349,107.59150695800781,26631100.0
2025-06-24,AAPL,201.61557243039425,202.46149014710028,199.23706853700068,199.3365936279297,54064000.0
2025-06-24,GLD,305.07000732421875,306.3399963378906,303.5400085449219,306.19000244140625,12035200.0
2025-06-24,JPM,273.6317365805569,276.0730461780452,272.94818777394573,274.6571044921875,9267900.0
2025-06-24,META,702.0332271284436,710.2995766217482,699.2644647708578,709.3135986328125,13823200.0
2025-06-24,MSFT,484.16397269221426,487.0355802812341,482.03499358247046,485.3125915527344,22305600.0
2025-06-24,NVDA,145.20392063963206,147.59805875973223,145.14406985038545,147.53819274902344,187566100.0
2025-06-24,SPY,596.2266992885851,599.699459496435,595.3189919942236,598.6438598632812,67735300.0
2025-06-24,TLT,81.42212678950577,82.47673975524995,81.38446101444177,82.29783630371094,32959100.0
2025-06-24,XOM,105.19395236311243,106.82121127674935,103.90370512343452,104.31773376464844,24828300.0
2025-06-25,AAPL,200.48105886821313,202.690382284235,199.65504919597097,200.5905303955078,39525700.0
2025-06-25,GLD,305.30999755859375,307.3599853515625,305.1199951171875,307.1199951171875,6733200.0
2025-06-25,JPM,274.8914587952529,277.60619385702887,274.3153133103271,277.391357421875,6826900.0
2025-06-25,META,710.429070970547,713.6758686004573,702.5212476934295,705.807861328125,9320400.0
2025-06-25,MSFT,487.2237477118272,489.71907018583636,484.59969288856837,487.45147705078125,17495100.0
2025-06-25,NVDA,148.90483162044157,154.0721520137232,148.8948463426075,153.9324951171875,269146500.0
2025-06-25,SPY,599.7586945360007,600.4493204937829,597.4204779573378,598.9793090820312,62114800.0
2025-06-25,TLT,82.02476240832482,82.40141296386719,81.73286164018509,82.40141296386719,26345300.0
2025-06-25,XOM,104.09628467206528,105.18432939601642,103.70150289714556,104.34663391113281,17483200.0
2025-06-26,AAPL,200.4611428555203,201.66532960796235,198.50063224789568,200.03321838378906,50799100.0
2025-06-26,GLD,305.7699890136719,307.2799987792969,304.8599853515625,306.7799987792969,6787500.0
2025-06-26,JPM,278.0163428990485,282.61576173740934,277.79173169250225,281.97125244140625,8942100.0
2025-06-26,META,711.4647766700988,725.2685892925924,708.1681941037551,723.1472778320312,13964800.0
2025-06-26,MSFT,488.15456314430565,493.1650318097281,487.98621386300664,492.580810546875,21578900.0
2025-06-26,NVDA,155.59840525486092,156.33660039378947,153.6232534017049,154.64076232910156,198145700.0
2025-06-26,SPY,600.8241399898848,604.0996298621668,600.2124582889446,603.66552734375,78548400.0
2025-06-26,TLT,82.4767196368271,82.81570434570312,82.10948739954644,82.81570434570312,30467500.0
2025-06-26,XOM,104.89546587897843,106.33977646546933,104.51994571418227,105.90647888183594,18304800.0
2025-06-27,AAPL,200.91894034324127,202.24254507531293,199.03803155248616,200.1128387451172,73188600.0
2025-06-27,GLD,300.0299987792969,302.3599853515625,299.8900146484375,301.2200012207031,13301300.0
2025-06-27,JPM,279.10028187976,281.9224501380631,278.34836923641,280.3697509765625,17868600.0
2025-06-27,META,723.5756288277632,732.4494922418124,722.9182695895095,730.6567993164062,18775700.0
2025-06-27,MSFT,492.6797975508017,494.4126679494895,488.2040517426954,491.0855712890625,34539200.0
2025-06-27,NVDA,155.65826650868465,158.32174817747665,154.880175871103,157.3640899658203,263234500.0
2025-06-27,SPY,604.6619851770232,608.1249297272853,602.6394853750887,606.6647338867188,86258400.0
2025-06-27,TLT,82.45791403398832,83.01347526024908,82.14717676424988,82.28842163085938,74993500.0
2025-06-27,XOM,105.85833658005436,106.01239255155234,104.34662516987986,105.31912231445312,22002100.0
2025-06-30,AAPL,201.03834688076608,206.39247448465787,198.30157410241034,204.1831512451172,91912800.0
2025-06-30,GLD,302.3900146484375,304.9200134277344,301.95001220703125,304.8299865722656,8192100.0
2025-06-30,JPM,283.5825215764878,285.77970025058426,282.13728534359143,283.1040344238281,12689200.0
2025-06-30,META,741.5324738401788,744.8689334249254,731.2742298621163,735.0986938476562,15402100.0
2025-06-30,MSFT,492.17479474651304,495.8583832017286,490.4815111095117,492.5411682128906,28369000.0
2025-06-30,NVDA,158.01250107649778,158.2718747820143,155.57848281781088,157.603515625,194580300.0
2025-06-30,SPY,609.1017606660369,610.9170549934429,606.793110456443,609.5654296875,92502500.0
2025-06-30,TLT,82.73097327800082,83.2771161832232,82.49556759650959,83.09820556640625,53695200.0
2025-06-30,XOM,104.606608619303,104.79918044006295,103.72076648997667,103.79779815673828,19199000.0
2025-07-01,AAPL,205.6759415551798,209.17901505124104,205.1484920031366,206.82041931152344,78788900.0
2025-07-01,GLD,308.55999755859375,309.0,307.3599853515625,307.54998779296875,9335600.0
2025-07-01,JPM,284.0610273166312,284.2953834962509,279.86195702454677,283.59228515625,9338300.0
2025-07-01,META,733.893576308325,734.7600455077777,712.4707423479545,716.3051147460938,13431200.0
2025-07-01,MSFT,491.61036068604886,493.1748817381986,486.1741086010328,487.2336120605469,19945400.0
2025-07-01,NVDA,155.9076636637482,156.81544119896878,151.1194180014287,152.92498779296875,213143600.0
2025-07-01,SPY,608.0954226976304,610.532334615444,607.2667196950123,609.3681640625,70030100.0
2025-07-01,TLT,83.29479162079465,83.46491630454092,82.85058397900173,83.30424499511719,38960600.0
2025-07-01,XOM,104.11553572393119,105.56947714029376,103.17192356475611,105.184326171875,15536900.0
2025-07-02,AAPL,207.90517762155153,212.3138626915596,207.13887695509675,211.41819763183594,67941800.0
2025-07-02,GLD,308.0400085449219,309.3999938964844,306.9599914550781,309.25,8316400.0
2025-07-02,JPM,285.18402779363225,285.9457151893501,282.89896560647867,285.14495849609375,8158700.0
2025-07-02,META,712.4309163210858,717.3807446486052,709.911140766825,710.6780395507812,9336700.0
2025-07-02,MSFT,485.1937811955959,488.66943364597034,483.9164299655294,486.28302001953125,16319600.0
2025-07-02,NVDA,152.60576718743292,157.2144758260153,152.5957971297394,156.86532592773438,171224100.0
2025-07-02,SPY,608.9636353224103,612.1700572103479,608.3420779544849,612.130615234375,66510400.0
2025-07-02,TLT,82.40637632584406,82.78442480203127,82.32131037113321,82.77497863769531,39382200.0
2025-07-02,XOM,105.91611128843948,107.22562016115167,104.78955077690054,106.92713165283203,11892200.0
2025-07-03,AAPL,211.12958235725722,213.61755770997246,210.7912213537831,212.52285766601562,34955800.0
2025-07-03,GLD,307.04998779296875,307.57000732421875,306.1499938964844,307.1400146484375,5275800.0
2025-07-03,JPM,286.66586822419856,290.8360888827844,285.74351114178125,290.443603515625,6541600.0
2025-07-03,META,723.6651210497029,726.0753568432323,711.524523245933,716.095947265625,8601700.0
2025-07-03,MSFT,488.9763901568408,495.2345347518064,488.6100166980764,493.9571533203125,13984800.0
2025-07-03,NVDA,157.98256705200242,160.58618269349765,157.3840439934681,158.9501953125,143716100.0
2025-07-03,SPY,614.1036930875782,617.882354174148,614.0839419945853,616.9549560546875,51065800.0
2025-07-03,TLT,82.38746477884618,82.50088364158644,82.08502168901755,82.19844055175781,26729100.0
2025-07-03,XOM,106.74418416289659,108.29441148300808,106.5130965205741,108.03443145751953,11223600.0
2025-07-07,AAPL,211.65703516300363,215.18996325511674,207.79570768244494,208.94017028808594,50229000.0
2025-07-07,GLD,305.07000732421875,307.7099914550781,304.5299987792969,307.3699951171875,7351600.0
2025-07-07,JPM,289.70765491378785,290.4828336535378,284.63469143869315,286.4892272949219,8825700.0
2025-07-07,META,714.691699254539,724.053627417977,710.6183091744663,715.4386596679688,9457100.0
2025-07-07,MSFT,492.51144569917784,493.8680307430937,490.3824968234557,492.8481140136719,13981600.0
2025-07-07,NVDA,157.81297934590498,158.92026447090194,156.95508262544374,157.85289001464844,140139000.0
2025-07-07,SPY,615.0014790783108,615.6625385416997,609.5851029977032,612.357421875,74814500.0
2025-07-07,TLT,81.7920265873575,81.81092612449687,81.20603998467452,81.41397094726562,38314700.0
2025-07-07,XOM,107.39893742867832,107.89000509111263,106.12794439060524,106.98490142822266,15415900.0
2025-07-08,AAPL,209.08945658408672,210.41304612040562,207.4473837253886,208.9998779296875,42848900.0
2025-07-08,GLD,306.29998779296875,306.45001220703125,302.7699890136719,304.1600036621094,11840500.0
2025-07-08,JPM,283.83990288185674,284.26185381377417,275.04810559551106,277.47174072265625,15440900.0
2025-07-08,META,718.6455832818111,719.9801184048647,711.9129709064391,717.7492065429688,7770700.0
2025-07-08,MSFT,492.37283752871576,493.3234624825612,489.27347018920887,491.7589111328125,11846600.0
2025-07-08,NVDA,158.9402376292259,159.8280598400772,158.00253468758166,159.6085968017578,138133000.0
2025-07-08,SPY,613.0183791229364,613.7681980220225,611.212960697591,612.02197265625,59024600.0
2025-07-08,TLT,80.87525131575349,81.31946619221299,80.75238628621005,81.31001281738281,31407000.0
2025-07-08,XOM,106.77307504640542,110.21053421701747,106.73455921288542,109.9505615234375,17913400.0
2025-07-09,AAPL,208.52219391164948,210.31353924447487,206.22330706177223,210.12445068359375,48749400.0
2025-07-09,GLD,303.5799865722656,305.5400085449219,303.2300109863281,305.5199890136719,10644100.0
2025-07-09,JPM,281.7891623646238,281.8088060970764,277.1774068900867,277.8446350097656,11273800.0
2025-07-09,META,719.7910143882187,734.5410524810821,719.7910143882187,729.810302734375,11418000.0
2025-07-09,MSFT,495.40291107466015,501.81949389446856,494.8483949293652,498.5815124511719,18659500.0
2025-07-09,NVDA,160.8256093227867,164.01777813022636,160.7657585360006,162.48155212402344,183656400.0
2025-07-09,SPY,614.4194576258184,616.3432624074327,612.5843521193799,615.692138671875,66113300.0
2025-07-09,TLT,81.46122345730308,82.1606216430664,81.45177008415722,82.1606216430664,29821900.0
2025-07-09,XOM,109.69057524305732,110.02757958450402,109.06470583971705,109.57503509521484,10652100.0
2025-07-10,AAPL,209.49749609462273,212.45321238064957,209.01980902189666,211.38836669921875,44443600.0
2025-07-10,GLD,306.1099853515625,306.510009765625,304.82000732421875,306.20001220703125,7053700.0
2025-07-10,JPM,277.68760468940775,282.89792448782646,277.68760468940775,282.7801818847656,8410900.0
2025-07-10,META,728.5851937618205,732.8179695463292,716.6836120454662,724.2926635742188,9913600.0
2025-07-10,MSFT,498.125990037999,499.50239882384955,492.87788004768845,496.5713806152344,16492100.0
2025-07-10,NVDA,163.91802564623063,164.0975779997467,161.214648514871,163.6985626220703,167704100.0
2025-07-10,SPY,615.8302548644143,618.4644365752275,614.6562088976586,617.4285278320312,57529000.0
2025-07-10,TLT,82.06612062531403,82.28349776134418,81.74477079226209,82.21733856201172,24525500.0
2025-07-10,XOM,109.48837117973027,110.99045185082323,108.87213257896681,110.66307830810547,14901700.0
2025-07-11,AAPL,209.55720483784353,211.10969909895366,208.8506131239295,210.1443634033203,39765800.0
2025-07-11,GLD,308.8599853515625,310.2799987792969,308.5199890136719,309.1400146484375,9187300.0
2025-07-11,JPM,280.16028588065166,281.9853860406829,278.3253938002881,281.4751281738281,7384700.0
2025-07-11,META,719.5718173438482,722.2210100216284,706.8237059553837,714.60205078125,10873900.0
2025-07-11,MSFT,493.5907782355643,500.0865639242522,492.9273231662245,498.393310546875,16459500.0
2025-07-11,NVDA,163.319494380175,167.4792915182188,163.07010595303956,164.5165557861328,193633300.0
2025-07-11,SPY,614.38979053738,616.48135905139,613.1960537313187,615.2579956054688,63670200.0
2025-07-11,TLT,81.49902225086706,81.53682131835558,80.94138865947272,81.08316040039062,40764800.0
2025-07-11,XOM,110.58604745949337,111.46226608816855,110.25867391436879,111.14451599121094,11683900.0
2025-07-14,AAPL,208.92027389637033,209.89557123752414,206.54176989733165,207.6165771484375,38840100.0
2025-07-14,GLD,309.07000732421875,309.3800048828125,307.7300109863281,308.010009765625,5772900.0
2025-07-14,JPM,281.6812326297011,283.8693527089549,279.90521169280953,283.2806396484375,9079900.0
2025-07-14,META,714.6917387747982,725.0496147289015,713.6460062957294,717.998291015625,8939400.0
2025-07-14,MSFT,496.6109653955542,499.0369961700355,496.1257713282032,498.0962829589844,12058800.0
2025-07-14,NVDA,164.96544774793,165.08516454052796,161.62365204151925,163.66864013671875,136975800.0
2025-07-14,SPY,614.8042291186631,616.7774117864018,613.4624793566222,616.43212890625,51898500.0
2025-07-14,TLT,80.84688097320851,81.16822354003774,80.63895003664341,80.91304016113281,24609500.0
2025-07-14,XOM,110.95195195730648,110.95195195730648,109.0165735492861,109.69058227539062,13220300.0
2025-07-15,AAPL,208.2137043224775,210.8708604550018,207.915144211828,208.10423278808594,42296300.0
2025-07-15,GLD,307.7300109863281,308.739990234375,305.7900085449219,306.7300109863281,8149000.0
2025-07-15,JPM,282.5937831680985,286.46964738040805,280.121098345475,281.1709899902344,12526100.0
2025-07-15,META,720.9661812972705,721.5338176914017,706.9432281110463,707.5109252929688,11529500.0
2025-07-15,MSFT,498.09622485625505,503.3245408608939,497.8684955298327,500.86883544921875,14927200.0
2025-07-15,NVDA,170.771231752154,171.9782632858091,168.7860942767486,170.2824249267578,230627400.0
2025-07-15,SPY,619.1057169315715,619.4411242116038,613.7189074073614,613.7978515625,74317300.0
2025-07-15,TLT,81.17768679046094,81.19659353834595,80.24200467287561,80.3459701538086,40455000.0
2025-07-15,XOM,109.44023392561274,109.8253775486079,108.41958275547317,108.71807861328125,10959300.0
2025-07-16,AAPL,209.28849593835915,211.37838618562168,207.63647661047767,209.149169921875,47490500.0
2025-07-16,GLD,307.1099853515625,311.0899963378906,305.7300109863281,308.260009765625,17693100.0
2025-07-16,JPM,282.9862680414337,285.2725470105113,277.6974624718264,280.4547119140625,9979800.0
2025-07-16,META,710.4788478373293,711.0763918410653,696.4360166593995,700.0612182617188,13067600.0
2025-07-16,MSFT,500.2351113436526,501.7600457375481,496.9773367906475,500.6708068847656,15154400.0
2025-07-16,NVDA,170.64153593048928,171.32985042878116,168.4868162544787,170.95077514648438,158831500.0
2025-07-16,SPY,615.3764310442137,616.3531467698953,609.7627242916457,615.8499755859375,88987500.0
2025-07-16,TLT,80.60115286818363,80.96030896678413,79.57095865249832,80.45938110351562,65987700.0
2025-07-16,XOM,108.68919370750022,109.28617811804331,107.93815330638925,108.0633316040039,11158900.0
2025-07-17,AAPL,209.5571995447156,210.78127919114968,208.58190225319882,209.0098419189453,48068100.0
2025-07-17,GLD,305.5,307.6700134277344,305.1199951171875,307.5899963378906,6642300.0
2025-07-17,JPM,278.11937245969557,284.85058472552134,278.11937245969557,284.4580993652344,8509500.0
2025-07-17,META,701.5352858666428,703.0391759141442,694.2847608340729,698.5673217773438,11803300.0
2025-07-17,MSFT,500.730191050298,508.3449206172861,500.67078077223215,506.6912841796875,17503100.0
2025-07-17,NVDA,171.59918390717252,173.7339481189201,170.4120926228971,172.5767822265625,160841100.0
2025-07-17,SPY,616.0275671883336,619.9739319743786,615.8104858123922,619.6187133789062,68885700.0
2025-07-17,TLT,80.54445621452578,80.79963965132498,80.32707185584977,80.44049072265625,31875500.0
2025-07-17,XOM,107.35079409695216,108.06332597289979,106.96564312138607,107.51448822021484,13151400.0
2025-07-18,AAPL,209.85575432940058,210.77132749863404,208.6913836081342,210.1642608642578,48974600.0
2025-07-18,GLD,309.239990234375,309.3699951171875,308.32000732421875,308.3900146484375,5574300.0
2025-07-18,JPM,284.08524890116877,287.0093204502985,282.8194857660448,285.8023986816406,12217000.0
2025-07-18,META,699.3442246830841,701.8540312869104,688.8469622098484,701.42578125,12779800.0
2025-07-18,MSFT,509.4440643876484,509.6025320949179,502.4630844244223,505.05743408203125,21209700.0
2025-07-18,NVDA,173.21520688358655,173.82371518980958,170.8410244393951,171.98822021484375,146456400.0
2025-07-18,SPY,620.8617637355628,621.0294673609429,618.0598787485127,619.1648559570312,65621600.0
2025-07-18,TLT,80.74293255911633,80.77128547267094,80.43103608839117,80.5633544921875,27534900.0
2025-07-18,XOM,106.98490006862788,107.58188442216026,103.35486201505994,103.7688980102539,32366600.0
2025-07-21,AAPL,211.07983063398711,214.74212298846783,210.61209006251647,211.45799255371094,51377400.0
2025-07-21,GLD,311.8800048828125,313.30999755859375,311.6099853515625,313.1300048828125,10995800.0
2025-07-21,JPM,285.5374312562634,288.65773001934355,285.125302200427,285.50799560546875,7898100.0
2025-07-21,META,703.9354066400078,714.0940793404843,702.8996435270784,710.0803833007812,9404400.0
2025-07-21,MSFT,501.7501069031347,507.0774803175347,500.60145783110823,505.06732177734375,14066800.0
2025-07-21,NVDA,172.32739806402674,172.9558617527255,170.58167912560677,170.96075439453125,123126100.0
2025-07-21,SPY,620.3389892578125,623.0718060276608,619.9147622533486,620.3389892578125,63375000.0
2025-07-21,TLT,81.48959297402546,81.76368316462897,81.24385569782706,81.28166198730469,40019500.0
2025-07-21,XOM,103.6052155819203,104.73177612321237,103.45115959960856,104.03851318359375,17010400.0
2025-07-22,AAPL,212.1148250502387,213.91611676733493,211.20919838168209,213.36875915527344,46404100.0
2025-07-22,GLD,314.4800109863281,316.239990234375,313.6199951171875,316.1000061035156,13691800.0
2025-07-22,JPM,286.028104802118,288.1181262767324,283.75164751884756,285.95941162109375,6717500.0
2025-07-22,META,713.2873743640687,713.6956859389659,698.567246668549,701.9534912109375,8921100.0
2025-07-22,MSFT,505.968437121084,506.19619667447284,500.32421875,500.32421875,13868600.0
2025-07-22,NVDA,170.9208374301641,170.97071815657463,164.17738028748298,166.6213836669922,193114300.0
2025-07-22,SPY,620.6645066309135,621.2860639110608,617.7935527028395,620.427734375,60046300.0
2025-07-22,TLT,81.44232109562518,82.00940093112024,81.38561527531907,81.77311706542969,35190300.0
2025-07-22,XOM,103.97112318650196,105.37691814802007,103.6148572118005,104.51033020019531,13970900.0
2025-07-23,AAPL,213.96589762082587,214.11517007989065,211.38835859165647,213.11997985839844,46989300.0
2025-07-23,GLD,314.0,314.9599914550781,311.4200134277344,312.17999267578125,10547500.0
2025-07-23,JPM,287.34290279554006,291.41499440772435,287.0583381931105,291.1893310546875,7083500.0
2025-07-23,META,703.5072478245529,711.7337817619899,702.0730813658738,710.6880493164062,8771600.0
2025-07-23,MSFT,501.78975657062705,501.82937349813983,495.7989881406536,500.9183654785156,16396600.0
2025-07-23,NVDA,169.1152710575868,170.84103463039327,167.55908978070133,170.36221313476562,154082200.0
2025-07-23,SPY,623.0817490356008,625.7061157226562,621.2861455699198,625.7061157226562,70511000.0
2025-07-23,TLT,81.3289190119727,81.47068357939672,81.08318174375077,81.31946563720703,31008500.0
2025-07-23,XOM,104.8858429394058,105.91611760774447,104.80881127261651,105.84871673583984,12002700.0
2025-07-24,AAPL,212.87118332406595,214.65258233290422,212.50296779967493,212.7318572998047,46022600.0
2025-07-24,GLD,309.2900085449219,310.989990234375,309.05999755859375,310.2699890136719,7698800.0
2025-07-24,JPM,291.83697024730424,293.9662191525474,290.6398703754944,290.9832763671875,7001200.0
2025-07-24,META,714.1438962383025,720.6872763494622,711.1062695692692,711.9030151367188,10920800.0
2025-07-24,MSFT,503.7899408054956,508.6419715627398,502.33432855643633,505.8793029785156,16107000.0
2025-07-24,NVDA,172.01814916975516,173.4047480967394,170.88093864849802,173.31497192382812,128984600.0
2025-07-24,SPY,626.0907872079496,627.6200518287297,625.488980993582,625.9132080078125,71307100.0
2025-07-24,TLT,80.85633838635172,81.50847692538946,80.81853210410429,81.17768096923828,25164800.0
2025-07-24,XOM,105.58872848623704,106.83082903602582,105.07839927855511,106.67677307128906,15647200.0
2025-07-25,AAPL,213.66733592091674,214.20474714033003,212.37358560556336,212.85128784179688,40268800.0
2025-07-25,GLD,307.82000732421875,308.30999755859375,306.20001220703125,307.3999938964844,9376400.0
2025-07-25,JPM,291.13049296035166,293.2891775825394,290.40436354527543,293.0144348144531,5918500.0
2025-07-25,META,714.0144936743148,717.7294182953093,709.0148797574245,709.7916870117188,8271700.0
2025-07-25,MSFT,507.4536969863606,513.2167356071609,505.36436506751977,508.6816101074219,19125700.0
2025-07-25,NVDA,173.18529303585547,174.29257821699642,172.53688923976992,173.0755615234375,122316800.0
2025-07-25,SPY,626.5743140212653,629.0309167973285,626.3276661888614,628.5573120117188,56865400.0
2025-07-25,TLT,81.09262421027847,81.6975103192948,81.01701164394862,81.68805694580078,27196200.0
2025-07-25,XOM,106.61901199774485,106.85973043169554,105.62724587910735,106.30126190185547,10548900.0
2025-07-28,AAPL,213.00055398053098,213.81661722083774,212.03521828670327,213.0204620361328,37858000.0
2025-07-28,GLD,306.44000244140625,306.5799865722656,304.04998779296875,305.4100036621094,9275400.0
2025-07-28,JPM,292.0724293571669,293.8091927274499,291.2482011503524,292.6807861328125,5840400.0
2025-07-28,META,712.3014741673994,721.8027888995285,709.7916676847334,714.7216186523438,8715700.0
2025-07-28,MSFT,509.0480107678364,509.9589885432546,505.12675096242896,507.48345947265625,14308000.0
2025-07-28,NVDA,173.594294429185,176.56700011257405,173.54441370124516,176.31761169433594,140023500.0
2025-07-28,SPY,628.9321516432593,629.4846403177779,627.0181622678288,628.3994140625,54917100.0
2025-07-28,TLT,81.2721945970473,81.4706721744686,81.12097667602634,81.15878295898438,26812500.0
2025-07-28,XOM,106.87899126042743,107.94778176072323,106.72492792705604,107.30265808105469,12353000.0
2025-07-29,AAPL,213.14982178903043,213.7767964509494,209.80599741985404,210.2538299560547,51411700.0
2025-07-29,GLD,305.79998779296875,307.0299987792969,304.989990234375,306.25,5741100.0
2025-07-29,JPM,294.36850837533046,295.63430134586406,290.63985258046154,291.4640808105469,7635700.0
2025-07-29,META,717.08203125,721.5338863492012,697.0734239369631,697.1630859375,13267000.0
2025-07-29,MSFT,510.4838436674275,512.5533521818816,506.5526719682665,507.55279541015625,16469200.0
2025-07-29,NVDA,177.52466141853475,178.9411858321479,174.5918511336965,175.0806427001953,154077500.0
2025-07-29,SPY,629.7904764849706,630.1061928990167,625.8342963044605,626.741943359375,60556300.0
2025-07-29,TLT,81.49904155275338,82.5481353780641,81.47068142920489,82.52923583984375,47828300.0
2025-07-29,XOM,107.74556637325594,108.80472595312855,107.27376032648549,108.68917846679688,15928000.0
2025-07-30,AAPL,210.88077731884883,211.36842593737322,206.72088996610802,208.04449462890625,45512500.0
2025-07-30,GLD,304.4200134277344,304.6499938964844,300.9599914550781,300.9599914550781,13459600.0
2025-07-30,JPM,291.83695632333047,294.9670472888904,291.79769880383014,294.0054626464844,8061700.0
2025-07-30,META,705.2201983405607,705.6285098988869,688.3986374816371,692.3923950195312,27077300.0
2025-07-30,MSFT,510.127348903314,510.89974304598894,504.45345515414937,508.21624755859375,26380400.0
2025-07-30,NVDA,176.07820855766118,179.44994513464422,175.60935707311754,178.8314666748047,174312200.0
2025-07-30,SPY,627.3930824208583,629.129492632239,623.0718079865017,625.9526977539062,80418900.0
2025-07-30,TLT,82.00939304767634,82.18897107579821,81.810915484873,82.10391235351562,40670900.0
2025-07-30,XOM,108.23664262449778,108.42921443757189,107.12933633396219,107.74557495117188,12996900.0
2025-07-31,AAPL,207.4872131893059,208.83071086700429,206.1636083824018,206.57164001464844,80698400.0
2025-07-31,GLD,304.5899963378906,304.6099853515625,302.8599853515625,302.9599914550781,8981000.0
2025-07-31,JPM,293.5246633224064,295.33011989507037,289.9529777509294,290.6790771484375,14749700.0
2025-07-31,META,772.0582967543337,781.5695805434973,762.4075657653623,770.305419921875,38831100.0
2025-07-31,MSFT,549.795171976257,550.0130499577134,526.6935786680993,528.2778930664062,51617300.0
2025-07-31,NVDA,182.45256948733228,182.85160010862035,175.49961883405416,177.43487548828125,221685400.0
2025-07-31,SPY,630.8856625012866,631.2703873241156,622.3121821287813,623.6046142578125,103385200.0
2025-07-31,TLT,82.34964639577628,82.61429036996604,82.07555625918796,82.15116882324219,49814100.0
2025-07-31,XOM,106.26275432622472,108.32330369323108,106.26275432622472,107.49523162841797,17233700.0
2025-08-01,AAPL,209.8557561748323,212.5527283441607,200.530828701964,201.40660095214844,104434500.0
2025-08-01,GLD,308.6099853515625,309.54998779296875,307.45001220703125,309.1099853515625,12843400.0
2025-08-01,JPM,284.9487133421405,286.32242707449086,278.9043429750852,283.93804931640625,12007100.0
2025-08-01,META,757.6468612584836,762.8955222277307,742.2893731188148,746.9703369140625,19028700.0
2025-08-01,MSFT,529.7631541007601,530.5553112156109,515.7615489434008,518.979736328125,28977600.0
2025-08-01,NVDA,173.6641186818972,176.1081221843386,170.47194991004753,173.29502868652344,204529000.0
2025-08-01,SPY,617.9020886786027,617.9415908673775,610.9860743719428,613.3834838867188,140103600.0
2025-08-01,TLT,83.07240755682696,83.42344707051173,83.03445675223597,83.31908416748047,63434500.0
2025-08-01,XOM,107.84186360975019,108.36181633369162,104.8184405212398,105.5694808959961,19652000.0
2025-08-04,AAPL,203.52634207300898,206.88014336875773,200.70995198839026,202.37193298339844,75109300.0
2025-08-04,GLD,310.79998779296875,311.739990234375,310.3699951171875,310.9100036621094,7639000.0
2025-08-04,JPM,284.81135364584816,288.79513839592664,284.81135364584816,288.73626708984375,6649500.0
2025-08-04,META,756.9198601954741,773.7015459386386,755.336277425542,773.2235107421875,15801700.0
2025-08-04,MSFT,523.0990575737549,532.9813491761439,522.9604134562841,530.3969116210938,25349000.0
2025-08-04,NVDA,174.7314908730668,179.75915428060495,174.09305718288007,179.5596466064453,148174600.0
2025-08-04,SPY,617.280474690056,622.7560435889075,617.1917152069655,622.7067260742188,73218000.0
2025-08-04,TLT,83.45191005305627,83.63217456891725,83.15780035949443,83.54678344726562,36425200.0
2025-08-04,XOM,105.16506577582457,105.8390744215122,103.11414011110902,103.38375091552734,19129500.0
2025-08-05,AAPL,202.42167200915333,204.35234334482283,201.18764593221573,201.94398498535156,44155100.0
2025-08-05,GLD,310.3699951171875,312.239990234375,310.2200012207031,311.1600036621094,6997700.0
2025-08-05,JPM,289.1581672885365,290.23752439689997,281.8480045472989,285.9004821777344,7182300.0
2025-08-05,META,773.3031886781546,779.9561084480251,759.9076871469059,760.3658447265625,11640300.0
2025-08-05,MSFT,531.9218555369729,532.0406760929504,522.0791498987046,522.5841674804688,19171600.0
2025-08-05,NVDA,179.18058718831315,179.81902093485988,175.46968627980374,177.82391357421875,156407600.0
2025-08-05,SPY,623.3184684441039,624.1274805006751,618.6321599743907,619.5496826171875,68051400.0
2025-08-05,TLT,83.34753799274391,83.91678553384806,83.28112590025468,83.80294036865234,28586100.0
2025-08-05,XOM,103.23932882537225,103.81705162950657,102.13202249886415,103.25858306884766,21314300.0
2025-08-06,AAPL,204.64094523363173,214.3440487139093,204.60112912578842,212.2242889404297,108483100.0
2025-08-06,GLD,310.32000732421875,311.239990234375,309.8399963378906,310.5,7418200.0
2025-08-06,JPM,286.81300825463615,287.7844445938785,284.7131953506969,285.880859375,6330200.0
2025-08-06,META,766.8794027711585,770.5046654460572,757.3780876386139,768.861328125,9733900.0
2025-08-06,MSFT,525.7034415927023,526.495598904166,518.9006917137275,519.8017578125,21355700.0
2025-08-06,NVDA,175.89865688532507,179.4599159046609,175.81885075769642,178.98109436035156,137192300.0
2025-08-06,SPY,620.615200817688,624.9463507668227,619.7075537473198,624.2952270507812,64357500.0
2025-08-06,TLT,83.33805595058803,83.53729948428469,82.46520916012282,83.31908416748047,42589300.0
2025-08-06,XOM,104.28885532310031,105.00138719969958,102.42088521103375,102.5556869506836,15321800.0
2025-08-07,AAPL,217.82723230897543,219.78775818606874,215.53829184895108,218.97169494628906,90224800.0
2025-08-07,GLD,311.7200012207031,313.1400146484375,310.70001220703125,313.1199951171875,10891500.0
2025-08-07,JPM,287.44105083933385,287.95127882891904,281.03363056399576,281.5536804199219,8057100.0
2025-08-07,META,770.3552105915298,771.8591006297718,756.4717038209484,758.7424926757812,9019700.0
2025-08-07,MSFT,521.6434435727333,522.9208551796034,512.483986539974,515.7418212890625,16079100.0
2025-08-07,NVDA,181.12583532286254,183.43018196887525,178.3626072705472,180.32778930664062,151878400.0
2025-08-07,SPY,627.7087670325432,628.4388348760696,620.6743670535704,623.7722778320312,74205800.0
2025-08-07,TLT,83.41395252749709,83.72704121770256,83.10086383729161,83.17676544189453,29213100.0
2025-08-07,XOM,103.16229398716435,104.04813608267548,101.95870178799905,102.01647186279297,13468300.0
2025-08-08,AAPL,219.76784743364436,229.88892965735022,218.19544514014734,228.2468719482422,113854000.0
2025-08-08,GLD,312.3500061035156,313.5299987792969,311.0,313.04998779296875,19886800.0
2025-08-08,JPM,283.55541003235584,285.7631740586469,279.36554536006525,283.33953857421875,6634100.0
2025-08-08,META,759.658747758983,766.7797947505699,755.5056648409816,766.1821899414062,7320800.0
2025-08-08,MSFT,517.4845698020915,519.524403327164,514.3257923084495,516.9300537109375,15531000.0
2025-08-08,NVDA,181.10585596760288,182.85157473717487,179.9586602147226,182.25303649902344,123396700.0
2025-08-08,SPY,625.5580704635792,629.099959687417,625.2423540250035,628.63623046875,64051600.0
2025-08-08,TLT,82.88266576454987,82.91112706011347,82.68342945722839,82.81625366210938,21596300.0
2025-08-08,XOM,102.54605010969041,103.51855461366021,102.01646663076046,102.83491516113281,14417700.0
2025-08-11,AAPL,227.08116933177635,228.71513292468896,223.9327956372812,226.34388732910156,61806100.0
2025-08-11,GLD,308.6199951171875,309.6600036621094,307.6300048828125,308.54998779296875,10326700.0
2025-08-11,JPM,283.9674810703858,285.8514526951056,283.3591242790355,284.1244812011719,5510100.0
2025-08-11,META,766.9590117045211,770.3253179934114,761.5709034876361,762.7660522460938,7612000.0
2025-08-11,MSFT,517.1875004407061,522.4257584225397,514.6327376205326,516.6627197265625,20194400.0
2025-08-11,NVDA,181.6046539661726,183.39026839012567,179.80905426349312,181.6146240234375,138323200.0
2025-08-11,SPY,628.9123942278318,630.3824053553956,626.14989093076,627.3930053710938,58742300.0
2025-08-11,TLT,83.05345418105813,83.17678889453192,82.80677751573307,82.91114044189453,20100900.0
2025-08-11,XOM,103.13340955581646,103.53781477403791,101.61206724405704,101.90093231201172,13570700.0
2025-08-12,AAPL,227.17083074525974,229.95057099439725,226.23430307406312,228.80479431152344,55626200.0
2025-08-12,GLD,308.2200012207031,309.30999755859375,306.7099914550781,308.2699890136719,9697400.0
2025-08-12,JPM,286.02808831162713,289.2170807199043,284.88985973561466,287.3527526855469,8570900.0
2025-08-12,META,769.8671766063835,790.4533879693125,769.2994794144802,786.7982788085938,14563100.0
2025-08-12,MSFT,518.6233787752558,525.7825900386109,517.5836685759962,524.0596313476562,18667000.0
2025-08-12,NVDA,182.51242163652668,184.02869221788941,179.0209838780724,182.71192932128906,145485700.0
2025-08-12,SPY,629.7313011159781,634.2301547632397,628.2514142554742,634.0723266601562,64730800.0
2025-08-12,TLT,82.44624977723717,82.51266188566606,82.11418923509268,82.49368286132812,41052300.0
2025-08-12,XOM,102.39199142506507,103.29709510415664,101.85278447384988,102.18978881835938,14109400.0
2025-08-13,AAPL,230.2195756343437,234.1351043372746,229.58191650034667,232.47125244140625,69878500.0
2025-08-13,GLD,309.1000061035156,310.3900146484375,308.45001220703125,309.2099914550781,4718600.0
2025-08-13,JPM,288.43210834423235,289.0208214451698,281.7695589346143,285.0762939453125,8420400.0
2025-08-13,META,787.9436609964881,792.2361910481928,775.0759792517462,776.9185180664062,8811800.0
2025-08-13,MSFT,526.901545781552,527.4857972911225,514.2862580919234,515.4844360351562,19619200.0
2025-08-13,NVDA,182.1732462738988,183.51994981646104,178.9112567337155,181.14576721191406,179871700.0
2025-08-13,SPY,636.262488727692,637.5253543368295,634.0624096748859,636.2427978515625,60092800.0
2025-08-13,TLT,82.95855737663041,83.30958963076193,82.94906786646119,83.17676544189453,30817500.0
2025-08-13,XOM,102.06461288940845,103.60520935058594,101.8142636687973,103.60520935058594,17958700.0
2025-08-14,AAPL,233.1985666998313,234.25466305951576,230.0003892485326,231.92327880859375,51916300.0
2025-08-14,GLD,307.92999267578125,308.3399963378906,306.5199890136719,307.25,5817700.0
2025-08-14,JPM,285.1253385944976,288.67741059714604,284.20301143696577,288.6381530761719,6322400.0
2025-08-14,META,774.7274900909913,784.6172394791233,769.3792579564396,778.9602661132812,8116200.0
2025-08-14,MSFT,517.4449565045493,520.8017882377586,515.0486614235291,517.36572265625,20269100.0
2025-08-14,NVDA,179.3102712094187,182.57227595462552,179.02098734413144,181.57472229003906,129554000.0
2025-08-14,SPY,634.1709920856589,636.9630622902898,633.7270741796365,636.3020629882812,59327500.0
2025-08-14,TLT,83.02496573100822,83.02496573100822,82.43673917939678,82.56007385253906,33397400.0
2025-08-14,XOM,103.55707332974849,103.59558181461352,102.48828289422498,103.39337921142578,13683500.0
2025-08-15,AAPL,233.1387895567921,233.417757832359,228.49593650929467,230.73765563964844,56038700.0
2025-08-15,GLD,307.3399963378906,308.0,306.8699951171875,307.42999267578125,5990100.0
2025-08-15,JPM,289.30536719380285,289.95298150728627,284.3796115875491,285.0370178222656,7340500.0
2025-08-15,META,780.9720282034339,793.0229651164598,777.6555069770899,782.047607421875,13375400.0
2025-08-15,MSFT,517.6529556536844,520.9503168823401,513.9990723038397,515.078369140625,25213300.0
2025-08-15,NVDA,181.43505449173978,181.45499460438234,177.6044370814236,180.008544921875,156602200.0
2025-08-15,SPY,637.328112699525,637.4268079608856,633.9046697471923,634.8123168945312,68592500.0
2025-08-15,TLT,82.21853175011248,82.33237691438002,81.82954146986465,81.97185516357422,36343600.0
2025-08-15,XOM,103.19901679512692,104.53042413910818,102.96577138265387,103.49056243896484,19271900.0
2025-08-18,AAPL,230.8472538899505,232.26202593201924,229.26310933608104,230.0402374267578,37476200.0
2025-08-18,GLD,307.7900085449219,307.8900146484375,306.6300048828125,306.95001220703125,6150100.0
2025-08-18,JPM,284.5562169634104,286.4205448097455,282.9960675051489,286.0574951171875,5386900.0
2025-08-18,META,771.9488155268272,772.6658684009896,753.4938829747567,764.2600708007812,16513700.0
2025-08-18,MSFT,516.4845535034275,517.7024945692299,508.98864359035275,512.0384521484375,23760600.0
2025-08-18,NVDA,180.15820389652,182.49247589603021,180.14821861780752,181.5647430419922,132008000.0
2025-08-18,SPY,634.2399697526556,635.3646981112688,633.5690949992928,634.674072265625,43804900.0
2025-08-18,TLT,82.06674068463343,82.10469149112743,81.58287694980528,81.73468017578125,26777500.0
2025-08-18,XOM,103.11154890699076,104.20972567810239,102.6936601404045,103.7140884399414,13040000.0
2025-08-19,AAPL,230.42880766374827,232.0129522601839,228.50591803460907,229.71145629882812,39402600.0
2025-08-19,GLD,306.760009765625,307.4800109863281,305.19000244140625,305.2699890136719,5029900.0
2025-08-19,JPM,285.3706494849781,286.9897003409671,284.0950645111781,285.203857421875,6031500.0
2025-08-19,META,764.0110161040656,764.0608013068265,746.3229839925046,748.4343872070312,12286700.0
2025-08-19,MSFT,509.9589996924715,510.11740696385556,503.5721224631474,504.7801818847656,21481000.0
2025-08-19,NVDA,181.98369406640825,182.0535301239894,175.0606849397743,175.21031188964844,185229200.0
2025-08-19,SPY,634.4965717210093,635.4732874420525,629.9187737835771,631.23095703125,69750700.0
2025-08-19,TLT,82.01928378665069,82.30391115862986,82.01928378665069,82.20903778076172,28780600.0
2025-08-19,XOM,103.20873276921256,104.43324526924799,103.16014553442298,104.39437103271484,16113600.0
2025-08-20,AAPL,229.1335667246527,229.6217687789582,224.93906991665554,225.1781768798828,42263900.0
2025-08-20,GLD,307.5400085449219,308.4700012207031,307.3999938964844,308.3599853515625,6515400.0
2025-08-20,JPM,285.35100110061984,287.8236856501562,281.8774445149503,286.754150390625,7374200.0
2025-08-20,META,744.5403416410405,747.1596879427676,728.0374873353596,744.689697265625,11898200.0
2025-08-20,MSFT,504.87923949406314,505.9981835608303,499.50239716393804,500.7698669433594,27723000.0
2025-08-20,NVDA,174.74146841521826,175.56943975883806,168.38705663117767,174.9709014892578,215142700.0
2025-08-20,SPY,630.8264521540534,631.0829152899969,624.4629267215348,629.5537109375,88890300.0
2025-08-20,TLT,82.15211802184776,82.51264703561364,82.12365672884006,82.3893051147461,25912500.0
2025-08-20,XOM,104.84140543597596,106.25056859576846,104.6470416830055,105.47309875488281,18959700.0
2025-08-21,AAPL,225.43723377620466,225.6863136691638,222.95639256938466,224.072265625,30621200.0
2025-08-21,GLD,307.8599853515625,308.1499938964844,307.0299987792969,307.2900085449219,4809000.0
2025-08-21,JPM,286.45980522859077,287.2742115786807,284.0361700203976,285.9986267089844,6624000.0
2025-08-21,META,741.6918632286945,742.4786396352457,730.1388392043501,736.1045532226562,8876300.0
2025-08-21,MSFT,499.57962247206007,503.48747238505433,498.6175369804135,500.1251220703125,18443300.0
2025-08-21,NVDA,174.42226928848822,176.4672421817212,173.38480492387563,174.55194091796875,140040900.0
2025-08-21,SPY,627.7483287539096,629.4156102095885,625.3114169787772,627.028076171875,54805800.0
2025-08-21,TLT,82.12364494559668,82.23749733966737,81.69671113498713,81.98133850097656,28643900.0
2025-08-21,XOM,105.36620628024141,106.48381650017089,104.91916367517014,106.15339660644531,12194900.0
2025-08-22,AAPL,225.33760837029214,228.2468598588307,224.58041092619504,226.9217529296875,42477800.0
2025-08-22,GLD,306.5199890136719,311.0199890136719,306.42999267578125,310.5799865722656,8526500.0
2025-08-22,JPM,287.6961645212777,291.5818204071259,284.6837862966605,290.6790771484375,8552800.0
2025-08-22,META,736.2340809761674,753.8325130049068,731.4137302303626,751.7310180664062,10612700.0
2025-08-22,MSFT,500.13506667774504,506.5621975190336,498.3100856343386,503.09075927734375,24324200.0
2025-08-22,NVDA,172.1877371490149,178.15310374912357,170.78118284108405,177.55458068847656,172789400.0
2025-08-22,SPY,629.2083536818665,637.8311503175282,628.7051825829001,636.6571044921875,84083200.0
2025-08-22,TLT,82.3798133477019,82.82572618909572,82.27545045978528,82.58853912353516,49871900.0
2025-08-22,XOM,106.51297186111358,108.27199589706909,106.51297186111358,108.1456527709961,13586700.0
2025-08-25,AAPL,225.64645413109014,228.45608264282492,225.3973742361901,226.32395935058594,30983100.0
2025-08-25,GLD,309.6700134277344,310.8399963378906,309.6700134277344,309.8299865722656,4044400.0
2025-08-25,JPM,290.67910031440016,291.76827944217837,288.61854456863614,289.3642578125,5856300.0
2025-08-25,META,751.7608684647103,755.8044116418879,747.0898736921264,750.2470092773438,6861200.0
2025-08-25,MSFT,502.4956437530773,504.04291093011733,500.00611695670057,500.1449890136719,21638600.0
2025-08-25,NVDA,177.91371253514103,181.46500135257926,176.13806812642193,179.37013244628906,163012800.0
2025-08-25,SPY,635.4041800322128,636.6374190424261,633.7368384817344,633.855224609375,51274300.0
2025-08-25,TLT,82.28496728366378,82.58856653882613,82.20906566027888,82.35137939453125,27011900.0
2025-08-25,XOM,107.77635281058514,108.76761986699798,107.42649210490949,108.59268951416016,9744900.0
2025-08-26,AAPL,226.03502689374838,228.6453946309622,223.86305742355088,228.46604919433594,54575100.0
2025-08-26,GLD,310.6199951171875,312.2099914550781,310.30999755859375,312.0799865722656,11698500.0
2025-08-26,JPM,288.63811176318757,293.13212406826625,287.9904975110241,292.96533203125,6714700.0
2025-08-26,META,747.7570878233896,751.8105999087106,744.9086936405548,751.043701171875,7601800.0
2025-08-26,MSFT,500.2440985723917,500.85906441774694,494.44186237473224,497.94305419921875,30835700.0
2025-08-26,NVDA,179.61950918930867,181.94381103857447,178.37256711704984,181.32533264160156,168688200.0
2025-08-26,SPY,633.5888838455812,636.85449832521,632.9673265691392,636.5091552734375,51581600.0
2025-08-26,TLT,82.07622696891137,82.34187536554877,81.8010890614295,82.30392456054688,30259300.0
2025-08-26,XOM,108.23311615272006,108.66071791639624,107.25156209122048,108.3497314453125,18143900.0
2025-08-27,AAPL,227.7686378094015,230.05020313892598,227.41991984776428,229.6417236328125,31259500.0
2025-08-27,GLD,311.3900146484375,312.9100036621094,310.7699890136719,312.7099914550781,4320100.0
2025-08-27,JPM,291.6701254801894,295.41842494390727,291.46407591230917,293.6620178222656,6056500.0
2025-08-27,META,749.2509948841313,751.0935335009311,739.8293741756414,744.3509521484375,8315400.0
2025-08-27,MSFT,497.90339657266526,503.1502356611414,495.82052770460996,502.6047058105469,17277900.0
2025-08-27,NVDA,181.5347912004848,182.04355325393357,178.66184732021665,181.15573120117188,235518900.0
2025-08-27,SPY,635.9270971923372,638.6895405097797,635.7790844255956,637.95947265625,48341100.0
2025-08-27,TLT,81.69671285422406,82.21852729006096,81.59234996705669,82.20903778076172,38142800.0
2025-08-27,XOM,108.28170867190343,109.7977742801282,108.28170867190343,109.57424926757812,15262600.0
2025-08-28,AAPL,229.9704999102399,232.55096405412047,228.4959359400532,231.70408630371094,38074700.0
2025-08-28,GLD,313.32000732421875,315.0799865722656,313.07000732421875,315.0299987792969,9610200.0
2025-08-28,JPM,294.38811877937053,295.5852185641284,293.0929201153854,295.4184265136719,6410500.0
2025-08-28,META,740.9847476708056,749.9980580487584,737.7977043404688,748.06591796875,7468000.0
2025-08-28,MSFT,502.9518399416591,506.919197559233,501.3748189208979,505.4810485839844,18015600.0
2025-08-28,NVDA,180.3776517699909,184.01871637210735,175.9784366795831,179.72923278808594,281787800.0
2025-08-28,SPY,638.5612839961418,640.7712386679527,636.6867968305069,640.21875,61519500.0
2025-08-28,TLT,82.33239574531576,82.78779822167031,82.21855055500973,82.74984741210938,32205900.0
2025-08-28,XOM,109.69087260799938,110.44890170919774,108.91340268064054,110.1573486328125,14189800.0
2025-08-29,AAPL,231.65427793943954,232.5210863786817,230.51847413874466,231.28564453125,39418400.0
2025-08-29,GLD,314.7200012207031,318.0899963378906,314.6400146484375,318.07000732421875,15642600.0
2025-08-29,JPM,296.37022814205386,297.2631495608047,294.10359298088383,295.7618713378906,6796400.0
2025-08-29,META,742.2595260689985,744.1119731912547,732.3697173104384,735.7061767578125,9070500.0
2025-08-29,MSFT,504.5090702372647,505.44140176386463,500.3730863144936,502.5551452636719,20961600.0
2025-08-29,NVDA,177.67428483075477,177.714180280125,172.72641192849127,173.75389099121094,243257900.0
2025-08-29,SPY,638.7882298477452,639.1533240222955,634.5163329434167,636.4006958007812,74522200.0
2025-08-29,TLT,82.31340904570013,82.40828243322439,82.00980986259724,82.16160583496094,41686400.0
2025-08-29,XOM,110.51691696705754,111.5567786110806,110.38086085770887,111.07086181640625,14597900.0
2025-09-02,AAPL,228.4062708029861,230.00038826150748,226.1346633063032,228.87454223632812,44075600.0
2025-09-02,GLD,320.82000732421875,325.9200134277344,320.239990234375,325.5899963378906,21247500.0
2025-09-02,JPM,294.62364321253557,294.8198709218748,288.9717581566039,294.07415771484375,7221900.0
2025-09-02,META,723.0974888358023,733.0171449086611,718.8049588018843,732.1307373046875,9350900.0
2025-09-02,MSFT,496.38587753866574,501.87074834041937,492.75574161607386,500.9979248046875,18128000.0
2025-09-02,NVDA,169.58412249632292,171.9583050821389,166.81092453439402,170.36221313476562,231164900.0
2025-09-02,SPY,628.9518765829083,631.9017745733,626.406454480519,631.6847534179688,81983500.0
2025-09-02,TLT,81.5501937866211,81.75018755729793,81.40734628320578,81.5501937866211,48760600.0
2025-09-02,XOM,110.96397271980189,111.99411407433402,110.13791555355427,111.45960998535156,15206700.0
2025-09-03,AAPL,236.33697373754433,237.9709372370204,233.49745685978084,237.5923309326172,66427800.0
2025-09-03,GLD,327.760009765625,329.45001220703125,326.7300109863281,328.1400146484375,16062200.0
2025-09-03,JPM,294.9278255320024,294.9278255320024,290.8164761661132,293.8877258300781,6316900.0
2025-09-03,META,733.01707286797,737.2498480849385,731.0152094510754,734.0628051757812,7699300.0
2025-09-03,MSFT,499.6787766683557,503.6461342434815,498.22077154875547,501.2260437011719,16345100.0
2025-09-03,NVDA,170.64153226145447,171.9882358353705,168.46687251736884,170.20260620117188,164424900.0
2025-09-03,SPY,634.0524945785448,635.5718834333111,631.8721667546157,635.108154296875,70820900.0
2025-09-03,TLT,81.83590477047494,82.67397495752526,81.79780968025963,82.4454116821289,52499500.0
2025-09-03,XOM,110.75988670859203,111.20692931573902,108.3205820734289,108.7579116821289,14920100.0
2025-09-04,AAPL,237.57239985348932,239.0170601981439,235.8687018920251,238.8975067138672,47549400.0
2025-09-04,GLD,327.0299987792969,327.55999755859375,325.3500061035156,326.69000244140625,11703100.0
2025-09-04,JPM,294.36852159403367,298.7153562428407,292.68080753910596,298.1168212890625,6605800.0
2025-09-04,META,745.5362739926827,758.075216396911,742.7974189311388,745.615966796875,11439100.0
2025-09-04,MSFT,500.1846427841772,504.00323087503085,499.0440334241921,503.82470703125,15509500.0
2025-09-04,NVDA,170.1527518438138,171.43958949445846,168.9955858311417,171.24008178710938,141670100.0
2025-09-04,SPY,635.7790859642552,640.4457033002755,634.8813144651941,640.4160766601562,65219200.0
2025-09-04,TLT,82.87397355762432,83.08349293306145,82.45494207264602,83.073974609375,40501600.0
2025-09-04,XOM,108.95226770233171,109.94353473208668,108.2428258975398,109.23410034179688,12864400.0
2025-09-05,AAPL,239.1167179897741,240.43186723598095,237.61228077870243,238.807861328125,54870400.0
2025-09-05,GLD,329.5299987792969,331.44000244140625,328.92999267578125,331.04998779296875,16065200.0
2025-09-05,JPM,297.9499798501053,299.4218223620716,288.78531073562726,288.85400390625,9837700.0
2025-09-05,META,749.5696846075956,754.8780995512687,742.0104803305046,749.400390625,9663400.0
2025-09-05,MSFT,504.9157608525771,507.7920894589463,488.3520284612672,490.9605712890625,31994800.0
2025-09-05,NVDA,167.61894341349083,168.61649709218636,163.66863936987482,166.61141967773438,224441400.0
2025-09-05,SPY,642.7444163544111,643.4646688785257,634.7037341963564,638.561279296875,85178900.0
2025-09-05,TLT,84.01680928429946,84.38822737416224,83.94061909512341,84.34060668945312,69668000.0
2025-09-05,XOM,108.45663769312769,108.63156805289493,105.9493050079647,106.15339660644531,16826700.0
2025-09-08,AAPL,238.41928864081726,239.2661511981365,235.47017586985078,237.0045166015625,48999500.0
2025-09-08,GLD,333.6600036621094,335.6700134277344,333.2300109863281,334.82000732421875,18617300.0
2025-09-08,JPM,289.3544334283243,290.89493913151904,285.9691837491296,287.4115905761719,8188500.0
2025-09-08,META,752.9360542535453,763.4034686491748,748.9722040020283,749.2510375976562,13087800.0
2025-09-08,MSFT,494.0451377441344,497.1099483047291,490.990285532587,494.1344299316406,16771000.0
2025-09-08,NVDA,167.14010390134433,170.54176523233733,166.94059623139324,167.8982391357422,163769100.0
2025-09-08,SPY,639.922799046398,641.1264716601992,638.5514227841185,640.1300048828125,63133100.0
2025-09-08,TLT,84.92154360734236,85.48343716644484,84.87393018884316,85.46438598632812,54538700.0
2025-09-08,XOM,106.63931274347881,106.95029922384167,105.29817752263065,106.75592803955078,15440500.0
2025-09-09,AAPL,236.12775932745953,237.90120710535396,232.5011563745861,233.48751831054688,66313900.0
2025-09-09,GLD,337.0299987792969,338.30999755859375,333.8500061035156,334.05999755859375,21641900.0
2025-09-09,JPM,287.1074615709347,293.3873179050423,286.82289692490065,292.2589111328125,7848200.0
2025-09-09,META,754.419992782477,763.1942846942571,750.3764498072048,762.5967407226562,10999000.0
2025-09-09,MSFT,497.33805669614713,498.15137232357364,493.63851485593227,494.34271240234375,14410500.0
2025-09-09,NVDA,168.67632677148754,170.56170237945196,166.33208505275803,170.3422393798828,157548400.0
2025-09-09,SPY,640.2680535026645,642.1327252974712,638.5415189260096,641.60986328125,66133900.0
2025-09-09,TLT,85.14056687311835,85.2834216239817,84.75009770515148,84.97866821289062,37126400.0
2025-09-09,XOM,107.41676353260186,109.34099726764585,107.41676353260186,107.53338623046875,14899500.0
2025-09-10,AAPL,231.33545739080094,231.56460664903227,225.118417424808,225.955322265625,83440800.0
2025-09-10,GLD,335.7300109863281,336.5,326.19000244140625,335.260009765625,11945700.0
2025-09-10,JPM,291.13046319713106,295.8796048140829,289.8548483762926,294.89837646484375,7787300.0
2025-09-10,META,762.0290412375358,762.5967384027244,747.9563032651432,748.9323120117188,12478300.0
2025-09-10,MSFT,498.8754294126598,499.1233892811019,492.66650462093776,496.2867126464844,21611800.0
2025-09-10,NVDA,176.2078799889887,178.85139113084074,175.04074401948455,176.8961944580078,226852000.0
2025-09-10,SPY,644.8556665576591,645.7731890498025,641.9057688189231,643.464599609375,78034500.0
2025-09-10,TLT,85.14058858330687,85.77866506518733,84.94059478745908,85.46438598632812,40713600.0
2025-09-10,XOM,108.02903006178224,109.38959121459888,107.71803618170735,109.33128356933594,15837600.0
2025-09-11,AAPL,226.04500979013486,229.60186307827533,225.81584532196928,229.18341064453125,50208600.0
2025-09-11,GLD,333.3699951171875,335.1600036621094,332.9700012207031,334.760009765625,9082600.0
2025-09-11,JPM,295.5852436958139,299.9909797241969,295.1437088676121,299.82415771484375,7942500.0
2025-09-11,META,751.5916136968709,754.0316358199442,745.3370358122858,747.8568115234375,7923300.0
2025-09-11,MSFT,498.15138006137016,499.0638857033828,493.8170463660224,496.9215087890625,18881600.0
2025-09-11,NVDA,179.25053151190707,179.84910351407555,176.05818301908454,176.7465362548828,151159300.0
2025-09-11,SPY,645.4082598463015,649.502637640468,644.8262047273438,648.81201171875,69934400.0
2025-09-11,TLT,85.62629120685494,86.16913358110574,85.61676561687968,86.03579711914062,46694400.0
2025-09-11,XOM,108.2622676158315,109.59367494058706,107.74719697943684,108.9814224243164,11534500.0
2025-09-12,AAPL,228.37638560886936,233.6469097348115,228.17712472443904,233.2085418701172,55824200.0
2025-09-12,GLD,335.8800048828125,336.3900146484375,335.2300109863281,335.4200134277344,9619700.0
2025-09-12,JPM,299.27465392414524,301.7767742987404,297.9990690164523,301.1488037109375,6846700.0
2025-09-12,META,745.6955270108052,754.4997269984316,740.7456986088828,752.5277709960938,8248600.0
2025-09-12,MSFT,502.51544395369297,508.3672905695674,499.73830564164535,505.7389221191406,23624900.0
2025-09-12,NVDA,177.34513598621658,178.17315412234487,176.02828346447401,177.39501953125,124911000.0
2025-09-12,SPY,648.7823033562848,650.2720655980789,648.091737738302,648.5948486328125,72780100.0
2025-09-12,TLT,85.55009729403307,85.69295207385738,85.2262926420382,85.66437530517578,32968600.0
2025-09-12,XOM,109.68115036518988,110.03101108521462,108.72875009078862,109.00086975097656,11105700.0
2025-09-15,AAPL,236.1277410783948,237.31336381412066,234.16499028444412,235.82884216308594,42699500.0
2025-09-15,GLD,336.30999755859375,339.2799987792969,336.2300109863281,338.9100036621094,10569900.0
2025-09-15,JPM,301.4039041511534,304.1317175736464,301.4039041511534,303.1014099121094,7122000.0
2025-09-15,META,754.4000905423925,770.9328504065699,748.942319380906,761.600830078125,10533800.0
2025-09-15,MSFT,504.63805606783444,511.26350676755015,502.8626547877709,511.1544189453125,17143800.0
2025-09-15,NVDA,175.2501343169162,178.4225418052247,174.0929031464731,177.32516479492188,147061600.0
2025-09-15,SPY,650.7949828188489,652.176174260984,650.4990175253016,652.0479125976562,63772400.0
2025-09-15,TLT,85.85484666431262,86.15007453351834,85.77865648326096,85.86437225341797,24820100.0
2025-09-15,XOM,109.02030640541297,109.29241865919302,108.18452881765838,109.18551635742188,12880500.0
2025-09-16,AAPL,236.30708253667353,240.33222235518573,235.45026224943368,237.2735137939453,63421100.0
2025-09-16,GLD,340.0899963378906,340.8800048828125,338.6199951171875,339.5899963378906,12161500.0
2025-09-16,JPM,304.1807788708881,305.06387836899023,301.3646583866889,303.385986328125,10525600.0
2025-09-16,META,763.8914686014472,778.1932551715911,761.9991446900564,775.8428344726562,11782500.0
2025-09-16,MSFT,512.6619733694059,513.0090929577493,504.449544036503,504.8859558105469,19711900.0
2025-09-16,NVDA,176.5769489507663,177.0757538913052,173.96321593348455,174.46202087402344,140737800.0
2025-09-16,SPY,652.6004677140577,652.9063688014267,650.3708221309846,651.1502075195312,61169000.0
2025-09-16,TLT,85.79769652980768,86.18816574068249,85.75008311821739,86.0453109741211,26794200.0
2025-09-16,XOM,109.77832745457134,112.07185544585985,109.60339710220181,111.44988250732422,17208000.0
2025-09-17,AAPL,238.09049720761,239.21634322602875,236.85505542454314,238.1104278564453,46508000.0
2025-09-17,GLD,338.5299987792969,341.239990234375,335.5199890136719,336.9700012207031,16535300.0
2025-09-17,JPM,304.563492987762,307.03617773944126,302.973877849489,305.89794921875,8657800.0
2025-09-17,META,776.8288247150236,780.1154382240195,763.2042747009343,772.5761108398438,9400900.0
2025-09-17,MSFT,506.4530503919847,507.1175961354426,501.80132099339164,505.8579406738281,15816600.0
2025-09-17,NVDA,172.22736966160153,172.78602876073558,168.00748411706098,169.8829803466797,211843800.0
2025-09-17,SPY,651.1600740883537,652.8471065185831,645.5266166017295,650.3411865234375,101952200.0
2025-09-17,TLT,86.38817261283182,86.70245169376484,85.58819742416199,85.82628631591797,49121800.0
2025-09-17,XOM,111.30411365469479,112.23707312684543,110.83763762587085,112.04270935058594,13302000.0
2025-09-18,AAPL,239.08682096339746,240.31228984200703,235.77903252032195,237.0045166015625,44249600.0
2025-09-18,GLD,336.2200012207031,336.32000732421875,333.80999755859375,335.6199951171875,14913300.0
2025-09-18,JPM,305.9372178866198,307.556238792954,303.7981171700278,307.3501892089844,8050700.0
2025-09-18,META,777.5857421327424,785.5832269744436,770.2256780600211,777.0877685546875,10955000.0
2025-09-18,MSFT,507.31598208941665,508.88310546808697,503.51725007824297,504.3008117675781,18913700.0
2025-09-18,NVDA,173.56416328312818,176.67671647107687,172.54661216194535,175.8187713623047,191763300.0
2025-09-18,SPY,653.0149098952402,655.9746837040749,651.4166368558095,653.3799438476562,90459200.0
2025-09-18,TLT,85.00723922880424,85.20723297722866,84.6643907269639,84.9405746459961,55717900.0
2025-09-18,XOM,111.92607995354716,112.10101030753755,110.20593765139351,110.72100830078125,14628700.0
2025-09-19,AAPL,240.34217704154452,245.3935247988757,239.32594197772087,244.59646606445312,163741300.0
2025-09-19,GLD,336.510009765625,339.2300109863281,336.30999755859375,339.17999267578125,14982600.0
2025-09-19,JPM,307.7132209495945,309.8719053836384,303.31730709863126,308.8710632324219,23568600.0
2025-09-19,META,783.2326732749732,787.5949262795673,766.0725248094219,775.2252807617188,23696800.0
2025-09-19,MSFT,506.39351766303514,515.0621842649809,506.1455578149837,513.703369140625,52474100.0
2025-09-19,NVDA,175.34989886544702,177.65437533147113,174.76129744715922,176.24774169921875,237182100.0
2025-09-19,SPY,655.2606553211801,657.4569312262267,653.3215535907623,656.6160278320312,97945600.0
2025-09-19,TLT,84.82630720654299,84.97868757976364,84.55964881930294,84.7786865234375,32509200.0
2025-09-19,XOM,110.69185507886297,110.76960355094826,109.46734259427805,109.64227294921875,38746500.0
2025-09-22,AAPL,247.38616206443075,255.69547916115815,247.2068166293636,255.13751220703125,105517400.0
2025-09-22,GLD,342.75,345.07000732421875,341.8399963378906,345.04998779296875,12386400.0
2025-09-22,JPM,303.9845245259009,307.8113389670314,303.74903930910966,306.5749816894531,7520200.0
2025-09-22,META,779.2068217271558,783.0737097074955,761.8855723964391,762.5732421875,11706900.0
2025-09-22,MSFT,511.3826037577857,513.5150225661836,508.3574445613838,510.25189208984375,20009300.0
2025-09-22,NVDA,174.88102184557565,184.10891359634738,174.2924356467209,183.17115783691406,269637000.0
2025-09-22,SPY,655.1320445581616,660.1676828141602,655.1023357778903,659.7225341796875,69452200.0
2025-09-22,TLT,84.58820799545462,84.67392376140026,84.32154964077083,84.47392272949219,24758200.0
2025-09-22,XOM,109.2826959138657,109.62284363833473,108.41776451945006,108.86480712890625,15611500.0
2025-09-23,AAPL,254.9382669065294,256.3928850249964,252.64672876089196,253.49359130859375,60275200.0
2025-09-23,GLD,348.2300109863281,348.75,345.32000732421875,346.4599914550781,18384000.0
2025-09-23,JPM,305.9666409066948,310.37234675445063,304.74989735202223,306.8693542480469,8584400.0
2025-09-23,META,766.6494677320859,767.994879580523,748.5309344746781,752.8463134765625,10872600.0
2025-09-23,MSFT,509.60711582016205,510.3907077578639,503.17008724169204,505.0744323730469,19799600.0
2025-09-23,NVDA,181.53508786527138,181.98400930831284,175.78885990523673,178.0035400390625,192559600.0
2025-09-23,SPY,659.6038334668184,660.2172715413061,654.9144348188496,656.13134765625,81708900.0
2025-09-23,TLT,84.73106152197037,85.1024795485461,84.52154217038508,85.06438446044922,26689000.0
2025-09-23,XOM,109.54509669000579,111.51791792980742,109.31185867627873,110.74044799804688,25369100.0
2025-09-24,AAPL,254.2807025242173,254.79879299943292,250.11607847800005,251.38140869140625,42303700.0
2025-09-24,GLD,346.70001220703125,346.8299865722656,342.1400146484375,343.32000732421875,12709100.0
2025-09-24,JPM,308.15476983779797,310.63727651453155,305.81947137817144,307.53662109375,7310500.0
2025-09-24,META,754.9391495935897,758.5369308098985,749.9859806746165,758.0884399414062,8828200.0
2025-09-24,MSFT,506.215041937542,508.29788064425674,502.7832857896144,505.9869079589844,13533700.0
2025-09-24,NVDA,179.34033838980653,179.35030900890538,174.98077271717747,176.54702758789062,143564100.0
2025-09-24,SPY,657.4173995788382,657.5163080809864,652.6290324775867,654.0437622070312,68082200.0
2025-09-24,TLT,84.83581177447026,84.91200194220106,84.47391211069609,84.7405776977539,28098000.0
2025-09-24,XOM,111.3429876250545,112.49947211017462,111.24580573715848,111.33326721191406,14756100.0
2025-09-25,AAPL,252.27810324622078,256.22353571779615,250.7836237831838,255.92462158203125,55202100.0
2025-09-25,GLD,344.3900146484375,345.8299865722656,342.4700012207031,344.75,12639600.0
2025-09-25,JPM,308.22347685107957,309.7247551863121,305.947019653492,307.5660705566406,7083200.0
2025-09-25,META,750.9028646268723,754.2116481824468,742.0329280425029,746.378173828125,10591100.0
2025-09-25,MSFT,504.1520203242895,505.8480877116936,500.9186440433766,502.89239501953125,15786500.0
2025-09-25,NVDA,174.06297010669513,179.82915407834395,172.7162058826927,177.2653045654297,191586700.0
2025-09-25,SPY,650.91749472694,652.3717757310584,647.4251431178142,651.0263061523438,89622100.0
2025-09-25,TLT,84.61676685871777,84.78819110316492,84.24534887339799,84.7405776977539,29882500.0
2025-09-25,XOM,111.41101237450077,112.63552488617954,111.18749478043796,112.3342514038086,15012600.0
2025-09-26,AAPL,253.1648258525147,256.65194458214916,252.84599627139946,254.5198211669922,46076300.0
2025-09-26,GLD,345.8299865722656,348.25,345.30999755859375,346.739990234375,11698200.0
2025-09-26,JPM,308.988785738579,311.8441636854759,307.8113297451866,310.12701416015625,7258100.0
2025-09-26,META,747.4645278033088,749.387995888731,734.8572684361654,741.2356567382812,9696300.0
2025-09-26,MSFT,505.8976246789574,509.74596656687834,502.4856945681329,507.28619384765625,16213100.0
2025-09-26,NVDA,177.74414266212372,179.3403244887289,174.51188131329135,177.76409912109375,148573700.0
2025-09-26,SPY,652.4707616041429,655.3002210405111,650.8581544995363,654.756103515625,69179200.0
2025-09-26,TLT,84.75010669343064,85.20724049149638,84.46440442729786,84.66439819335938,30955100.0
2025-09-26,XOM,112.69383010504892,115.02623236742072,112.6549558689841,113.91834259033203,18568900.0
2025-09-29,AAPL,253.62311772285494,254.06150078407975,252.07881928540593,253.49359130859375,40127700.0
2025-09-29,GLD,351.7900085449219,352.8299865722656,351.2799987792969,352.4599914550781,15719600.0
2025-09-29,JPM,311.10828573544467,312.0404647281687,307.7721150397051,309.7640075683594,6462400.0
2025-09-29,META,746.1888636454856,748.2419580482833,736.65126931649,740.8869018554688,9246800.0
2025-09-29,MSFT,507.325895548039,512.6322125671903,504.72728094557834,510.40057373046875,17617800.0
2025-09-29,NVDA,179.99874009736317,183.56021461148362,179.8890176259668,181.4153594970703,193063500.0
2025-09-29,SPY,657.2689872647139,658.1792111877495,654.7956708332731,656.5962524414062,73499000.0
2025-09-29,TLT,85.0358293651902,85.46438646355757,85.00725986075189,85.35962677001953,32286200.0
2025-09-29,XOM,112.7910162029508,113.21862540114104,110.46833426642237,111.00284576416016,19189300.0
2025-09-30,AAPL,253.92203562343897,254.9781320575181,252.17847617402816,253.69288635253906,37704300.0
2025-09-30,GLD,351.1300048828125,355.57000732421875,350.8699951171875,355.4700012207031,13312400.0
2025-09-30,JPM,310.31346452838187,311.45169300349573,304.28870810842403,309.50885009765625,11823300.0
2025-09-30,META,739.7407284541446,740.4582652037509,723.8446373138524,731.8973388671875,16226800.0
2025-09-30,MSFT,509.05168089535164,513.9315141469417,505.5009089039439,513.7232666015625,19728200.0
2025-09-30,NVDA,181.6448190078555,186.90222763381766,181.04624695721463,186.13406372070312,236981000.0
2025-09-30,SPY,655.8542079251938,659.5345338964465,654.5482897020846,659.0695190429688,86288000.0
2025-09-30,TLT,85.38819108689745,85.75008353349638,84.95962678513776,85.11200714111328,38584000.0
2025-09-30,XOM,110.15734800250948,110.29340412684338,108.78706634614592,109.57424926757812,18076200.0
2025-10-01,AAPL,254.10134722927504,257.83756097799323,253.9917514638179,254.5098419189453,48713900.0
2025-10-01,GLD,356.1700134277344,356.9700012207031,354.7900085449219,356.0299987792969,15573600.0
2025-10-01,JPM,308.07628613361976,308.68464295873514,301.6394301376976,304.8774719238281,9235200.0
2025-10-01,META,719.050911987213,719.4096803677126,707.7991010033351,714.9149780273438,20419600.0
2025-10-01,MSFT,510.5989672146665,516.262392605391,507.5143608700387,515.4689331054688,22632300.0
2025-10-01,NVDA,184.79726069745416,187.6903232769056,183.46045188172369,186.79248046875,173844900.0
2025-10-01,SPY,656.0916952927918,662.2255322042525,655.9828838603935,661.3153686523438,72545400.0
2025-10-01,TLT,85.48472111160618,85.6663008351196,85.14067915715292,85.33181762695312,39408900.0
2025-10-01,XOM,109.38959246283336,109.83663504878889,108.15536699883687,108.83564758300781,16614000.0
2025-10-02,AAPL,255.63566078088252,257.229778167004,253.21461153357077,256.18365478515625,42630200.0
2025-10-02,GLD,358.260009765625,358.6700134277344,351.3999938964844,354.7900085449219,16162100.0
2025-10-02,JPM,304.1808160870063,304.73030161726365,300.39328868596704,301.77679443359375,7600000.0
2025-10-02,META,720.1373033168862,725.3097607250153,715.7123105005168,724.5921630859375,11415300.0
2025-10-02,MSFT,513.4157691025699,517.3434144406598,506.51254498360566,511.53125,21222900.0
2025-10-02,NVDA,189.146847340247,190.59337868298996,187.6105195355423,188.43853759765625,136805800.0
2025-10-02,SPY,663.2939389771905,663.4126533220159,659.6631277666079,662.0770263671875,56896000.0
2025-10-02,TLT,85.35092559030097,85.71408502780518,85.23624980261495,85.58029174804688,23208300.0
2025-10-02,XOM,108.81621982766848,109.90466881890825,107.90269378330424,108.1553726196289,13062600.0
2025-10-03,AAPL,253.73271197999827,258.2858846694617,253.01536064819075,257.07037353515625,49155600.0
2025-10-03,GLD,357.1199951171875,358.1400146484375,355.79998779296875,357.6400146484375,14464000.0
2025-10-03,JPM,302.718779227698,305.80964265751953,302.4243927447969,304.2102355957031,6029900.0
2025-10-03,META,727.1635004037289,728.5288642707344,707.7792387029896,708.157958984375,16154300.0
2025-10-03,MSFT,512.8801529316524,516.2425031799986,510.7973143114264,513.1281127929688,15112300.0
2025-10-03,NVDA,188.73782471792558,189.90502650703218,184.93693332773543,187.17156982421875,137596900.0
2025-10-03,SPY,662.838842966907,665.5001336306916,661.0283585893458,662.0671997070312,70494400.0
2025-10-03,TLT,85.65673375773181,85.74274788357282,85.31269183674058,85.41781616210938,25884500.0
2025-10-03,XOM,108.74819838675145,110.54608934596097,108.74819838675145,110.06989288330078,12950100.0
2025-10-06,AAPL,257.0405037108186,258.1165459888059,254.11133663097664,255.74530029296875,44664100.0
2025-10-06,GLD,362.1600036621094,365.29998779296875,361.3699951171875,364.3800048828125,17093700.0
2025-10-06,JPM,305.83713416223014,307.38515966997034,300.857851711314,304.85113525390625,7214500.0
2025-10-06,META,702.8060248479621,714.4565078636942,688.1756596108709,713.2406005859375,21654700.0
2025-10-06,MSFT,514.377848960065,526.6965386672223,513.9712214168786,524.256591796875,21388600.0
2025-10-06,NVDA,185.0566446584491,186.78250559975277,182.8918329061041,185.09654235839844,157678100.0
2025-10-06,SPY,664.451431246289,665.3319462864663,662.314512664693,664.4415283203125,54623300.0
2025-10-06,TLT,84.77753891759502,85.20759506670359,84.72020101418913,84.73931121826172,28371000.0
2025-10-06,XOM,110.09903368290979,111.53734331429891,109.99213138962384,110.9833984375,12036800.0
2025-10-07,AAPL,255.86485915808862,256.4526841311554,254.48993311029045,255.5360870361328,31955800.0
2025-10-07,GLD,366.510009765625,367.2699890136719,364.54998779296875,366.260009765625,16836800.0
2025-10-07,JPM,305.01875022701944,305.66951307877287,300.43386159315816,303.3819885253906,8454200.0
2025-10-07,META,715.2937017364883,716.0710941262779,703.3641957962709,710.66943359375,12062900.0
2025-10-07,MSFT,523.9788048028778,525.4764919541412,517.1847292577561,519.7039794921875,14615200.0
2025-10-07,NVDA,185.78489078203316,188.6081286768816,183.56022492696124,184.5977325439453,140088000.0
2025-10-07,SPY,665.3616291701808,665.8068381763353,660.5436138980969,661.9781494140625,72020100.0
2025-10-07,TLT,85.02601750023575,85.41783866888072,84.87310669897741,85.2267074584961,29103300.0
2025-10-07,XOM,110.85705914211792,111.28466830140734,108.5926850606109,111.04170989990234,11945000.0
2025-10-08,AAPL,255.5758888188916,257.56852798749276,255.16739414069707,257.1102294921875,36496900.0
2025-10-08,GLD,371.6499938964844,373.57000732421875,370.5,372.29998779296875,28052300.0
2025-10-08,JPM,303.8946917756213,304.4567183318842,299.2999336047902,299.7732238769531,6489900.0
2025-10-08,META,711.0380954481734,717.2171476536749,705.4171476518181,715.4132690429688,10790600.0
2025-10-08,MSFT,519.0097599169904,522.6497936321297,518.8213080060119,520.56689453125,13363400.0
2025-10-08,NVDA,186.12409742063042,189.14685437964263,186.0941551173159,188.65802001953125,130168900.0
2025-10-08,SPY,663.0960778489103,666.0245059882836,662.2749199573431,665.925537109375,60702200.0
2025-10-08,TLT,85.62807758588015,85.64719507944605,85.17891127251855,85.29359436035156,22506200.0
2025-10-08,XOM,111.1583323936962,111.77059235046264,110.2156599629254,110.8084716796875,12301000.0
2025-10-09,AAPL,256.8611554198282,257.0504585775582,252.2083446799687,253.1050262451172,38322000.0
2025-10-09,GLD,373.1400146484375,373.2200012207031,362.8299865722656,365.42999267578125,33674800.0
2025-10-09,JPM,300.77893750215213,303.7270945284432,299.1422058887319,301.2522277832031,7060300.0
2025-10-09,META,715.8518398810967,731.0303344726562,710.0315555923428,731.0303344726562,12717200.0
2025-10-09,MSFT,518.07745494396,520.0512058016051,513.1777655449532,518.136962890625,18343600.0
2025-10-09,NVDA,191.7705575158363,194.833227386451,190.60335569438294,192.10975646972656,182997200.0
2025-10-09,SPY,666.3411584665431,666.7467557943302,662.0672604073742,663.9963989257812,66501900.0
2025-10-09,TLT,85.21714871062038,85.33183181156413,85.06424520055035,85.2267074584961,21578700.0
2025-10-09,XOM,111.20692015111413,112.25650222809438,109.56451897960814,109.729736328125,10976200.0
2025-10-10,AAPL,254.0017340209507,255.43643674947074,243.10199461677743,244.36732482910156,61999100.0
2025-10-10,GLD,367.5400085449219,370.30999755859375,365.44000244140625,369.1199951171875,24192800.0
2025-10-10,JPM,301.3804193716138,306.1230715472904,296.5983188157025,296.6772155761719,8597400.0
2025-10-10,META,728.4490967829636,732.78442803905,702.1284029546202,702.9157104492188,16980100.0
2025-10-10,MSFT,515.3994417043425,519.307291372133,505.4711195982234,506.7902526855469,24133800.0
2025-10-10,NVDA,193.04748211324375,195.15243956582322,181.6148814298513,182.72222900390625,268774400.0
2025-10-10,SPY,664.9560020556908,666.7565834688588,645.8719162752307,646.0499877929688,159422600.0
2025-10-10,TLT,85.99122341195697,86.6984174467844,85.91476803219554,86.60285186767578,59389400.0
2025-10-10,XOM,109.09804934109887,109.44791005376213,107.59170419410415,107.61114501953125,13811600.0
2025-10-13,AAPL,248.46219085423505,248.7710475029622,244.6562426215344,246.74851989746094,38142900.0
2025-10-13,GLD,376.5,378.8599853515625,375.5799865722656,378.0899963378906,18514400.0
2025-10-13,JPM,301.3212684867699,305.1272097801061,301.17337467050265,303.6580810546875,10788700.0
2025-10-13,META,710.5996089558437,717.5061741064447,705.2477676379041,713.280517578125,9251800.0
2025-10-13,MSFT,512.1958293204747,512.1958293204747,507.50444767633473,509.8551025390625,14284200.0
2025-10-13,NVDA,187.52076447158947,189.65564939423433,185.51557372807815,187.86993408203125,153482800.0
2025-10-13,SPY,653.5985682812151,658.030731623523,652.7279561413051,655.9630126953125,79560500.0
2025-10-13,TLT,86.2779388850863,86.56464297585813,85.87655899095607,86.55508422851562,28035500.0
2025-10-13,XOM,108.39833265162953,109.13692834557659,108.18452804960516,109.07861328125,10296500.0
2025-10-14,AAPL,245.69241642712313,247.93413549962378,243.79940008876653,246.8581085205078,35478000.0
2025-10-14,GLD,378.2099914550781,382.3800048828125,377.8999938964844,380.7900085449219,18409600.0
2025-10-14,JPM,301.5578902761218,302.70165257420854,290.0907186231138,297.85052490234375,16178800.0
2025-10-14,META,705.3873404797914,713.1310322093289,696.9658939978091,706.25439453125,8829800.0
2025-10-14,MSFT,506.0662576446326,511.07506506957225,501.87076583985106,509.3789978027344,14684300.0
2025-10-14,NVDA,184.32839277968645,184.35831986008523,179.2705030798172,179.59971618652344,205641400.0
2025-10-14,SPY,650.1556923521978,658.7232938317348,646.1983862715207,655.1616821289062,88779600.0
2025-10-14,TLT,86.6315396670949,86.88956751596496,86.42129097258483,86.83222961425781,29800000.0
2025-10-14,XOM,107.64029302443528,109.77832400668812,107.59169837799688,109.127197265625,11167200.0
2025-10-15,AAPL,248.57178982967116,250.89321639065437,246.559219921403,248.42233276367188,33893600.0
2025-10-15,GLD,385.92999267578125,387.760009765625,384.5899963378906,387.3900146484375,20598300.0
2025-10-15,JPM,302.1002149225357,307.7499693151439,301.1635039391426,301.4100036621094,11354800.0
2025-10-15,META,714.6358727912688,721.4527759491865,707.1114088212217,715.1242065429688,10246800.0
2025-10-15,MSFT,510.75768630195654,512.9694689959882,505.83814063109804,509.2401428222656,14694700.0
2025-10-15,NVDA,184.35831474003746,184.42813951825556,176.86625456034105,179.4001922607422,214450500.0
2025-10-15,SPY,659.7026642450096,663.0762408380068,651.8968641380318,658.0702514648438,81702600.0
2025-10-15,TLT,86.92778716624717,87.25271892527672,86.45951066622085,86.6410903930664,31333900.0
2025-10-15,XOM,109.62283878732902,110.37114743614104,107.84438142670133,108.46635437011719,12182900.0
2025-10-16,AAPL,247.33635013275978,248.1234359576197,244.22783772705108,246.53929138183594,39777000.0
2025-10-16,GLD,391.1499938964844,396.8699951171875,390.3999938964844,396.45001220703125,33621400.0
2025-10-16,JPM,301.0747260223031,304.35808863852304,292.9106575300408,294.3600769042969,10549400.0
2025-10-16,META,715.1242355877501,723.0373960268438,701.5004654735715,709.6627807617188,9017000.0
2025-10-16,MSFT,508.3970827878481,512.6321960787722,503.9833851231019,507.4349670410156,15559600.0
2025-10-16,NVDA,181.79445210488134,182.84194556906473,179.34034021746592,181.37545776367188,179723300.0
2025-10-16,SPY,659.702653099313,661.572494532197,650.0962717870328,653.588623046875,110563300.0
2025-10-16,TLT,86.50728981844034,87.44385010970491,86.44039317557767,87.29093933105469,39631200.0
2025-10-16,XOM,108.72875337123354,109.03002686476279,107.28072321186103,107.523681640625,11782200.0
2025-10-17,AAPL,247.1072067041429,252.4474806979352,246.3599669580113,251.36148071289062,49147000.0
2025-10-17,GLD,397.1400146484375,397.2799987792969,385.2200012207031,388.989990234375,62025000.0
2025-10-17,JPM,294.97143359875633,295.3559575215809,290.08088749555986,293.3938293457031,10153500.0
2025-10-17,META,704.6896374063629,716.1108563950927,703.7328609179003,714.496337890625,12232400.0
2025-10-17,MSFT,504.88595648751925,511.27337462741934,503.1700633614309,509.388916015625,19867800.0
2025-10-17,NVDA,179.74936158304564,183.66000615888444,179.32039659193174,182.7821044921875,173135200.0
2025-10-17,SPY,652.4608239631079,658.6540174880462,651.1153544209424,657.2986450195312,96500900.0
2025-10-17,TLT,87.20492907841763,87.24315677158623,86.87044587717617,87.15714263916016,40240400.0
2025-10-17,XOM,108.48579412636526,109.72974750046133,108.04847192368108,109.07861328125,13460100.0
2025-10-20,AAPL,254.94822099113512,263.4069798400544,254.68918336894043,261.27484130859375,90483000.0
2025-10-20,GLD,397.45001220703125,403.29998779296875,394.20001220703125,403.1499938964844,34523000.0
2025-10-20,JPM,294.32064593592156,299.43798218705626,293.9854099500461,298.1265869140625,6894900.0
2025-10-20,META,718.7519023248905,731.289390620618,717.7453070615727,729.6947631835938,8900200.0
2025-10-20,MSFT,510.41049011219013,514.4671401409408,509.2401268135401,512.5726928710938,14665600.0
2025-10-20,NVDA,182.69231029505525,184.75735492260156,181.2956472677441,182.20347595214844,128544700.0
2025-10-20,SPY,660.197387427611,665.0352086527322,660.1479331778372,664.1348876953125,60493400.0
2025-10-20,TLT,87.40561642430701,87.50118200881978,87.23359545570935,87.49163055419922,28429300.0
2025-10-20,XOM,108.84536943126957,109.96297961815183,108.8259360205379,109.52565002441406,9523600.0
2025-10-21,AAPL,260.9161783410852,264.3136317818121,260.86634411857244,261.8028869628906,46695900.0
2025-10-21,GLD,386.5400085449219,388.8900146484375,375.6499938964844,377.239990234375,54101400.0
2025-10-21,JPM,297.436411288458,299.7929328501146,292.8416531202475,292.9303894042969,7372700.0
2025-10-21,META,733.5318410857864,736.0034377690635,726.2863984755653,730.7911376953125,7647300.0
2025-10-21,MSFT,513.2769402267872,514.4572316509175,508.8533142722573,513.4356079101562,15586200.0
2025-10-21,NVDA,182.35311411361405,182.35311411361405,179.37027013728058,180.72702026367188,124240200.0
2025-10-21,SPY,664.2733620876278,665.8068060270512,662.8289237149189,664.1249389648438,56249000.0
2025-10-21,TLT,87.91213314735796,88.10327163488482,87.835685043535,87.92169189453125,24514300.0
2025-10-21,XOM,109.71030022674081,110.16706322885845,108.83564845827111,109.53536987304688,9202300.0
2025-10-22,AAPL,261.68336485657886,261.882640960004,254.48993535873984,257.49884033203125,45015300.0
2025-10-22,GLD,372.75,378.4700012207031,368.92999267578125,377.2799987792969,30524100.0
2025-10-22,JPM,293.6008552074487,293.8868032880077,286.4721030595595,289.9920959472656,8054100.0
2025-10-22,META,731.3492269695964,738.0962989037338,721.5823690736463,730.9306030273438,8734500.0
2025-10-22,MSFT,516.8971823641815,520.943843958813,513.4852520447155,516.2921142578125,18962700.0
2025-10-22,NVDA,180.7070662621498,183.0015721983185,176.33752979723928,179.84912109375,162249600.0
2025-10-22,SPY,664.8274246920023,664.8274246920023,656.2202718491607,660.6722412109375,80564000.0
2025-10-22,TLT,87.91212252528446,88.09370224369847,87.74966029890712,87.97901916503906,30496200.0
2025-10-22,XOM,110.25452197818252,111.93579741467622,109.89494828160163,111.47903442382812,12938800.0
2025-10-23,AAPL,258.98332466328685,259.6608147081683,257.0604350924048,258.6246337890625,32754900.0
2025-10-23,GLD,381.4599914550781,382.25,378.6499938964844,378.7900085449219,13695500.0
2025-10-23,JPM,290.25837425327126,292.22050252499105,288.41456104050746,290.4161376953125,5438800.0
2025-10-23,META,732.2163225390138,739.9002195728755,730.6216949207216,731.5186767578125,9856000.0
2025-10-23,MSFT,518.1964086283891,519.6742395740552,514.3777908083965,516.3118896484375,14023500.0
2025-10-23,NVDA,179.98876279946896,182.59252505160657,179.36026373857848,181.724609375,111363700.0
2025-10-23,SPY,660.988802941274,665.5298380529869,660.6722112216523,664.5899658203125,65604500.0
2025-10-23,TLT,87.5489817491296,87.72100274386464,87.24316745751035,87.37696075439453,28275100.0
2025-10-23,XOM,113.34495804742382,113.5587626407378,112.11073255125102,112.71327209472656,15001100.0
2025-10-24,AAPL,260.2287163700197,263.15789839957887,258.22610426270086,261.85272216796875,38253700.0
2025-10-24,GLD,378.510009765625,380.7699890136719,376.80999755859375,377.5199890136719,13263800.0
2025-10-24,JPM,291.9345495322769,298.3632818043669,291.31339548312707,296.2335205078125,7228300.0
2025-10-24,META,734.2991918313108,738.7042934120783,728.6783045992579,735.8638916015625,9151300.0
2025-10-24,MSFT,518.5237814648117,521.0628883153897,516.4607987679614,519.3370971679688,15532400.0
2025-10-24,NVDA,183.40060514170608,187.02193404421294,183.06142142022418,185.8148193359375,131296700.0
2025-10-24,SPY,669.2398161192735,671.2283116328227,668.4384640813665,670.0213623046875,74356500.0
2025-10-24,TLT,87.5298521781446,87.53941092408546,87.11892088811628,87.41517639160156,28266000.0
2025-10-24,XOM,113.07284436855093,113.18946707646688,111.93580077075434,112.13988494873047,9919400.0
2025-10-27,AAPL,263.90514984178776,268.1295353654346,263.67598537979285,267.8206787109375,44888200.0
2025-10-27,GLD,371.1300048828125,371.5899963378906,365.3399963378906,367.010009765625,23657600.0
2025-10-27,JPM,297.92941246883,300.2662249001909,296.7955198233114,299.89154052734375,5642200.0
2025-10-27,META,747.1953964386955,753.1950643156673,745.4812403760276,748.28173828125,11321100.0
2025-10-27,MSFT,527.440383046071,530.2175212473691,524.6929685473742,527.1824951171875,18734700.0
2025-10-27,NVDA,189.5359184602369,191.54110896467577,187.9796341631504,191.03233337402344,153452700.0
2025-10-27,SPY,675.4428672302427,678.2228723013301,674.8393925526769,677.9260864257812,63339800.0
2025-10-27,TLT,87.27183346635388,87.72099978697655,87.0520260339175,87.71144104003906,30033600.0
2025-10-27,XOM,112.4411625192766,112.72299519804614,111.85806374901348,112.67440795898438,10975400.0
2025-10-28,AAPL,267.9999758056659,268.896687690681,267.16307106420925,268.00994873046875,41534800.0
2025-10-28,GLD,361.80999755859375,365.29998779296875,360.1199951171875,364.3800048828125,19257600.0
2025-10-28,JPM,300.59159530101573,303.6580673748709,298.915415308335,301.0845947265625,6336000.0
2025-10-28,META,750.0856376808406,755.8361508831443,742.9996885933356,748.899658203125,12193800.0
2025-10-28,MSFT,545.511702993095,549.2013167264516,536.3570441492753,537.6464233398438,29986700.0
2025-10-28,NVDA,192.58860677151606,202.6644582837766,191.45133202040452,200.54953002929688,297986200.0
2025-10-28,SPY,679.7167206093349,681.5568533012904,677.520444889974,679.7266235351562,61738100.0
2025-10-28,TLT,87.77833366388303,88.09370667767978,87.74010596907246,87.9407958984375,23564500.0
2025-10-28,XOM,112.23705873398845,112.90762628074744,111.75114194114903,111.7900161743164,9535200.0
2025-10-29,AAPL,268.28892986747474,270.4110953948544,266.1269030442272,268.7073974609375,51086700.0
2025-10-29,GLD,369.6499938964844,370.0799865722656,361.3599853515625,363.0,18891800.0
2025-10-29,JPM,299.2605157595805,303.93414060421026,298.7675163425421,301.2325134277344,7520300.0
2025-10-29,META,752.1985111114485,756.5935760115584,739.9998990805568,749.12890625,26818600.0
2025-10-29,MSFT,540.4929653309738,541.8121286840217,532.3499420595073,537.130615234375,36023000.0
2025-10-29,NVDA,207.48289118740504,211.68283533037862,204.29054272961417,206.54513549804688,308829600.0
2025-10-29,SPY,681.3688612448931,682.338442194909,675.5813258562629,680.0531005859375,85657100.0
2025-10-29,TLT,87.80700543289893,87.81656417970545,86.98512819603792,87.0520248413086,39551600.0
2025-10-29,XOM,111.68313187663922,113.75314249285343,111.57622957183459,113.17003631591797,12570600.0
2025-10-30,AAPL,270.98897852374654,273.131090148023,267.49191714200913,270.4011535644531,69886500.0
2025-10-30,GLD,365.0899963378906,370.3599853515625,364.5,370.1300048828125,14812800.0
2025-10-30,JPM,301.50862332627236,308.233113206998,300.8282816526182,305.1075134277344,7514600.0
2025-10-30,META,666.8878512529341,678.6579231468259,647.9719749420648,664.2168579101562,88440100.0
2025-10-30,MSFT,526.150935240438,530.6042843733296,517.8591725476514,521.469482421875,41023100.0
2025-10-30,NVDA,204.65966800141675,205.66726375798942,200.9286166610889,202.4050750732422,178864400.0
2025-10-30,SPY,676.6004800474726,678.6186845559015,672.5739135742188,672.5739135742188,76335800.0
2025-10-30,TLT,86.3830623499444,86.93735303114133,86.34483465215277,86.54552459716797,42649200.0
2025-10-30,XOM,113.15059855578234,113.23806003026024,111.30411303360941,111.45960998535156,16172900.0
2025-10-31,AAPL,275.9705701844509,276.29937269597025,268.16940070155243,269.37493896484375,86167100.0
2025-10-31,GLD,370.4700012207031,370.6600036621094,365.5,368.1199951171875,11077900.0
2025-10-31,JPM,304.22008283002725,308.4894444595929,302.9481359332913,306.7639465332031,7721300.0
2025-10-31,META,672.2297387877188,672.6084590133829,643.3875718813117,646.1581420898438,56953200.0
2025-10-31,MSFT,524.5640822050067,525.0004940086545,510.89650476941233,513.5844116210938,34006400.0
2025-10-31,NVDA,205.95655376605836,207.4729250244422,201.58703290468912,202.0060272216797,179802200.0
2025-10-31,SPY,677.7282029402567,677.7678146457715,671.9901213244605,674.780029296875,87164100.0
2025-10-31,TLT,86.54551102096451,86.6410838960452,86.20146908599675,86.28748321533203,38247300.0
2025-10-31,XOM,110.76960662593272,111.98439873160424,109.44791222180191,111.13890075683594,20213400.0
2025-11-03,AAPL,269.42476736726525,269.8531775103368,265.2701011373342,268.0597839355469,50194600.0
2025-11-03,GLD,368.9100036621094,370.8399963378906,367.5400085449219,368.7799987792969,7254300.0
2025-11-03,JPM,306.6456604912348,307.9471862719047,301.9227172950412,305.0187683105469,7770000.0
2025-11-03,META,653.7823467127146,657.1011064498967,634.0293422915395,635.55419921875,33003600.0
2025-11-03,MSFT,515.5680732671589,520.6760707602963,510.3907002836433,512.810791015625,22374700.0
2025-11-03,NVDA,207.58268802254912,210.83489110171476,205.06870659183733,206.38555908203125,180267300.0
2025-11-03,SPY,678.3514127088982,678.480029971011,672.6825917853487,676.0463256835938,57315000.0
2025-11-03,TLT,85.95659572784561,86.14841737814692,85.76476676001741,86.07168579101562,40752300.0
2025-11-03,XOM,111.27494855892905,111.75114495268399,110.43917105956209,110.55579376220703,12290300.0
2025-11-04,AAPL,267.3424445625432,270.49081837885313,266.6350661079627,269.0461730957031,49274800.0
2025-11-04,GLD,363.4800109863281,365.739990234375,361.3900146484375,362.32000732421875,11540100.0
2025-11-04,JPM,302.415720333495,307.84858401169095,300.82827651560933,304.920166015625,7085200.0
2025-11-04,META,625.9168165443936,639.5705142822006,623.8937108241939,625.1992797851562,27356600.0
2025-11-04,MSFT,507.5837474278435,511.34279700787874,503.6957236126803,510.1327819824219,20958700.0
2025-11-04,NVDA,202.51481474882632,203.4824975937368,197.4569251230167,198.21511840820312,188919300.0
2025-11-04,SPY,668.8934850512616,672.702428076588,667.3798469971412,668.0327758789062,78427000.0
2025-11-04,TLT,86.1100484889692,86.37860171674744,86.07168269678279,86.26351165771484,26383800.0
2025-11-04,XOM,110.18649893854,111.12917878564296,109.34100839013,110.92509460449219,16860700.0
2025-11-05,AAPL,267.6214146886098,270.7000692568828,265.94760492323326,269.14581298828125,43683100.0
2025-11-05,GLD,366.3900146484375,367.1000061035156,364.6499938964844,366.510009765625,8357300.0
2025-11-05,JPM,305.27510663609064,308.7162632770978,301.35085025066564,307.3161315917969,6865200.0
2025-11-05,META,630.1724613898772,640.0589096060615,624.4219475211817,633.8001708984375,20219900.0
2025-11-05,MSFT,509.1112106662694,510.6287541811956,502.4460479183387,503.0213317871094,23024300.0
2025-11-05,NVDA,198.29492759193732,202.43500266122365,194.18476438007542,194.74343872070312,171350300.0
2025-11-05,SPY,667.7754935295252,673.5927374125945,666.9741415856171,670.3477783203125,74402400.0
2025-11-05,TLT,85.85109076077394,85.88945655395341,85.24683866510591,85.32357025146484,44643400.0
2025-11-05,XOM,110.87649817506842,111.9358007148948,110.46832981931985,110.4780502319336,12400900.0
2025-11-06,AAPL,266.90407480138714,272.3937751745226,266.90407480138714,268.7771301269531,51204000.0
2025-11-06,GLD,367.1600036621094,368.17999267578125,364.70001220703125,366.07000732421875,6891100.0
2025-11-06,JPM,306.63579903674446,310.4319009529449,305.9160390722913,309.03179931640625,7206100.0
2025-11-06,META,633.7004019945108,633.8499192315176,615.9107705740217,616.8475952148438,23628800.0
2025-11-06,MSFT,501.53353925537283,501.5732213085109,491.7639146320967,493.04339599609375,27406500.0
2025-11-06,NVDA,195.95052515240693,197.14765392942226,185.9345289438528,187.63046264648438,223029800.0
2025-11-06,SPY,669.2496813312496,670.150002278421,661.5824008089137,663.1554565429688,85035300.0
2025-11-06,TLT,85.89904474737708,86.17719126701455,85.87027223112612,86.09087371826172,33027400.0
2025-11-06,XOM,110.43917819613684,111.70256493900654,110.43917819613684,111.27495574951172,14219700.0
2025-11-07,AAPL,268.8069946610708,271.28785094446636,265.78814772800683,267.4819030761719,48227400.0
2025-11-07,GLD,367.94000244140625,370.4200134277344,366.4200134277344,368.30999755859375,11060400.0
2025-11-07,JPM,307.5232049313688,310.0276204199649,303.3327096940284,309.8106994628906,7302300.0
2025-11-07,META,614.4058914069517,620.0268394880455,599.1676024999227,619.6082763671875,29946800.0
2025-11-07,MSFT,492.89466053302914,495.304823297102,489.22484220934433,492.7657165527344,24019800.0
2025-11-07,NVDA,184.45805485831954,187.86989393508227,178.48238160939712,187.70028686523438,264942300.0
2025-11-07,SPY,660.781013040124,663.9172214121945,654.1525740278607,663.808349609375,100592400.0
2025-11-07,TLT,85.70721545775561,86.19637014302043,85.70721545775561,85.90863037109375,28530100.0
2025-11-07,XOM,111.96495486146412,114.2001752409251,111.66368880008984,113.91834259033203,17181100.0
2025-11-10,AAPL,268.2298525605972,272.98692304032335,266.733924572705,268.6985778808594,41312400.0
2025-11-10,GLD,375.92999267578125,378.6600036621094,374.7799987792969,378.3800048828125,13456200.0
2025-11-10,JPM,310.5896337890794,315.08578608051664,309.8106862822301,312.45318603515625,5794100.0
2025-11-10,META,628.9565496273584,632.8533046281837,616.0203887455347,629.624267578125,19245000.0
2025-11-10,MSFT,495.9593732946225,502.71379706788474,494.7294718777327,501.8707275390625,26101500.0
2025-11-10,NVDA,194.6436788693004,199.46213677715232,193.32682642239038,198.5742645263672,198897100.0
2025-11-10,SPY,670.011442763763,674.8987178962867,667.8250699305912,674.1666259765625,75842900.0
2025-11-10,TLT,85.8319053533344,86.0045477661875,85.73599452786645,85.88945770263672,24093500.0
2025-11-10,XOM,114.13214580783787,115.11369245227725,112.20791192555146,114.89017486572266,13048000.0
2025-11-11,AAPL,269.07757258136417,275.16101963639426,269.0675899882029,274.5028076171875,46208300.0
2025-11-11,GLD,379.9800109863281,380.3999938964844,376.8699951171875,379.8699951171875,10753200.0
2025-11-11,JPM,313.0546102409576,314.58289630207906,310.86569176259013,311.200927734375,5030200.0
2025-11-11,META,625.8769557835792,627.431679546322,617.29607772438,624.9600830078125,13302200.0
2025-11-11,MSFT,500.68055811559174,505.4414057875519,498.2505695472254,504.5289001464844,17980000.0
2025-11-11,NVDA,194.69355355890158,194.9529266552934,190.84277869998112,192.69833374023438,176483300.0
2025-11-11,SPY,672.6925881240425,676.2739453424548,671.4855783543771,675.7100219726562,58953400.0
2025-11-11,TLT,86.27310630656649,86.3882036947177,86.11005716149782,86.28269958496094,18942300.0
2025-11-11,XOM,115.48300329784361,117.4072299208323,115.48300329784361,116.40624237060547,16077100.0
2025-11-12,AAPL,274.2535066981436,274.9815360542478,270.9624767916609,272.7276611328125,48398000.0
2025-11-12,GLD,380.07000732421875,387.4599914550781,379.44000244140625,385.989990234375,16203700.0
2025-11-12,JPM,311.83200002815875,317.7381233989844,311.782682032414,315.92388916015625,10578300.0
2025-11-12,META,626.0065293511232,626.8636074098682,605.7153735895874,606.951171875,24493300.0
2025-11-12,MSFT,505.203338237195,507.494515261433,495.0469117437556,506.9688415527344,26574900.0
2025-11-12,NVDA,195.25221648764446,195.4218083488666,190.673190567689,193.33680725097656,154935300.0
2025-11-12,SPY,677.4809224347684,677.6491514285055,673.6819422079296,676.0859985351562,62312500.0
2025-11-12,TLT,86.27310077442222,86.62797887698683,86.20596246502102,86.4361572265625,23594900.0
2025-11-12,XOM,115.74538444838527,115.92031479926958,114.47228475914534,114.7929916381836,13790900.0
2025-11-13,AAPL,273.36590026791555,275.9488963676571,271.3513946141157,272.2090759277344,49602800.0
2025-11-13,GLD,387.2900085449219,388.17999267578125,381.2099914550781,382.8699951171875,15867900.0
2025-11-13,JPM,314.7604311532612,316.14082355780937,304.7722577523736,305.1469421386719,8973300.0
2025-11-13,META,610.9974282481795,615.5619618736964,600.9614641591972,607.8281860351562,20973800.0
2025-11-13,MSFT,506.1455939798088,509.3095642884979,497.1992129195551,499.1828918457031,25273100.0
2025-11-13,NVDA,190.59337913278358,190.9824463944715,183.41059072037282,186.41339111328125,207423100.0
2025-11-13,SPY,673.2367288900627,673.5928719621189,663.3632690735044,664.8670043945312,103457800.0
2025-11-13,TLT,86.12923179733004,86.26350840615783,85.72639465332031,85.72639465332031,33825900.0
2025-11-13,XOM,115.28862536860791,116.38680215875796,114.9484850676996,115.44412231445312,17291900.0
2025-11-14,AAPL,270.31420819279356,275.21088338895913,268.8681625557137,271.6705322265625,47431300.0
2025-11-14,GLD,372.8699951171875,378.20001220703125,370.8900146484375,375.9599914550781,15198000.0
2025-11-14,JPM,303.20448907001065,303.3326737235763,297.012418045434,299.35906982421875,10327000.0
2025-11-14,META,599.7556041676178,611.6054241702889,593.1879159768617,607.3997192382812,20724100.0
2025-11-14,MSFT,494.16416907736203,507.42505738590404,493.38060745410195,506.0166320800781,28505700.0
2025-11-14,NVDA,182.42294356130517,190.55345800755302,180.14839424900484,189.71546936035156,186591900.0
2025-11-14,SPY,658.2780414721369,668.4482860302248,656.1905771441307,664.7581176757812,96846700.0
2025-11-14,TLT,86.11964255755205,86.1675943100806,85.23725128173828,85.23725128173828,38550500.0
2025-11-14,XOM,116.12054640396673,117.13029659441288,114.36575532080614,116.94403076171875,17064300.0
2025-11-17,AAPL,268.0903024129557,269.75575219797963,265.00869378967747,266.7339782714844,45018300.0
2025-11-17,GLD,374.0400085449219,375.4599914550781,368.5199890136719,371.6499938964844,13295200.0
2025-11-17,JPM,299.74363974118836,301.31137424610444,293.5022804823602,296.1644592285156,8344000.0
2025-11-17,META,606.980994504603,609.6220599721263,593.3871535288397,599.9747924804688,16501300.0
2025-11-17,MSFT,504.3007594029326,507.9407930820625,500.78963942134817,503.34857177734375,19092800.0
2025-11-17,NVDA,185.52552307898492,188.54828000089623,183.87947275520656,186.15402221679688,173628900.0
2025-11-17,SPY,662.5519561070769,666.5191649555097,655.1022987242936,658.56494140625,90456100.0
2025-11-17,TLT,85.43867148570683,85.64967969895045,85.34276065719442,85.44825744628906,25605800.0
2025-11-17,XOM,116.63031603758692,117.14989176671764,114.80689452973157,115.36568450927734,16034900.0
2025-11-18,AAPL,269.25705465795,269.97510130800674,264.59974924229334,266.7139892578125,45677300.0
2025-11-18,GLD,374.8299865722656,375.5400085449219,371.6199951171875,374.3500061035156,7818800.0
2025-11-18,JPM,295.3066623130797,298.70837045931603,292.8613742767781,295.2179260253906,8077300.0
2025-11-18,META,589.6000552799869,601.6192836786712,581.8065445386262,595.6694946289062,25500600.0
2025-11-18,MSFT,491.3275301094218,498.87544447228873,482.8076324047851,489.76043701171875,33815100.0
2025-11-18,NVDA,182.94172058465782,184.3583249108488,179.22062444838815,180.92654418945312,213598900.0
2025-11-18,SPY,655.0330664835586,658.0208519047019,648.8596786437042,653.03466796875,114467500.0
2025-11-18,TLT,85.69762587696955,85.7935366992398,85.17011269571991,85.41947937011719,31967400.0
2025-11-18,XOM,114.9539526464096,117.13029505260532,114.18929341814709,116.68914031982422,15808500.0
2025-11-19,AAPL,264.80921977983166,271.47107967039307,264.77930243197466,267.83099365234375,40424500.0
2025-11-19,GLD,377.7799987792969,380.1700134277344,373.0299987792969,374.9599914550781,10980400.0
2025-11-19,JPM,295.5432899586994,300.1873662746028,295.0798692888629,299.02386474609375,5546600.0
2025-11-19,META,591.7128101062766,593.3174134864839,579.2849960343485,588.3243408203125,24744700.0
2025-11-19,MSFT,486.1005289347495,491.14898819063853,478.88983663624714,483.14483642578125,23245300.0
2025-11-19,NVDA,184.3483273978252,187.41099710874653,182.39302051116815,186.07420349121094,247246400.0
2025-11-19,SPY,653.7271433162842,660.217122241199,651.718781691756,655.557373046875,94703000.0
2025-11-19,TLT,85.58254796193214,85.65927224011995,85.2180765410472,85.2468490600586,25782400.0
2025-11-19,XOM,114.55201596702355,115.85586186327224,113.65011056424346,115.04218292236328,15919200.0
2025-11-20,AAPL,270.09480618650156,274.68232536305425,265.1981613886433,265.5272521972656,45823600.0
2025-11-20,GLD,375.2900085449219,377.69000244140625,371.8500061035156,374.8500061035156,10506500.0
2025-11-20,JPM,302.05090502503106,305.58079800315744,293.98544109490615,294.2023620605469,7501600.0
2025-11-20,META,601.4597887996167,604.6688739678727,581.3778841958236,587.1583251953125,20603000.0
2025-11-20,MSFT,489.60385435710714,490.45844852333465,472.50235794747454,475.41387939453125,26802500.0
2025-11-20,NVDA,195.4816571057099,195.53154064523628,179.42014682895694,180.208251953125,343504800.0
2025-11-20,SPY,665.7276649913678,668.3494043558474,644.9320631333248,645.5652465820312,165293500.0
2025-11-20,TLT,85.35234003832142,85.76476315490729,85.35234003832142,85.58253479003906,32945000.0
2025-11-20,XOM,115.65979317287263,116.66953586139736,114.44417378999563,114.71866607666016,14401000.0
2025-11-21,AAPL,265.2280517805383,272.5879921198442,264.9488130991126,270.75299072265625,59030800.0
2025-11-21,GLD,374.0299987792969,377.2300109863281,372.94000244140625,374.2699890136719,13194600.0
2025-11-21,JPM,297.07161725529045,297.45614117965755,288.7103357437745,293.8473815917969,11766800.0
2025-11-21,META,586.5105272163902,596.0980011467227,579.8929596850738,592.2410888671875,21052600.0
2025-11-21,MSFT,475.4834301610789,475.9007957312625,465.3179114267742,469.1436462402344,31769200.0
2025-11-21,NVDA,180.80682891210233,184.11888595894638,172.51667761994415,178.4524688720703,346926200.0
2025-11-21,SPY,648.0582892153691,657.4568906385811,643.9031059831046,651.995849609375,123956200.0
2025-11-21,TLT,85.98536922674764,86.00454846498629,85.55375953234456,85.84149932861328,41938600.0
2025-11-21,XOM,114.68926239644966,115.07159202420067,113.3756185430189,114.77749633789062,15667600.0
2025-11-24,AAPL,270.164627965921,276.24807542504453,270.164627965921,275.1710205078125,65585800.0
2025-11-24,GLD,374.8800048828125,380.2799987792969,374.19000244140625,380.20001220703125,10085300.0
2025-11-24,JPM,294.0642973394352,295.6221924256846,290.386540762355,293.8276672363281,10940200.0
2025-11-24,META,596.6958461556452,614.6151015739796,595.6095652409326,610.9774169921875,23554900.0
2025-11-24,MSFT,472.0055061050608,473.89352206444323,465.0694984877541,471.0118103027344,34421000.0
2025-11-24,NVDA,179.06102433247585,183.06143495137792,176.05820849098825,182.11370849609375,256618300.0
2025-11-24,SPY,655.6167748873626,662.9081062970187,654.5285399004904,661.59228515625,80437900.0
2025-11-24,TLT,86.27309798230363,86.38819535934938,86.11004885296713,86.33065032958984,30865700.0
2025-11-24,XOM,114.89512993221705,114.89512993221705,112.48350943901481,113.68932342529297,18034900.0
2025-11-25,AAPL,274.52277261748515,279.6189174225992,274.50283786370125,276.2181701660156,46914200.0
2025-11-25,GLD,380.260009765625,382.5199890136719,378.05999755859375,380.0799865722656,10462800.0
2025-11-25,JPM,295.84892096661844,300.2366275598507,291.4217960873232,298.75762939453125,8877200.0
2025-11-25,META,621.8904932046078,634.8963639496133,616.209750572071,634.0691528320312,25213000.0
2025-11-25,MSFT,471.08139630740516,476.12935785467323,461.95927573241335,473.98297119140625,28019800.0
2025-11-25,NVDA,174.49197074476177,177.73420328176402,169.14478047484366,177.39501953125,320600300.0
2025-11-25,SPY,661.4934352510542,668.9925476262177,657.3877057953216,667.8152465820312,81077100.0
2025-11-25,TLT,86.61836204602784,86.88691521060795,86.44571968057993,86.55122375488281,36503300.0
2025-11-25,XOM,112.91485565149314,113.62069723587572,111.94432721264401,112.2580337524414,14434600.0
2025-11-26,AAPL,276.2081750495132,278.7712060098946,275.8790842359358,276.79656982421875,33431400.0
2025-11-26,GLD,381.05999755859375,383.7799987792969,380.4599914550781,383.1199951171875,9184100.0
2025-11-26,JPM,300.7296512123902,304.21022597199055,298.95486530692773,303.33270263671875,7910900.0
2025-11-26,META,635.5342418532664,636.2019598341516,629.4947305871518,631.468017578125,15209500.0
2025-11-26,MSFT,483.244222260298,485.23161394332453,478.1664510662567,482.4393310546875,25709100.0
2025-11-26,NVDA,181.1958831941039,182.4728225932506,177.81398638784032,179.8291473388672,183852000.0
2025-11-26,SPY,670.3973686817876,674.4239350690651,669.4970476879164,672.4254760742188,71879600.0
2025-11-26,TLT,86.46493020812488,86.93489837646484,86.15801117527656,86.93489837646484,34099000.0
2025-11-26,XOM,112.160003247741,113.46384162902656,112.06196387586725,112.5129165649414,11650600.0
2025-11-28,AAPL,276.50736791500816,278.242634823177,275.2407959413455,278.0930480957031,20135600.0
2025-11-28,GLD,385.9800109863281,388.0,384.989990234375,387.8800048828125,7175400.0
2025-11-28,JPM,304.7722465716023,309.3275563846455,303.9242719247256,308.6965026855469,4322400.0
2025-11-28,META,633.9297145559904,645.8592201326509,633.351658244955,645.7595825195312,11033200.0
2025-11-28,MSFT,484.5260924315005,489.5243812398697,483.5820692635899,488.9082946777344,14386700.0
2025-11-28,NVDA,178.58215589898685,178.86148547381688,176.0781603452176,176.57696533203125,121332800.0
2025-11-28,SPY,673.5928002628821,676.3728052050843,673.2366572287348,676.0958251953125,49212000.0
2025-11-28,TLT,86.76224927148658,86.82938757607131,86.27309458521141,86.52246856689453,40704300.0
2025-11-28,XOM,112.68937191455296,116.40483806561917,112.5619312079222,113.64029693603516,7240800.0
2025-12-01,AAPL,277.2553332443013,282.65065109438723,275.3904143522869,282.3315124511719,46587700.0
2025-12-01,GLD,390.6099853515625,390.70001220703125,388.05999755859375,389.75,11177100.0
2025-12-01,JPM,308.5683618849884,309.6430970545817,304.2201032083801,304.59478759765625,7727300.0
2025-12-01,META,637.3878853503733,643.1383983949365,635.6039586340122,638.7034301757812,13029900.0
2025-12-01,MSFT,485.3607732415945,486.7718042788117,481.59465771305275,483.6714782714844,23964000.0
2025-12-01,NVDA,174.34228931397226,179.86905632530258,173.26486886531237,179.48995971679688,188131000.0
2025-12-01,SPY,671.5647168500374,675.7000943604489,671.4954567492206,673.0091552734375,61201200.0
2025-12-01,TLT,85.52238676561907,85.65714289565943,85.38763063557872,85.44538116455078,47086600.0
2025-12-01,XOM,113.81676607945676,115.10100859456215,113.81676607945676,114.33634185791016,12658100.0
2025-12-02,AAPL,282.231773534172,286.619823290159,281.86278279875575,285.4131164550781,53669500.0
2025-12-02,GLD,388.8699951171875,388.9800109863281,382.9100036621094,387.239990234375,8103900.0
2025-12-02,JPM,304.4172805196406,306.1329390093465,302.7903884074122,303.5693359375,7249000.0
2025-12-02,META,640.1685571180485,645.6798309839221,635.9129726489192,644.9124145507812,11640900.0
2025-12-02,MSFT,483.6516286444489,490.38888506208144,483.2541563831954,486.91094970703125,19562700.0
2025-12-02,NVDA,181.32559224007645,185.21628046187368,179.56980408021653,181.0263214111328,182632200.0
2025-12-02,SPY,674.6414676887413,676.5212120744054,672.0791460292079,674.2556762695312,62953800.0
2025-12-02,TLT,85.26248956884763,85.62825510492804,85.14698118414249,85.48387145996094,27605700.0
2025-12-02,XOM,114.15008279695115,114.3069323331814,112.43449845560603,113.11092376708984,14607700.0
2025-12-03,AAPL,285.4230848596457,287.8364984098337,282.5309329409685,283.3786315917969,43538700.0
2025-12-03,GLD,388.4599914550781,390.1300048828125,385.8299865722656,386.8800048828125,7886800.0
2025-12-03,JPM,302.89885953876745,307.98658713845214,302.50443592551073,307.75982666015625,8535300.0
2025-12-03,META,642.2314810232181,646.6564735939825,635.3946865356451,637.437744140625,11134300.0
2025-12-03,MSFT,473.3171775583083,481.18723109312356,472.2042431453193,474.7182922363281,34615100.0
2025-12-03,NVDA,180.64719551618873,182.013916155068,178.68190287158453,179.16075134277344,165138000.0
2025-12-03,SPY,673.3059439079583,677.5995871066391,672.4353317565424,676.5905151367188,57238500.0
2025-12-03,TLT,85.58975407975738,85.82077085394437,85.41649517094584,85.7245101928711,23278600.0
2025-12-03,XOM,113.66971368830343,115.65979780503157,113.60109061388896,115.48333740234375,16819100.0
2025-12-04,AAPL,283.3287830094401,283.95707766942763,277.83373081751637,279.9380187988281,43989100.0
2025-12-04,GLD,386.9200134277344,388.0,385.3999938964844,387.1300048828125,6754400.0
2025-12-04,JPM,308.87405237571005,314.0308078212495,308.61768301012796,311.6742858886719,9627800.0
2025-12-04,META,673.7147555733686,673.8143931879296,657.8186630061315,659.293701171875,29874600.0
2025-12-04,MSFT,476.7355376297969,478.28570075231454,473.48613274494215,477.8087158203125,22318200.0
2025-12-04,NVDA,181.19598816136636,184.08922700452197,179.53987513877786,182.95188903808594,167364900.0
2025-12-04,SPY,677.9854045442221,678.05466464181,674.0677104452674,677.0851440429688,61970300.0
2025-12-04,TLT,85.58013952593008,85.59938725321818,85.16624362448587,85.26249694824219,25541500.0
2025-12-04,XOM,115.1892321392773,116.01270901724688,114.36575526130771,114.83631134033203,13686900.0
2025-12-05,AAPL,279.77845592816414,280.37683325787106,277.2951945750906,278.0232238769531,47265800.0
2025-12-05,GLD,389.1199951171875,391.739990234375,386.17999267578125,386.44000244140625,9449800.0
2025-12-05,JPM,311.2207252653726,314.02095869272745,310.27414460153136,310.6291198730469,6518900.0
2025-12-05,META,661.7552947151958,672.4091587454953,660.1507520483126,671.1434326171875,21207900.0
2025-12-05,MSFT,479.4780948278929,480.35255199911325,475.86105782216015,480.11407470703125,22608700.0
2025-12-05,NVDA,183.4606866221248,184.22889322931675,180.4876480440623,181.98414611816406,143971100.0
2025-12-05,SPY,678.1535936302283,681.0424704296607,677.2731389541586,678.3712768554688,79241000.0
2025-12-05,TLT,85.2336165171452,85.2336165171452,84.75234258388895,84.86784362792969,32808100.0
2025-12-05,XOM,114.4539847645169,116.44406141854374,114.12067482295866,114.24811553955078,12516900.0
2025-12-08,AAPL,277.37501993231956,278.91084811822003,275.4003836933047,277.13568115234375,38211800.0
2025-12-08,GLD,387.0199890136719,387.239990234375,384.010009765625,385.4200134277344,6822100.0
2025-12-08,JPM,310.64879808375287,312.0390600856641,308.96274846028484,310.79669189453125,7417200.0
2025-12-08,META,667.0772897369646,674.4223702205642,662.821705218268,664.5458374023438,13161000.0
2025-12-08,MSFT,481.8331697469475,489.19642891935564,481.3263751862239,487.92449951171875,21965900.0
2025-12-08,NVDA,182.21361127014939,187.5610985176648,181.97416608957425,185.1168212890625,204378100.0
2025-12-08,SPY,679.2616800097057,679.3111342559135,674.2952418630646,676.333251953125,55231500.0
2025-12-08,TLT,84.88710181347331,84.89672200505818,84.28069193537151,84.58870697021484,32255200.0
2025-12-08,XOM,113.55207561874306,114.69906446838193,112.77761095258792,113.69912719726562,14904200.0
2025-12-09,AAPL,277.40493251311347,279.2698514894354,276.16830825817004,276.4275817871094,32193300.0
2025-12-09,GLD,385.6199951171875,388.2099914550781,385.2699890136719,387.3999938964844,6358700.0
2025-12-09,JPM,310.5403783790639,314.336450228146,295.8193913272319,296.30255126953125,18049200.0
2025-12-09,META,661.5261117632423,662.2336726422647,651.1313781996487,654.7391357421875,12997100.0
2025-12-09,MSFT,486.01663804004494,489.0175885389743,485.4204144751398,488.918212890625,14696100.0
2025-12-09,NVDA,185.12679644575,185.2864265695677,182.89203560496765,184.53817749023438,144719700.0
2025-12-09,SPY,675.8584445640498,678.0745263345831,675.3044241214166,675.7495727539062,58310100.0
2025-12-09,TLT,85.03147676315916,85.04110429824769,84.55020281993913,84.67533874511719,25771800.0
2025-12-09,XOM,114.60103497720259,118.10082671847627,114.59122954393455,115.92448425292969,23790800.0
2025-12-10,AAPL,276.9960211276047,278.9905919368044,275.68957968235776,278.0232238769531,33038300.0
2025-12-10,GLD,385.95001220703125,389.760009765625,384.5,389.04998779296875,9120500.0
2025-12-10,JPM,296.292632599085,306.8329619363725,294.2811866679717,305.76806640625,18874100.0
2025-12-10,META,647.7527447265774,652.2973264314004,641.2249002906431,647.93212890625,16910900.0
2025-12-10,MSFT,480.97857754952304,481.19719183884354,472.084987996716,475.5430603027344,35756200.0
2025-12-10,NVDA,184.53819180758595,185.0469957406681,181.61502392815055,183.35096740722656,162785400.0
2025-12-10,SPY,675.2747265375898,681.616283144729,674.0380683519487,680.2312622070312,85671300.0
2025-12-10,TLT,84.70421412828097,85.20473579873874,84.56945801147857,85.00260162353516,46833500.0
2025-12-10,XOM,116.39504935161389,117.51262941956048,116.04212854285664,117.18911743164062,19845200.0
2025-12-11,AAPL,278.34237127554803,278.8310314000742,273.0667227973629,277.2752685546875,33248000.0
2025-12-11,GLD,389.0199890136719,394.0899963378906,388.5,393.239990234375,11240600.0
2025-12-11,JPM,304.9102649889192,313.5476242674454,304.9102649889192,312.9363098144531,9721900.0
2025-12-11,META,641.1152803360264,653.0647981949571,638.6337077300913,650.5034790039062,13056700.0
2025-12-11,MSFT,473.6252734590456,482.96600869209163,472.86010822118624,480.4221496582031,24669200.0
2025-12-11,NVDA,179.85912243695617,180.89670300875093,176.20766331092784,180.50759887695312,182136600.0
2025-12-11,SPY,677.82719343181,681.8933109790751,674.8888622374254,681.8141479492188,86173700.0
2025-12-11,TLT,85.36836648896204,85.50312259308589,84.85821733139933,84.88709259033203,26778700.0
2025-12-11,XOM,116.76757354781135,117.99299094506455,116.72835929357674,117.18911743164062,14781800.0
2025-12-12,AAPL,277.14562382282355,278.4620479370953,276.0685689150702,277.52459716796875,39532900.0
2025-12-12,GLD,399.1600036621094,400.3900146484375,391.4700012207031,395.44000244140625,16792100.0
2025-12-12,JPM,315.2041261224818,315.7858618718594,312.16726270211575,314.06036376953125,8982900.0
2025-12-12,META,647.6033016180266,708.5964236692454,636.4511276224844,642.0521240234375,14016900.0
2025-12-12,MSFT,476.79515128743174,479.4085762318817,473.3370788032073,475.5132751464844,21248100.0
2025-12-12,NVDA,180.6871989054384,182.39321360477518,174.21234434473615,174.61141967773438,204274900.0
2025-12-12,SPY,680.8248329648462,681.5272765513724,671.9208940415416,674.4832763671875,113160300.0
2025-12-12,TLT,84.10742674463552,84.22293512795615,83.92454765061596,84.06892395019531,47030100.0
2025-12-12,XOM,117.09107842247377,117.56163448599445,115.98329637586768,116.48326873779297,14459500.0
2025-12-15,AAPL,279.3894873363706,279.3894873363706,272.0993337942639,273.3658752441406,50409100.0
2025-12-15,GLD,397.760009765625,398.7099914550781,394.07000732421875,395.79998779296875,11345000.0
2025-12-15,JPM,315.1153648797306,318.3593094805321,313.9321843288561,315.5393371582031,10864100.0
2025-12-15,META,644.0420011784053,651.3232442601446,637.0599755890928,645.8473510742188,15549100.0
2025-12-15,MSFT,477.0733729131614,477.6894594742654,469.5411415575728,471.82666015625,23727700.0
2025-12-15,NVDA,177.52459033283526,178.0034654802094,174.6213802569945,175.87843322753906,164775600.0
2025-12-15,SPY,678.4207075198718,678.4405133715769,671.999988545765,673.4641723632812,90811000.0
2025-12-15,TLT,84.43470112373558,84.5887049656789,84.11705856117698,84.1266860961914,28611800.0
2025-12-15,XOM,116.66953969111152,116.68914307822224,114.55201487415584,115.44412231445312,16358700.0
2025-12-16,AAPL,272.07941349564567,274.752131096348,271.0522107383373,273.8645324707031,37648600.0
2025-12-16,GLD,397.75,398.7099914550781,394.5899963378906,395.8900146484375,9201600.0
2025-12-16,JPM,314.62240273148194,315.0463750601788,309.99806522837446,311.1319580078125,8331300.0
2025-12-16,META,641.8476715248971,660.8387602004772,641.5484540168895,655.462646484375,14309100.0
2025-12-16,MSFT,468.9350114671635,474.87732355778707,467.911505956298,473.38677978515625,20705600.0
2025-12-16,NVDA,175.84850127733236,178.0733061224419,174.4916756985292,177.3050994873047,148588100.0
2025-12-16,SPY,671.9802275249427,673.8105178026394,667.7755898483048,671.6240844726562,122030600.0
2025-12-16,TLT,83.92455391163065,84.62720976752748,83.9052988411455,84.58870697021484,41018700.0
2025-12-16,XOM,114.47358447642657,114.54220754921194,112.35606717379666,112.42469024658203,17638700.0
2025-12-17,AAPL,274.2634896625032,275.41036187784255,270.9026424636208,271.1020812988281,50138700.0
2025-12-17,GLD,398.0799865722656,399.9800109863281,397.25,399.2900085449219,10456900.0
2025-12-17,JPM,313.9716244610726,314.8984658400699,310.2544194174254,310.5699462890625,8718700.0
2025-12-17,META,653.9265721002572,659.5321367260491,647.5330578779101,647.832275390625,15598500.0
2025-12-17,MSFT,473.903466892556,476.9739832708393,472.0055042784347,473.1184387207031,24527200.0
2025-12-17,NVDA,175.68888113429998,175.71880987812392,169.91239000563186,170.54092407226562,222775500.0
2025-12-17,SPY,672.6331978735437,673.1773153631458,664.035948310003,664.2338256835938,110625200.0
2025-12-17,TLT,84.3480800060845,84.69459787936891,84.29995701147524,84.51171875,24668300.0
2025-12-17,XOM,112.94426650972589,115.30687477346801,112.90505225662412,115.10100555419922,18502200.0
2025-12-18,AAPL,272.86723904028526,272.8872042261758,266.22534517191764,271.45111083984375,51630700.0
2025-12-18,GLD,398.2799987792969,402.2099914550781,396.04998779296875,398.57000732421875,11837600.0
2025-12-18,JPM,311.57564186364317,313.2518519730792,307.84856735129125,308.6176452636719,11444900.0
2025-12-18,META,655.3429055936973,668.838131561853,654.7743619360156,662.7438354492188,20260300.0
2025-12-18,MSFT,475.1754171439269,486.51349034093164,474.87732052138307,480.9289245605469,28573500.0
2025-12-18,NVDA,174.1225483861358,175.7387615308714,171.41888356310693,173.73345947265625,176096000.0
2025-12-18,SPY,670.3676386439364,673.47413846835,667.6965052957117,669.2496948242188,108650100.0
2025-12-18,TLT,84.82935196935973,85.06998896758134,84.77160143975725,84.91598510742188,39048900.0
2025-12-18,XOM,114.68926281028475,114.68926281028475,113.35600808534332,114.24811553955078,13705600.0
2025-12-19,AAPL,271.41126100078174,273.854622814086,269.1673684747946,272.9271545410156,144632000.0
2025-12-19,GLD,397.9200134277344,400.6300048828125,397.1700134277344,399.0199890136719,9894800.0
2025-12-19,JPM,309.39657764946713,314.099781180705,308.8049723403709,312.7686767578125,24494400.0
2025-12-19,META,664.7087499822148,669.2770065062657,656.4899183910027,657.0784301757812,49977100.0
2025-12-19,MSFT,484.2875835443981,484.7745151206103,479.44828972039977,482.856689453125,70836100.0
2025-12-19,NVDA,176.25756723043006,181.02640724251643,175.9283357789888,180.56748962402344,324925900.0
2025-12-19,SPY,671.3463691548195,675.8114935895343,671.2272434527378,675.3153686523438,103599500.0
2025-12-19,TLT,84.65701244753957,84.80195801260078,84.46375660894974,84.59903717041016,37858100.0
2025-12-19,XOM,114.45398212999562,115.25785562394006,113.67951745617594,114.3951644897461,45412800.0
2025-12-22,AAPL,272.1192896847017,273.13654030849926,269.7756932559407,270.23443603515625,36571800.0
2025-12-22,GLD,406.9800109863281,408.5199890136719,405.7200012207031,408.2300109863281,14202100.0
2025-12-22,JPM,313.064515200958,318.7044300194866,313.064515200958,318.5663757324219,8354600.0
2025-12-22,META,659.9510307809619,671.850389464676,654.9638698467097,659.8013916015625,15659400.0
2025-12-22,MSFT,483.05539282771,485.6489546100234,479.6470235443271,481.86297607421875,16963000.0
2025-12-22,NVDA,183.49062822521734,183.73007341419415,181.9243013805983,183.26116943359375,129064400.0
2025-12-22,SPY,678.6394050189502,680.0483829319917,675.3153920494597,679.5225219726562,69556700.0
2025-12-22,TLT,84.47342633523502,84.51207898293481,84.30915811168994,84.41545104980469,25547100.0
2025-12-22,XOM,115.03237102421896,116.13034763504118,115.03237102421896,115.82644653320312,11768600.0
2025-12-23,AAPL,270.1048034873943,271.7603010837797,268.8282792538215,271.62066650390625,29642000.0
2025-12-23,GLD,410.29998779296875,413.760009765625,407.1000061035156,413.6400146484375,13193300.0
2025-12-23,JPM,319.07908304324746,323.1907116116738,318.56637445826755,321.3666076660156,6668300.0
2025-12-23,META,658.3551466507428,664.2898807338869,656.559780770392,663.2326049804688,8486800.0
2025-12-23,MSFT,481.922585996358,484.75459468390824,481.6840783901604,483.7807922363281,14683600.0
2025-12-23,NVDA,182.54285710968043,188.88801027625055,182.47301321780614,188.76829528808594,174873600.0
2025-12-23,SPY,678.6194459960617,682.8663040830753,678.569845619967,682.628173828125,64840000.0
2025-12-23,TLT,84.13522111537134,84.62803313617594,84.09656846940251,84.55072784423828,33624100.0
2025-12-23,XOM,116.14015795769345,117.66947644340163,115.99310637729363,117.07147216796875,12567600.0
2025-12-24,AAPL,271.60070067851706,274.6823088952694,271.46109654935304,273.06671142578125,17910600.0
2025-12-24,GLD,412.25,412.6300048828125,408.8299865722656,411.92999267578125,6718400.0
2025-12-24,JPM,321.6722493328215,325.36974495293686,320.9426198260136,324.5612487792969,4289300.0
2025-12-24,META,660.8287474650539,666.4642025505667,660.4995778116346,665.8358154296875,5627500.0
2025-12-24,MSFT,482.61817584356095,486.0762481946253,481.77352833631136,484.94342041015625,5855900.0
2025-12-24,NVDA,187.50124372172942,188.4689804086018,186.154389299292,188.169677734375,65528500.0
2025-12-24,SPY,682.6183200290311,685.4760045408373,682.4694583215327,685.0294799804688,39445600.0
2025-12-24,TLT,84.80197005456994,85.11118386356496,84.69567711658051,85.0628662109375,25942000.0
2025-12-24,XOM,116.9832416812017,117.68908325934501,116.77737246746888,116.87540435791016,6137400.0
2025-12-26,AAPL,273.41578359787746,274.6224904749486,272.11929424741834,272.6578369140625,21521800.0
2025-12-26,GLD,416.4800109863281,418.45001220703125,414.75,416.739990234375,10476200.0
2025-12-26,JPM,324.50208933838474,326.22758744424,321.96809498869885,323.31890869140625,4158300.0
2025-12-26,META,666.3445631389869,667.2322924211887,659.6218797502219,661.5867919921875,7133800.0
2025-12-26,MSFT,483.64171061957336,485.04282544173617,482.8964387136479,484.6354064941406,8842200.0
2025-12-26,NVDA,189.47662851874142,192.240166195598,187.5611125998212,190.085205078125,139740300.0
2025-12-26,SPY,685.2874813951044,686.2995351048382,683.9281038851597,684.9600219726562,41613300.0
2025-12-26,TLT,85.1304973396224,85.19813762267823,84.64735035429851,84.78263092041016,26522700.0
2025-12-26,XOM,116.55188822732707,117.19891214397869,116.19896745085411,116.76756286621094,8066100.0
2025-12-29,AAPL,271.9497734782625,273.61522314661676,271.6107000753325,273.0168762207031,23715200.0
2025-12-29,GLD,403.6600036621094,403.760009765625,395.3299865722656,398.6000061035156,20679200.0
2025-12-29,JPM,322.4216288798564,323.1808371734579,319.0002116144308,319.2171325683594,8635300.0
2025-12-29,META,656.3204105957403,658.5546491157273,652.7097106878265,656.9986572265625,8506500.0
2025-12-29,MSFT,481.80333660098637,485.27135560420123,481.1276307272214,484.02923583984375,10893400.0
2025-12-29,NVDA,187.2717899684254,188.31932652162573,185.47598909796272,187.7805938720703,120006100.0
2025-12-29,SPY,682.2114479341877,683.8586166189733,680.7528697076866,682.51904296875,62559500.0
2025-12-29,TLT,84.98555878357922,85.10151672363281,84.83095556907963,85.10151672363281,29399800.0
2025-12-29,XOM,117.787120887003,118.9145063803753,117.05187045384986,118.1596450805664,14782500.0
2025-12-30,AAPL,272.06942798009953,273.3359694836473,271.54086793463244,272.33868408203125,22139600.0
2025-12-30,GLD,403.6000061035156,403.79998779296875,398.55999755859375,398.8900146484375,10179000.0
2025-12-30,JPM,320.2623075229155,320.39049219725354,317.97478280166575,318.89178466796875,7904300.0
2025-12-30,META,656.9986830428769,670.4939103829213,656.1508899406441,664.2400512695312,9187500.0
2025-12-30,MSFT,482.8666136001516,486.5929730105466,482.43933166580535,484.4068603515625,13944500.0
2025-12-30,NVDA,187.8005508490403,188.5487999407664,186.49359631469858,187.1021728515625,97687300.0
2025-12-30,SPY,682.1222002850684,683.2235831301442,681.2589477241032,681.6856079101562,47160700.0
2025-12-30,TLT,84.7826245367437,85.072515655006,84.71498425878082,84.8985824584961,25106800.0
2025-12-30,XOM,118.71843302977904,119.40467124297325,118.2576749030489,118.610595703125,11150500.0
2025-12-31,AAPL,272.3187639976345,272.9370761103812,271.0123224859311,271.12200927734375,27293600.0
2025-12-31,GLD,398.6000061035156,400.1300048828125,395.5899963378906,396.30999755859375,10194700.0
2025-12-31,JPM,319.79886991908165,320.3313177342217,317.5310845539587,317.70855712890625,5048500.0
2025-12-31,META,663.0430880640301,663.2924461264837,657.7467252526537,658.3950805664062,7940400.0
2025-12-31,MSFT,484.7645645601486,485.06269150087525,480.25317705215497,480.5711669921875,15601600.0
2025-12-31,NVDA,189.12744593978846,190.11512498868174,186.05463453876877,186.06460571289062,120100500.0
2025-12-31,SPY,681.8145855439083,682.0328514439952,676.4266760541103,676.635009765625,74144800.0
2025-12-31,TLT,84.72464515691789,84.94689598644884,84.19318058993326,84.22217559814453,36500000.0
2025-12-31,XOM,118.79685774677961,118.87528625081782,117.51262278040748,117.97337341308594,10559900.0
2026-01-02,AAPL,271.52095990203577,277.0857995993762,268.26979943372277,270.27435302734375,37838100.0
2026-01-02,GLD,401.6199951171875,401.82000732421875,396.25,398.2799987792969,10372600.0
2026-01-02,JPM,317.9846252281575,321.1694123071354,316.2492576445291,320.92291259765625,8054000.0
2026-01-02,META,661.0282405096659,662.6840120988863,641.8476382600104,648.7398681640625,13726500.0
2026-01-02,MSFT,481.3363251826272,481.6046121327098,467.1960229709088,469.95849609375,25571600.0
2026-01-02,NVDA,189.39681300359115,192.47959571470966,187.8204997023152,188.4091339111328,148240500.0
2026-01-02,SPY,680.3956585252009,681.5466416904673,674.5512924418268,677.8753051757812,89377200.0
2026-01-02,TLT,84.45408135525241,84.46374635768018,84.0868849853652,84.09654998779297,40731300.0
2026-01-02,XOM,117.72829333996988,120.26736200605848,117.25773726088853,120.23795318603516,14175100.0
2026-01-05,AAPL,269.9053759278346,270.7730094869922,265.41759095171795,266.5345458984375,45647200.0
2026-01-05,GLD,406.3900146484375,409.7200012207031,406.1499938964844,408.760009765625,13410600.0
2026-01-05,JPM,320.942628937084,332.5281155423397,320.63697169770103,329.3630676269531,10752600.0
2026-01-05,META,649.338336889516,662.8335627039321,646.0866982239037,657.0983276367188,12213700.0
2026-01-05,MSFT,471.071443053882,473.0687813775576,466.5401924921144,469.86907958984375,25250300.0
2026-01-05,NVDA,191.31231822272787,193.17796293683364,185.7154145267434,187.68081665039062,183529700.0
2026-01-05,SPY,681.2191671325683,684.086783636805,681.060433809282,682.3900146484375,71927200.0
2026-01-05,TLT,84.24149336026176,84.57002971195556,84.17385308948735,84.51205444335938,30178000.0
2026-01-05,XOM,122.74760174540302,123.45344332148551,119.98306055864913,122.8946533203125,30112200.0
2026-01-06,AAPL,266.27521573774703,266.82371056256306,261.40845786144683,261.6477966308594,52352100.0
2026-01-06,GLD,410.6700134277344,413.4800109863281,410.30999755859375,413.17999267578125,11640900.0
2026-01-06,JPM,329.44229029813283,332.6612412306879,327.49110960074296,331.41326904296875,7660800.0
2026-01-06,META,657.8763534012292,663.8110870761799,650.2260655901538,658.9236450195312,11074400.0
2026-01-06,MSFT,470.81304872472026,475.7219083069673,466.78859294331005,475.4933776855469,23037700.0
2026-01-06,NVDA,190.07522846701318,191.72137039337454,186.3838692947835,186.80288696289062,176862600.0
2026-01-06,SPY,682.5984300063299,686.9544213697425,682.4496288665487,686.4483642578125,69273800.0
2026-01-06,TLT,84.21251158811562,84.39610240886239,83.97093812249982,84.33812713623047,39015200.0
2026-01-06,XOM,122.8848495018372,123.32600423236111,118.62039864956253,118.66941833496094,23328600.0
2026-01-07,AAPL,262.485556491205,262.96423405428067,259.10474402829175,259.6233215332031,48309800.0
2026-01-07,GLD,408.6300048828125,410.80999755859375,406.6499938964844,409.2300109863281,10589500.0
2026-01-07,JPM,327.9764659913386,328.9767963949314,321.4989374679619,323.8660888671875,9815200.0
2026-01-07,META,653.956457912222,657.4574546517152,643.154250211399,647.0242919921875,12846300.0
2026-01-07,MSFT,476.73554642416184,486.61288592496,474.9369593023546,480.4221496582031,25564200.0
2026-01-07,NVDA,188.12978540958392,190.9232365533545,186.12446806753155,188.66851806640625,153543200.0
2026-01-07,SPY,686.8254142672773,688.5817158514149,683.9776620917838,684.2356567382812,75588300.0
2026-01-07,TLT,84.8792505170328,85.0435260788296,84.53139150418076,84.83094024658203,39930900.0
2026-01-07,XOM,117.44400199217434,117.75770853507144,115.94408487086373,116.15975952148438,20353000.0
2026-01-08,AAPL,256.3222864925608,258.58614386359903,255.00587765735156,258.3368225097656,50419300.0
2026-01-08,GLD,406.9700012207031,411.6400146484375,406.3999938964844,411.489990234375,8705900.0
2026-01-08,JPM,323.27183137637843,328.2339475379842,322.53888044956136,326.63934326171875,11737100.0
2026-01-08,META,644.2215315163064,645.438369611356,634.0875860000896,644.4010620117188,11921700.0
2026-01-08,MSFT,478.20618966596595,479.6172511411785,472.86010104573086,475.0959167480469,18162600.0
2026-01-08,NVDA,188.66852284990722,189.10749810453436,183.28113525242415,184.60801696777344,172457000.0
2026-01-08,SPY,683.4815439165204,685.2675815209567,682.1618346683338,684.1661987304688,64019200.0
2026-01-08,TLT,84.38646196953223,84.59904784214025,84.30915667544957,84.4057846069336,28204900.0
2026-01-08,XOM,116.64013108932252,121.19867775555002,116.32642453948432,120.49284362792969,20232700.0
2026-01-09,AAPL,258.3767027680543,259.5036402038468,255.52448097015204,258.6659240722656,39997000.0
2026-01-09,GLD,413.2200012207031,415.2900085449219,411.79998779296875,414.4700012207031,14011200.0
2026-01-09,JPM,326.1936353875406,328.7291759216584,325.0348299492433,326.0450744628906,6738100.0
2026-01-09,META,643.7826886268982,653.2682792823022,641.1993122536916,651.3831176757812,11634900.0
2026-01-09,MSFT,471.07145138115897,476.7951491709672,469.2231916595613,476.258544921875,18491000.0
2026-01-09,NVDA,184.64792389684447,185.9049768874807,183.2412119543349,184.42843627929688,131327500.0
2026-01-09,SPY,685.2775150455628,689.9212370510019,683.8387406584166,688.6908569335938,80125500.0
2026-01-09,TLT,84.35746972961965,85.0338725853808,84.18353651353274,84.96623229980469,57348800.0
2026-01-09,XOM,120.80655047223998,122.40449204572425,120.67910227773142,122.15940856933594,16137700.0
2026-01-12,AAPL,258.45648066308013,260.5906555331263,256.1028713590674,259.54351806640625,45263800.0
2026-01-12,GLD,421.5199890136719,425.739990234375,421.5199890136719,422.2300109863281,20904100.0
2026-01-12,JPM,318.80490292970194,322.9053354478686,318.1611187929736,321.38995361328125,12805100.0
2026-01-12,META,650.8544758921091,652.2907198459545,639.5834431006995,640.321533203125,14797200.0
2026-01-12,MSFT,473.6649886945649,477.95773148860775,472.68120923483104,474.1717529296875,23519900.0
2026-01-12,NVDA,182.79226917353867,186.6831584288149,182.59273912358015,184.5082550048828,137968500.0
2026-01-12,SPY,685.3271398200249,690.6952455853734,685.2775394384523,689.7723999023438,63976000.0
2026-01-12,TLT,84.55072050656327,84.94690456418243,84.46375758985921,84.7149887084961,36103100.0
2026-01-12,XOM,122.01235656019075,122.051570813798,120.14972065029409,121.59081268310547,15314900.0
2026-01-13,AAPL,258.01770778709204,261.0993163539261,257.68861696081353,260.34136962890625,45730800.0
2026-01-13,GLD,424.5899963378906,426.1199951171875,420.07000732421875,421.6300048828125,16681200.0
2026-01-13,JPM,321.20175473899405,323.7372950994605,307.60294504088824,307.9297790527344,19371200.0
2026-01-13,META,640.6208286715078,640.6208286715078,622.4974409136,629.4695434570312,18030400.0
2026-01-13,MSFT,471.68751939768345,472.7805908527595,463.01257439213845,467.70281982421875,28545800.0
2026-01-13,NVDA,184.56809890645206,187.6708389078061,182.97182817799478,185.37620544433594,160128900.0
2026-01-13,SPY,690.0998291255927,690.6952153647912,685.9919002674054,688.3931884765625,78309700.0
2026-01-13,TLT,84.91790722201203,84.94690223235523,84.58937082716483,84.85993194580078,30451400.0
2026-01-13,XOM,122.54173753279225,124.63965148100533,122.35547169834909,124.05145263671875,21619700.0
2026-01-14,AAPL,258.78557762508564,261.1092696408236,256.0131254420647,259.2543029785156,40019400.0
2026-01-14,GLD,426.0299987792969,426.8599853515625,422.8399963378906,425.94000244140625,18305500.0
2026-01-14,JPM,305.2556057077196,308.78159262538577,303.19546018048277,304.9287414550781,25951500.0
2026-01-14,META,624.8913007155408,626.836305766559,613.2412994138377,613.9395141601562,15527900.0
2026-01-14,MSFT,463.51936213123724,465.24841354789686,454.2879494306214,456.4840087890625,28184300.0
2026-01-14,NVDA,183.88971661277398,184.029389177148,180.37792970729708,182.71246337890625,159586100.0
2026-01-14,SPY,685.6446980414748,686.3590889175136,680.7231166120667,685.0096435546875,94676700.0
2026-01-14,TLT,84.9469109658678,85.44938061324595,84.92758095698498,85.35275268554688,39233500.0
2026-01-14,XOM,124.84551533233555,129.1295769847715,124.62984068685839,127.63946533203125,27593900.0
2026-01-15,AAPL,259.9424426175537,260.3313985459844,256.35220896361545,257.5090637207031,39388600.0
2026-01-15,GLD,423.0199890136719,425.05999755859375,422.7900085449219,423.3299865722656,14253200.0
2026-01-15,JPM,305.5230197927318,309.95031666446005,304.8098971346673,306.30548095703125,14751400.0
2026-01-15,META,616.8918216697934,622.5672130846042,612.6527349978052,619.2058715820312,13076100.0
2026-01-15,MSFT,461.1940901109254,461.32327541703046,453.02590941718984,453.7811279296875,23225800.0
2026-01-15,NVDA,186.06460797964908,189.25713440169068,185.895006678512,186.6133270263672,206188600.0
2026-01-15,SPY,689.1870202593807,690.0602050162862,685.8927433241695,686.8750610351562,77862000.0
2026-01-15,TLT,85.65229858547569,85.67162859370683,85.33341979980469,85.33341979980469,37988900.0
2026-01-15,XOM,126.59052276611328,127.63947227278497,125.77684382460471,126.59052276611328,17400000.0
2026-01-16,AAPL,257.1999111311508,258.1971965798445,254.23797213114116,254.8363494873047,72142800.0
2026-01-16,GLD,422.79998779296875,424.79998779296875,417.0400085449219,421.2900085449219,20951600.0
2026-01-16,JPM,307.38506061636195,314.17950872864606,307.0383983149945,309.48480224609375,14652500.0
2026-01-16,META,622.5772500418334,627.4646923832119,618.4878021974878,618.6573486328125,17012500.0
2026-01-16,MSFT,454.9437362325269,460.26996150673693,453.60227115836847,456.9609375,34246700.0
2026-01-16,NVDA,188.63859508159712,189.99542077422674,185.64559857342888,185.7952423095703,187967200.0
2026-01-16,SPY,688.2839991969948,688.869453251486,684.7515921796883,686.2994995117188,79289200.0
2026-01-16,TLT,85.15947807099903,85.34307626964467,84.75363640558618,84.84060668945312,46382400.0
2026-01-16,XOM,126.37483309964092,127.60025034335311,126.33561137096643,127.33555603027344,16592400.0
2026-01-20,AAPL,252.04394930256512,254.09835490933511,242.75922413209136,246.0303192138672,80267500.0
2026-01-20,GLD,436.69000244140625,438.1400146484375,434.1000061035156,437.2300109863281,21308100.0
2026-01-20,JPM,303.2845981841295,308.1774060521912,298.9761500928895,299.8477478027344,12900600.0
2026-01-20,META,606.3191417499893,609.8301228712422,598.4593704807342,602.5687866210938,15169600.0
2026-01-20,MSFT,448.37541805572727,453.92022725149957,446.44764578645413,451.65460205078125,26130000.0
2026-01-20,NVDA,181.4753578011745,181.95424822676716,177.19537928172147,177.65431213378906,223345300.0
2026-01-20,SPY,676.2082832182709,679.4628915199756,671.3264313278333,672.32861328125,111623300.0
2026-01-20,TLT,83.71004773785806,84.0965668177166,83.62308481531498,83.72937774658203,66009500.0
2026-01-20,XOM,128.92370969178984,129.34526106003074,127.51204139853334,127.89437103271484,16477300.0
2026-01-21,AAPL,248.02489020045314,250.87712721718017,244.51444112970407,246.9777374267578,54641700.0
2026-01-21,GLD,446.8699951171875,448.0,437.1099853515625,443.6000061035156,38830200.0
2026-01-21,JPM,300.53118494697816,302.4823658305288,298.2729680555718,299.15447998046875,10270100.0
2026-01-21,META,605.1820479992876,616.6824713366042,598.5391758430108,611.3861083984375,14494700.0
2026-01-21,MSFT,449.74670883889326,449.8361378186282,435.9144504613163,441.3102111816406,37980500.0
2026-01-21,NVDA,178.6319932794081,184.947217101084,177.9835016341843,182.89202880859375,200381000.0
2026-01-21,SPY,674.3826370735425,683.402154325963,672.8743979165272,680.0880737304688,127844500.0
2026-01-21,TLT,83.87431424987152,84.53139440287926,83.70038105136247,84.36711883544922,51220100.0
2026-01-21,XOM,129.31585712353169,131.10005716420434,129.31585712353169,130.982421875,18879900.0
2026-01-22,AAPL,248.52352576906395,250.31864258405668,247.47637302553753,247.67584228515625,39708300.0
2026-01-22,GLD,443.8399963378906,452.9800109863281,443.55999755859375,451.7900085449219,19251200.0
2026-01-22,JPM,301.9474777854751,305.2555953909441,300.0062112868251,300.729248046875,10535800.0
2026-01-22,META,627.7339506004921,658.8738165275513,624.9411525277235,645.967041015625,21394700.0
2026-01-22,MSFT,444.7981306791853,449.98522421932967,441.8965557848095,448.29595947265625,25349400.0
2026-01-22,NVDA,184.31869154642928,185.7353746560278,183.5005985718231,184.40847778320312,139636600.0
2026-01-22,SPY,684.5035723961656,685.7736813437502,681.5962874434288,683.6403198242188,77112200.0
2026-01-22,TLT,84.32845733341534,84.80194660708209,84.2028417924505,84.73430633544922,42419300.0
2026-01-22,XOM,130.4334321339966,131.54119930090036,129.2570344119412,131.01182556152344,16600100.0
2026-01-23,AAPL,246.64863719927277,248.73296007338791,244.0157890837153,247.36666870117188,41689000.0
2026-01-23,GLD,454.1099853515625,458.75,453.45001220703125,458.0,21531900.0
2026-01-23,JPM,299.11481126550876,299.4812715954647,293.6772702297321,294.8757019042969,11107900.0
2026-01-23,META,643.114354212172,664.7785515369834,642.7951686151001,657.0684204101562,22797700.0
2026-01-23,MSFT,449.02131930234236,468.1301005814363,447.6897705604439,463.0125732421875,38000200.0
2026-01-23,NVDA,187.06227125943187,189.15737478680413,186.38386606278428,187.23187255859375,142748100.0
2026-01-23,SPY,682.8167194920136,685.6049389887335,681.8343413244536,683.8883056640625,63059600.0
2026-01-23,TLT,84.86960437358712,85.06286022602225,84.55072558205477,84.96623229980469,35968800.0
2026-01-23,XOM,132.43329384244976,133.30579035502723,131.83528960627595,132.31565856933594,17758200.0
2026-01-26,AAPL,250.7973501838168,255.86356228737432,249.121917868832,254.71669006347656,55969200.0
2026-01-26,GLD,466.7799987792969,469.2799987792969,460.3599853515625,464.70001220703125,34156000.0
2026-01-26,JPM,294.96484861763906,298.8969221500132,294.60830241167326,298.16400146484375,11752700.0
2026-01-26,META,663.4220687284304,673.5460296758964,659.5919023824141,670.6334838867188,16327400.0
2026-01-26,MSFT,462.3766075757791,471.2602507862521,459.0874767807031,467.3152770996094,29291200.0
2026-01-26,NVDA,186.7230748442759,188.6784906596197,185.55580805974404,186.03468322753906,124799600.0
2026-01-26,SPY,685.138576123168,688.7503800429489,684.5729864520383,687.3612060546875,60473800.0
2026-01-26,TLT,85.42037269220837,85.50733559481986,85.22710951045521,85.37205505371094,38882400.0
2026-01-26,XOM,134.2371113879926,134.24692430039343,131.53139525667265,132.18821716308594,16056100.0
2026-01-27,AAPL,258.4664899667647,261.2389423700868,257.5090739976807,257.56890869140625,49648300.0
2026-01-27,GLD,465.07000732421875,476.489990234375,463.95001220703125,476.1000061035156,28386200.0
2026-01-27,JPM,298.45122352878457,299.08512378237486,295.3016109870806,297.44097900390625,11527400.0
2026-01-27,META,672.8577784094987,675.082032614818,662.9532236229811,671.2418823242188,13297400.0
2026-01-27,MSFT,470.7137217228436,479.82589540353166,470.17711748937944,477.5503234863281,29213900.0
2026-01-27,NVDA,186.80288446054914,189.55643562401056,185.2664711415707,188.07989501953125,143711600.0
2026-01-27,SPY,688.799947686109,691.1317710154308,688.1946898528689,690.0997924804688,55506100.0
2026-01-27,TLT,85.14015543693823,85.27543599207586,84.7246487683763,84.84060668945312,35180100.0
2026-01-27,XOM,132.59015456841982,134.23710827308267,132.0607808658375,134.1390838623047,14517000.0
2026-01-28,AAPL,256.95057275810245,258.1572795494081,253.81909726521187,255.74386596679688,41288000.0
2026-01-28,GLD,483.3900146484375,495.8800048828125,481.25,494.55999755859375,44154600.0
2026-01-28,JPM,297.4013222225187,299.03558292254246,295.2025300603667,297.89654541015625,9556700.0
2026-01-28,META,672.768020673078,675.9398477720257,664.3895658196245,667.0128173828125,25709600.0
2026-01-28,MSFT,480.16374552458444,480.69040309270366,474.9865988275796,478.5937194824219,36875400.0
2026-01-28,NVDA,190.82345963399504,191.9009400606663,189.39679023846315,191.0728759765625,148552700.0
2026-01-28,SPY,691.6477064811113,692.4316225777728,688.5618241580821,690.0303344726562,61172200.0
2026-01-28,TLT,84.56038358186119,84.7439744147955,84.34779773844899,84.64734649658203,38750300.0
2026-01-28,XOM,134.98218120270877,135.2958802817515,133.98223640576208,134.8743438720703,15637300.0
2026-01-29,AAPL,257.29964922744847,258.94516415300217,253.7193980705993,257.5788879394531,67253000.0
2026-01-29,GLD,509.510009765625,509.70001220703125,468.510009765625,495.8999938964844,69970900.0
2026-01-29,JPM,299.51100066931883,303.898671192008,299.3327275624257,303.49261474609375,11580000.0
2026-01-29,META,735.536439340887,742.0895763731422,710.7203206800697,736.4141845703125,59852900.0
2026-01-29,MSFT,437.2162272399066,439.7104135269112,418.36581575660404,430.76715087890625,128855300.0
2026-01-29,NVDA,190.89331059974717,193.0283141326731,185.62563804704834,192.06057739257812,171764400.0
2026-01-29,SPY,690.9928952881424,691.657685737667,679.5224893166136,688.6610717773438,97486200.0
2026-01-29,TLT,84.21252004181764,84.78262993922779,84.14487975954461,84.66667938232422,43855000.0
2026-01-29,XOM,137.56045323507496,139.54071684501432,136.3742426928216,137.7467041015625,35760600.0
2026-01-30,AAPL,254.4773517832236,261.1890792690021,251.49546251262876,258.7756652832031,92443400.0
2026-01-30,GLD,466.25,470.05999755859375,430.79998779296875,444.95001220703125,86593500.0
2026-01-30,JPM,302.333781642444,304.98817089860455,299.66947824936375,302.9676818847656,11953200.0
2026-01-30,META,725.6319721911391,730.2899638188994,711.7577161829028,714.6602172851562,23744600.0
2026-01-30,MSFT,436.4014165119217,436.8286984461687,423.7616041817895,427.577392578125,58566800.0
2026-01-30,NVDA,190.76362243793778,194.0359639826301,189.0276790286862,190.68380737304688,179489500.0
2026-01-30,SPY,686.4285189892349,688.8298072906449,681.7947290319643,686.6071166992188,101835100.0
2026-01-30,TLT,84.43476502247367,84.6086982331536,84.19319152832031,84.19319152832031,45832200.0
2026-01-30,XOM,136.0115249641907,139.413284651152,135.1194175625329,138.61920166015625,29657700.0
2026-02-02,AAPL,259.3241487899344,269.7557466562268,258.50636737104884,269.2770690917969,73913400.0
2026-02-02,GLD,434.010009765625,440.7799987792969,422.54998779296875,427.1300048828125,41626200.0
2026-02-02,JPM,301.5513314360023,306.34508884518107,298.49085539325506,305.1961975097656,9839400.0
2026-02-02,META,712.7650416713351,719.4478497361232,701.7135364812315,704.5960693359375,14365200.0
2026-02-02,MSFT,427.5276741085398,428.02452201181774,419.58805431821895,420.70098876953125,42219900.0
2026-02-02,NVDA,186.7629659025267,189.8557348322644,184.44839001538193,185.1766815185547,165794100.0
2026-02-02,SPY,684.2357342361453,691.528747109235,684.0769403301045,690.0205078125,79286500.0
2026-02-02,TLT,84.40852579835726,84.44732628606695,83.95263671875,83.95263671875,38171400.0
2026-02-02,XOM,137.0800926697375,137.5604616716114,135.34489745756886,135.67820739746094,27735600.0
2026-02-03,AAPL,268.4692659190308,271.1419837262723,266.88355520832346,268.7485046386719,64394700.0
2026-02-03,GLD,452.6300048828125,459.0,448.30999755859375,454.2900085449219,28703500.0
2026-02-03,JPM,306.77099053389486,313.22869052113475,306.14700443281885,311.8420715332031,12688000.0
2026-02-03,META,705.5536352374374,715.1589125312489,684.6474336745422,689.9238891601562,13760700.0
2026-02-03,MSFT,419.3496095186449,419.3893355198486,405.98438775489564,408.61767578125,61424100.0
2026-02-03,NVDA,185.8052108647954,185.8351396091497,175.81857039871747,179.91897583007812,204019600.0
2026-02-03,SPY,690.8142565672537,691.5584439188771,678.7286612443456,684.18603515625,107904600.0
2026-02-03,TLT,83.8944248751521,84.17572283586837,83.83622784894723,84.15632629394531,27438200.0
2026-02-03,XOM,135.9135003144931,142.15822288499697,135.58998831098552,140.9033966064453,37577800.0
2026-02-04,AAPL,271.55083028665655,278.19275421850585,271.55083028665655,275.7394104003906,90545700.0
2026-02-04,GLD,462.4700012207031,463.1000061035156,445.7099914550781,453.9700012207031,24427900.0
2026-02-04,JPM,311.4062598905275,316.25944126204155,311.4062598905275,314.2389221191406,9848800.0
2026-02-04,META,685.964025393825,687.0612373376343,665.7461161570209,667.2721557617188,16882800.0
2026-02-04,MSFT,408.4089957411405,417.15350712085007,406.6600813351222,411.5788879394531,45012400.0
2026-02-04,NVDA,179.04105715530034,179.16077214377114,171.50867959294058,173.78335571289062,207014100.0
2026-02-04,SPY,684.9996810996682,686.0911923060062,676.4762885369656,680.8719482421875,105204600.0
2026-02-04,TLT,84.03022767320347,84.17572764746828,83.86533115590687,83.94293212890625,37872900.0
2026-02-04,XOM,141.28570982267485,144.9325529451777,141.28570982267485,144.68746948242188,29426200.0
2026-02-05,AAPL,277.3749854862336,278.7412615768201,272.48829324857786,275.1610107421875,52977400.0
2026-02-05,GLD,444.2900085449219,450.8999938964844,440.3500061035156,441.8800048828125,17718100.0
2026-02-05,JPM,311.99062599899656,312.9909865673853,302.6210112179966,307.1968688964844,9388000.0
2026-02-05,META,661.8760941724082,679.7500626324993,651.8219602792932,668.4890747070312,17131800.0
2026-02-05,MSFT,404.87144402823185,405.7260079125925,389.8467674620769,391.1882629394531,66289200.0
2026-02-05,NVDA,174.52161198787914,176.40721432559468,170.63072277473634,171.47874450683594,206312900.0
2026-02-05,SPY,675.6626239798336,678.3913111024622,670.5525129616972,672.3683471679688,113610800.0
2026-02-05,TLT,84.32123123703101,84.85472869873047,84.1466327405145,84.85472869873047,50268900.0
2026-02-05,XOM,143.69733549717404,143.8443795891129,140.9720086293876,143.20716857910156,18431700.0
2026-02-06,AAPL,276.3677353153735,280.14745564173626,276.1782486476445,277.3650207519531,50453400.0
2026-02-06,GLD,450.7300109863281,456.92999267578125,450.0299987792969,455.4599914550781,12663900.0
2026-02-06,JPM,311.7034102684662,321.15227836348157,311.7034102684662,319.3199462890625,17797400.0
2026-02-06,META,663.781217226052,670.2645272311354,644.8399874286738,659.7615966796875,18159300.0
2026-02-06,MSFT,396.65359346172795,399.2570717870675,390.44299427907015,398.6111755371094,53515300.0
2026-02-06,NVDA,176.27752805781466,186.5634574188361,174.1924107166939,184.9771728515625,231346200.0
2026-02-06,SPY,676.1785962582386,686.9444827733389,675.5732778299765,685.267578125,89127600.0
2026-02-06,TLT,84.82561515019883,84.91291809082031,84.58311767132412,84.91291809082031,33461800.0
2026-02-06,XOM,143.73655519939692,146.62855224315575,143.2169794161954,146.1187744140625,17216000.0
2026-02-09,AAPL,277.41494619870406,277.70443813431814,271.2160169672847,274.13079833984375,44623400.0
2026-02-09,GLD,461.3900146484375,467.55999755859375,460.8500061035156,467.0299987792969,12330900.0
2026-02-09,JPM,318.27007812796035,323.2817350541263,317.05181803840316,319.0228271484375,11477500.0
2026-02-09,META,661.4770916291903,681.5554070660584,657.0884263930592,675.4810180664062,14837500.0
2026-02-09,MSFT,402.2977759502542,412.2744908996196,398.3428555009064,410.99261474609375,45480500.0
2026-02-09,NVDA,183.8298238555102,193.20788788877485,183.5205500126207,189.59632873535156,196387400.0
2026-02-09,SPY,684.0769172088077,690.4769412520913,683.0053309088385,688.5718383789062,73885200.0
2026-02-09,TLT,84.5831352578366,84.95173623864451,84.41823871402113,84.8935317993164,24708900.0
2026-02-09,XOM,146.32463450957823,148.56960754784373,145.7070343161397,148.23629760742188,21297300.0
2026-02-10,AAPL,274.40031021957236,274.87943562430115,272.4537718732244,273.19244384765625,34376900.0
2026-02-10,GLD,465.9599914550781,466.75,459.5199890136719,462.3999938964844,7861600.0
2026-02-10,JPM,319.4684837021083,323.01429884581904,312.1094739861534,315.2392883300781,9902200.0
2026-02-10,META,675.8600189134125,678.9022357565889,668.0700760446862,668.9976806640625,10455800.0
2026-02-10,MSFT,416.9746165751398,421.009018998737,410.09825878894065,410.6646423339844,44857900.0
2026-02-10,NVDA,190.9332352083219,192.03065816435006,187.68083581715956,188.099853515625,136764800.0
2026-02-10,SPY,689.5640042757049,691.1416475283962,686.2994637039938,686.7559204101562,65185700.0
2026-02-10,TLT,85.59192433408025,85.87322235107422,85.57252778827663,85.87322235107422,37253700.0
2026-02-10,XOM,148.3735398653639,148.79507625683397,146.87363021409703,148.6088104248047,15800300.0
2026-02-11,AAPL,274.2106536370846,279.6808719096702,273.9610989943363,275.00921630859375,51931300.0
2026-02-11,GLD,466.0,468.6099853515625,462.82000732421875,467.6300048828125,11209600.0
2026-02-11,JPM,320.15191444315514,322.1724337503843,305.78055639607567,307.8505859375,8703500.0
2026-02-11,META,672.2693241407737,677.5258114827353,655.4126950742984,666.9729614257812,14323800.0
2026-02-11,MSFT,413.5563153661985,413.8345489802859,398.4819668946231,401.8207702636719,42491000.0
2026-02-11,NVDA,192.00071425091673,192.80882083578368,188.329312674443,189.6063232421875,144192700.0
2026-02-11,SPY,690.9928885783248,691.7370759669038,683.8387453470867,686.5972290039062,76353900.0
2026-02-11,TLT,85.39792370692575,85.82472169115255,85.30092618335694,85.41732025146484,37014000.0
2026-02-11,XOM,150.94200517912682,153.8437850193578,150.54987761975752,152.500732421875,23091500.0
2026-02-12,AAPL,275.09909064411113,275.22886395053104,259.7165366668213,261.2637939453125,81077200.0
2026-02-12,GLD,464.8999938964844,466.3800048828125,448.05999755859375,451.3900146484375,20488800.0
2026-02-12,JPM,309.29660600764385,310.62380057979817,297.15372325834437,299.74871826171875,13443400.0
2026-02-12,META,668.2496878446467,674.2642338266133,643.6231428364971,648.1414794921875,14960100.0
2026-02-12,MSFT,402.44684542456184,403.6392926521932,395.50092068537,399.3067626953125,40802400.0
2026-02-12,NVDA,192.5793648877844,193.1580126884611,186.07458174632154,186.5035858154297,189932500.0
2026-02-12,SPY,688.8595645054852,689.9609473653614,675.097063165144,675.9901123046875,118829000.0
2026-02-12,TLT,85.70832156696945,86.6007106384986,85.69861959432937,86.55221557617188,48454900.0
2026-02-12,XOM,151.86914039995418,153.2112816986525,147.9118045030338,147.9611358642578,30652500.0
2026-02-13,AAPL,261.5432690161623,261.7628783299504,254.9949421084194,255.32435607910156,56290700.0
2026-02-13,GLD,459.7300109863281,463.8399963378906,456.25,462.6199951171875,12359300.0
2026-02-13,JPM,295.6680481198895,301.38294318623025,293.6871553220786,299.6595458984375,9114500.0
2026-02-13,META,643.4434668857905,649.7572295518577,632.9405378190771,638.127197265625,12336400.0
2026-02-13,MSFT,401.90028127287496,402.98340606348665,395.54060384789733,398.7900085449219,34091600.0
2026-02-13,NVDA,187.04232046551596,187.0622780376601,181.16607138035295,182.3832244873047,161888000.0
2026-02-13,SPY,676.4067760275798,680.96122930703,672.2691112734435,676.46630859375,96267500.0
2026-02-13,TLT,86.94020101907506,87.11479951505885,86.83350152706073,87.02750396728516,56785200.0
2026-02-13,XOM,148.573009056918,149.66843335045488,146.0367505798841,146.50057983398438,20166000.0
2026-02-17,AAPL,257.5903108294174,265.8156532326085,255.08478749757862,263.4099426269531,58469100.0
2026-02-17,GLD,450.260009765625,451.3699951171875,445.5299987792969,448.20001220703125,10976100.0
2026-02-17,JPM,299.8675549474044,305.29518175186814,299.61002921690664,304.19580078125,8896800.0
2026-02-17,META,637.8578591323172,640.9498744421038,627.1853229648948,637.6483764648438,12674700.0
2026-02-17,MSFT,396.7032617740463,397.9950542597942,392.04282577248057,394.3581237792969,32078800.0
2026-02-17,NVDA,181.3256935584433,186.71308084037668,178.76168607280786,184.53817749023438,162276900.0
2026-02-17,SPY,674.8688419019007,679.6316291710169,670.5426469985775,677.5578002929688,81354700.0
2026-02-17,TLT,87.23120881686324,87.41550930152664,87.06631227818394,87.17301177978516,32356700.0
2026-02-17,XOM,146.25386332053407,147.17165857121253,143.24391231753378,144.270263671875,19766600.0
2026-02-18,AAPL,263.13045584681157,266.3447212846438,261.9825104325609,263.8791198730469,34203300.0
2026-02-18,GLD,455.80999755859375,460.510009765625,455.32000732421875,458.2799987792969,10226300.0
2026-02-18,JPM,305.51309749540866,309.2966101142475,304.2849535938903,305.8300476074219,7209600.0
2026-02-18,META,632.1725643806327,643.3438180480059,626.5371085480483,641.568359375,14649200.0
2026-02-18,MSFT,395.6201070500213,400.02217209191446,393.8215201082963,397.0808410644531,23223400.0
2026-02-18,NVDA,188.3093443160685,189.92555739322245,186.3239846890322,187.5411376953125,164749100.0
2026-02-18,SPY,678.7187643851827,683.8090109802145,677.53798463666,680.9711303710938,73570300.0
2026-02-18,TLT,86.99841027377083,87.16330680677467,86.78501127791324,86.84320831298828,35415400.0
2026-02-18,XOM,146.20451859059764,148.99735741858277,145.67161638544218,148.7012939453125,19849700.0
2026-02-19,AAPL,262.13220471573277,264.00886051677537,259.5867290635135,260.11578369140625,30845300.0
2026-02-19,GLD,457.3399963378906,461.510009765625,456.0299987792969,459.55999755859375,8411400.0
2026-02-19,JPM,304.2354576365961,306.226234501648,302.2050242231491,305.1070251464844,6737700.0
2026-02-19,META,636.9302530675583,645.5281132997313,635.0849670695593,643.1243286132812,10035700.0
2026-02-19,MSFT,399.07278661262325,402.7976819572589,395.0690225854118,396.8517761230469,28234000.0
2026-02-19,NVDA,186.62329889395997,187.9900957055448,185.22657333636724,187.46133422851562,126554500.0
2026-02-19,SPY,678.5401160314528,680.86194660128,676.2678252760687,679.1751098632812,58649400.0
2026-02-19,TLT,86.71709725690833,87.02749372429788,86.68799874440862,86.93049621582031,28658600.0
2026-02-19,XOM,150.20133141726754,151.36584368014013,148.85919011306916,148.98748779296875,20305000.0
2026-02-20,AAPL,258.50868117461044,264.2783836675007,257.7001265171608,264.1086730957031,42070500.0
2026-02-20,GLD,463.25,468.6199951171875,458.3399963378906,468.6199951171875,14316300.0
2026-02-20,JPM,305.4536802835111,308.0288471084009,302.75966472033866,307.82086181640625,7792700.0
2026-02-20,META,638.0474161403351,661.6466355641227,637.1397796110642,653.9763793945312,14183500.0
2026-02-20,MSFT,394.51123443489973,398.5050592846536,393.56508699389525,395.6267395019531,34015200.0
2026-02-20,NVDA,186.13444888465776,189.88566546751952,185.5059147845697,189.37686157226562,178422300.0
2026-02-20,SPY,677.0319706522042,684.71197532004,676.4465165538227,684.0868530273438,100034000.0
2026-02-20,TLT,87.00810487326163,87.04690536346942,86.26121578796278,86.72681427001953,49610800.0
2026-02-20,XOM,148.51380081276685,148.8295908063359,144.53672317214324,145.345947265625,25908600.0
2026-02-23,AAPL,263.0206001676805,268.95002088588865,262.91081074777924,265.705810546875,37308200.0
2026-02-23,GLD,474.6499938964844,481.4599914550781,474.6099853515625,481.2799987792969,17441600.0
2026-02-23,JPM,305.84987743753925,308.028871901531,292.2807780649544,294.82623291015625,12955400.0
2026-02-23,META,650.8644258547187,656.0112104148094,634.3669181695027,635.6137084960938,8605900.0
2026-02-23,MSFT,393.405742102137,393.7642745182822,381.55377772275136,382.9182434082031,43238300.0
2026-02-23,NVDA,190.9531547742145,193.49720463285962,189.13741163084848,191.10281372070312,171584800.0
2026-02-23,SPY,682.4992209190492,684.6523861034582,675.0970153480879,677.1013793945312,90558100.0
2026-02-23,TLT,86.86261243931084,87.29910500415689,86.84320849395418,87.04690551757812,33614600.0
2026-02-23,XOM,146.2045163413988,149.28355533426253,146.18478981965436,148.78024291992188,16073100.0
2026-02-24,AAPL,267.38283777638213,274.4003442568012,267.233111068832,271.6552429199219,47014600.0
2026-02-24,GLD,470.0899963378906,475.44000244140625,469.54998779296875,474.6099853515625,14147100.0
2026-02-24,JPM,293.98432184665864,296.886322684036,288.5962907533433,294.459716796875,13554100.0
2026-02-24,META,631.4543872367445,639.4637360573605,627.364878734925,637.6583862304688,10135600.0
2026-02-24,MSFT,382.5895619940176,387.78846403174964,380.1693467763097,387.429931640625,33884700.0
2026-02-24,NVDA,191.04296985904048,193.31764595479845,186.96250644177093,192.39979553222656,175123600.0
2026-02-24,SPY,676.6151751251432,683.0151380016027,674.7298762460771,682.0228881835938,73798700.0
2026-02-24,TLT,87.25059008733425,87.34759499939771,87.06629703537236,87.20209503173828,24933900.0
2026-02-24,XOM,148.44471274188743,148.7407762133805,146.08609834773506,147.29994201660156,14185500.0
2026-02-25,AAPL,271.29586819299504,274.45024283739696,270.567157599074,273.74151611328125,33714300.0
2026-02-25,GLD,475.739990234375,479.5299987792969,472.8999938964844,473.4200134277344,12954300.0
2026-02-25,JPM,295.78692074637365,300.75895068108485,294.1724883145502,300.4023742675781,8095500.0
2026-02-25,META,640.8800977544264,652.2009281146602,640.4910846116635,652.0114135742188,11330700.0
2026-02-25,MSFT,388.95376053046306,399.84960746436826,388.5852587696308,398.9831237792969,43625500.0
2026-02-25,NVDA,193.9960453222018,197.16862939564908,193.33758246616242,195.10345458984375,250637100.0
2026-02-25,SPY,684.8310015582731,688.3038760705598,684.7516046120257,687.7780151367188,56369500.0
2026-02-25,TLT,87.01780480448888,87.37670378016362,87.01780480448888,87.21180725097656,23625800.0
2026-02-25,XOM,147.94141356259428,148.20785713109032,145.39529183251534,147.10256958007812,15225700.0
2026-02-26,AAPL,274.4602128097023,275.61811956353745,270.31758130113775,272.4637756347656,32345100.0
2026-02-26,GLD,474.95001220703125,477.8299865722656,442.0400085449219,477.4800109863281,12375000.0
2026-02-26,JPM,301.67017313360896,306.05787397622345,300.73918125790124,303.20538330078125,7007800.0
2026-02-26,META,648.8795031075816,659.3026817342861,645.837347084645,655.3229370117188,10637700.0
2026-02-26,MSFT,403.0765245044552,405.8453028142193,397.1306190557743,400.0986022949219,34405900.0
2026-02-26,NVDA,193.81648130196652,193.83642365132246,183.8897126034445,184.4583740234375,360807900.0
2026-02-26,SPY,687.9069589925494,687.926762805978,679.0461151309984,683.957763671875,71671000.0
2026-02-26,TLT,87.35729237878508,87.6094918374739,87.34759780761566,87.56098937988281,29447100.0
2026-02-26,XOM,145.86899164872443,148.97763562919565,144.8426553083189,146.5894012451172,15632100.0
2026-02-27,AAPL,272.3240124520744,272.3240124520744,262.4217010495403,263.7093811035156,72366500.0
2026-02-27,GLD,480.75,483.8999938964844,479.1099853515625,483.75,16795100.0
2026-02-27,JPM,297.13393894248406,300.0557680991628,291.636973162459,297.4310607910156,18620800.0
2026-02-27,META,641.7978505538991,647.7724605225501,636.4815191423199,646.5156860351562,15703000.0
2026-02-27,MSFT,389.30236795593413,395.2183958601928,388.30640407164015,391.15484619140625,51367200.0
2026-02-27,NVDA,180.82687141264745,182.16373952566906,175.96824531148394,176.77635192871094,311636500.0
2026-02-27,SPY,677.795973699009,681.5367144347911,676.35719931042,680.6734619140625,83308900.0
2026-02-27,TLT,87.96840163598003,88.13329817143689,87.83260361849356,88.09449768066406,51272000.0
2026-02-27,XOM,149.01708854300077,151.63228308015854,147.29006930491963,150.4973907470703,30275100.0
2026-03-02,AAPL,261.94253069595567,266.05518620599753,259.73647625260065,264.2484130859375,41827900.0
2026-03-02,GLD,490.1000061035156,492.1499938964844,483.2799987792969,490.0,19916600.0
2026-03-02,JPM,291.9935267958635,297.11414843979566,290.4088063693875,294.7172546386719,8508900.0
2026-03-02,META,635.5238627543893,658.2453970983619,632.870719934867,651.8817749023438,9816100.0
2026-03-02,MSFT,391.2743390590049,399.57073485574693,389.0533591512552,396.9413757324219,35474900.0
2026-03-02,NVDA,174.6014235260267,183.03170868955394,174.23229218389588,182.05398559570312,209095300.0
2026-03-02,SPY,673.4400139353526,683.2831159083878,672.765291276125,681.0604858398438,87477200.0
2026-03-02,TLT,87.56993892502696,87.57966573454637,86.96654260777895,87.20984649658203,55465500.0
2026-03-02,XOM,157.25744744344775,157.5140277442215,151.0204334392882,152.19480895996094,31493100.0
2026-03-03,AAPL,263.0106738027697,265.08695529305965,259.6666350681776,263.2801818847656,38568900.0
2026-03-03,GLD,472.8299865722656,473.20001220703125,458.92999267578125,468.1400146484375,22591500.0
2026-03-03,JPM,289.4975898716125,299.5011046657454,286.73423592223537,297.3914489746094,10278200.0
2026-03-03,META,646.6252847330551,657.3476806461185,637.199599354082,653.3978881835938,12263800.0
2026-03-03,MSFT,391.5532542396072,405.05852201627056,391.0851500003899,402.2996826171875,38199200.0
2026-03-03,NVDA,178.07331350693755,180.4776756968921,176.50697142699124,179.62966918945312,178099400.0
2026-03-03,SPY,669.8281968363514,677.3196712649806,664.4700232973693,675.057373046875,105003100.0
2026-03-03,TLT,86.59671634505428,87.26822997464645,86.55778683499831,87.03466033935547,51850400.0
2026-03-03,XOM,153.388913296314,154.00078180487054,148.32628979550924,149.83619689941406,25198900.0
2026-03-04,AAPL,264.17854815272653,265.67587606267574,260.95432154975975,262.0523376464844,39803100.0
2026-03-04,GLD,474.82000732421875,476.4200134277344,469.3900146484375,471.79998779296875,9985900.0
2026-03-04,JPM,297.12402886142485,298.12438947518206,292.99388398032096,296.52978515625,8055700.0
2026-03-04,META,656.2705698423595,671.0425395860565,655.981275516767,666.0154418945312,10810100.0
2026-03-04,MSFT,399.6504140582061,409.3710312257941,398.69429724653685,403.5645751953125,35808000.0
2026-03-04,NVDA,180.01874995283958,184.26879914121506,179.6396322236537,182.6126708984375,177731200.0
2026-03-04,SPY,676.3472549970834,681.7649608594664,674.3528231531807,679.8201293945312,79182200.0
2026-03-04,TLT,86.87894999975146,87.04440228841558,86.71350513613281,86.76216888427734,47069500.0
2026-03-04,XOM,148.74077544915835,149.1749998639953,145.9183318111316,147.85260009765625,16764800.0
2026-03-05,AAPL,260.3254337562426,261.09405110124777,256.79173142961054,259.8263244628906,49658600.0
2026-03-05,GLD,470.45001220703125,470.6700134277344,463.9100036621094,466.1300048828125,11674800.0
2026-03-05,JPM,295.1332451958745,298.3620800816865,289.63624924146006,290.74554443359375,12732500.0
2026-03-05,META,660.2302724443645,668.9777721022258,648.6401154384699,658.873779296875,13341400.0
2026-03-05,MSFT,402.78771732924594,409.9486695143622,402.7677785996419,409.0224304199219,39001300.0
2026-03-05,NVDA,180.74703993972415,183.63029235671348,177.46472744924466,182.91197204589844,198779700.0
2026-03-05,SPY,676.7938369684096,680.2171112774074,670.3739485451397,676.02978515625,106606500.0
2026-03-05,TLT,86.25609377253129,86.55779564992875,86.13931265551538,86.41181182861328,45768900.0
2026-03-05,XOM,149.0170967065771,150.32963320643273,147.5071895803822,148.78024291992188,22969300.0
2026-03-06,AAPL,258.16927189629365,258.3090066542827,253.916851068475,257.0013427734375,41120000.0
2026-03-06,GLD,469.0400085449219,475.4599914550781,467.07000732421875,473.510009765625,10489800.0
2026-03-06,JPM,283.6044306839189,287.21955415339994,280.99955170429564,286.7144470214844,13496500.0
2026-03-06,META,646.2363343546218,647.8022493056128,634.4765699796501,643.2041015625,13159400.0
2026-03-06,MSFT,407.54843921074234,411.38287590243635,406.8612216895844,407.30938720703125,31123900.0
2026-03-06,NVDA,179.4201653790109,182.33334690173646,176.40722643712078,177.40489196777344,189021900.0
2026-03-06,SPY,668.1909311447467,670.8700177972564,664.5692556037578,667.1689453125,100687000.0
2026-03-06,TLT,85.95439525631862,86.55779155753983,85.66242762749168,86.09064483642578,58136900.0
2026-03-06,XOM,151.13886167079949,151.78033504800396,147.99076470220882,149.22434997558594,21136400.0
2026-03-09,AAPL,255.2345148744848,260.68477987096253,253.22808575123491,259.41705322265625,38218500.0
2026-03-09,GLD,468.0899963378906,472.67999267578125,464.7900085449219,472.5299987792969,8829800.0
2026-03-09,JPM,282.7724816341387,288.31898819476027,277.77073879547015,287.1502685546875,12241100.0
2026-03-09,META,633.1501152642575,646.0867831911829,625.1706567300553,645.7277221679688,13489700.0
2026-03-09,MSFT,403.2857003455267,408.55432729115563,401.8714182880504,407.757568359375,30131900.0
2026-03-09,NVDA,176.4171820751478,182.48298979408452,175.1501427003192,182.2235870361328,177213600.0
2026-03-09,SPY,661.2254329083217,674.6505427155427,657.2564332632285,673.0133666992188,102667700.0
2026-03-09,TLT,85.93493609632127,86.92761269100944,85.84734283573518,86.84002685546875,52478700.0
2026-03-09,XOM,150.02371592586377,151.86915473890892,147.50719887090204,148.46446228027344,25532700.0
2026-03-10,AAPL,257.19102845716964,262.01244158439727,256.4922936817907,260.3653564453125,30590800.0
2026-03-10,GLD,479.739990234375,481.30999755859375,474.2099914550781,477.8599853515625,9616800.0
2026-03-10,JPM,286.52626625452876,289.9532025593205,284.43640849634494,285.97161865234375,8344900.0
2026-03-10,META,651.8817417666538,658.6044245959081,647.333453679788,652.3904418945312,9859300.0
2026-03-10,MSFT,408.37506928692744,408.5443965203919,401.30371964643086,404.122314453125,31706400.0
2026-03-10,NVDA,181.97416098047233,186.00473767957752,181.58507208744064,184.33863830566406,179118500.0
2026-03-10,SPY,672.4675558251363,678.0638596518006,669.5305349566006,671.9317626953125,81505300.0
2026-03-10,TLT,86.42154254521259,86.56751893553987,85.9057320742235,85.91546630859375,48651500.0
2026-03-10,XOM,147.2900868194475,148.42497928748784,145.76043801499983,146.18479919433594,19617600.0
2026-03-11,AAPL,260.62486739620806,261.6630231774062,259.08760235948154,260.3453674316406,26218900.0
2026-03-11,GLD,476.1300048828125,477.45001220703125,473.1300048828125,476.239990234375,7522900.0
2026-03-11,JPM,286.05084727233185,287.7049062038017,282.1385715612803,284.7731628417969,10205000.0
2026-03-11,META,653.0787479235273,657.4275379105374,646.6951571900124,653.178466796875,8977200.0
2026-03-11,MSFT,403.9330670994013,407.35918518479474,399.96912002302975,403.245849609375,25512100.0
2026-03-11,NVDA,185.4860219488843,187.1921136401388,184.02934488988058,185.60574340820312,145280400.0
2026-03-11,SPY,672.3286912573745,674.8093159596237,668.1215614523004,671.08837890625,68441700.0
2026-03-11,TLT,85.39966181662241,85.45805237176462,84.74760920071716,84.80599975585938,54679900.0
2026-03-11,XOM,146.046624457752,149.8164529995664,145.72095615785696,149.5894775390625,15297400.0
2026-03-12,AAPL,258.1992253881205,258.48871731031414,253.72719511663234,255.30438232421875,40794000.0
2026-03-12,GLD,475.0199890136719,475.0199890136719,466.6000061035156,466.8800048828125,11900600.0
2026-03-12,JPM,280.1279843639117,281.16797137675815,276.43363807803536,280.18743896484375,13760500.0
2026-03-12,META,647.0841872338415,651.8219905315074,635.2646391478804,636.5413208007812,11617500.0
2026-03-12,MSFT,402.9968458288957,404.4808221962511,400.0886180975,400.2380065917969,27263900.0
2026-03-12,NVDA,183.63027948516628,184.51824924312825,181.33552155955923,182.72235107421875,155762700.0
2026-03-12,SPY,665.9583993556241,666.4446526664856,660.7094193200438,660.89794921875,108882200.0
2026-03-12,TLT,84.5821505310539,84.91304018954794,84.45562778218175,84.64054107666016,48977000.0
2026-03-12,XOM,150.27042175538625,152.96456766631465,149.63882672348768,151.5138702392578,26054000.0
2026-03-13,AAPL,255.024890934378,255.87336762960538,249.07551643845036,249.6744384765625,36930000.0
2026-03-13,GLD,469.30999755859375,470.1000061035156,460.2200012207031,460.8399963378906,11741600.0
2026-03-13,JPM,281.9504072447318,284.4463214441296,280.2468381234208,280.7321472167969,9091200.0
2026-03-13,META,622.2880080608647,627.55441857404,607.9848031082139,612.1341552734375,18957600.0
2026-03-13,MSFT,399.3815063856616,403.16615688192843,392.65875035547907,393.9534912109375,26848000.0
2026-03-13,NVDA,184.49827615888313,185.6656060713691,179.5296376335348,179.83892822265625,160988400.0
2026-03-13,SPY,664.0831110227487,667.1293254881115,656.2343803863124,657.1571655273438,97200200.0
2026-03-13,TLT,84.60162223097306,84.81573082523211,84.15394399981548,84.2220687866211,43460000.0
2026-03-13,XOM,152.27376248734015,154.82974744779892,150.97108926767592,154.06985473632812,22414100.0
2026-03-16,AAPL,251.66090222791988,253.43773019062647,249.4348789230203,252.36964416503906,32074200.0
2026-03-16,GLD,461.2699890136719,462.79998779296875,456.9100036621094,460.42999267578125,8964100.0
2026-03-16,JPM,283.6044205599556,286.506421278288,281.89093739443587,283.4261474609375,8149000.0
2026-03-16,META,630.9168848948667,633.6621719731276,622.0321132511823,626.3746948242188,15134900.0
2026-03-16,MSFT,396.4633374914087,399.01300251860397,393.1965772756644,398.33575439453125,27733700.0
2026-03-16,NVDA,182.55273992235968,188.44926587891726,180.9962999229416,182.8021697998047,217307400.0
2026-03-16,SPY,663.1999840519829,666.8613885560293,661.9497395049242,663.844970703125,82023100.0
2026-03-16,TLT,84.84492734272017,85.00063796124844,84.6308187453294,84.8741226196289,37341500.0
2026-03-16,XOM,153.95143953087205,155.70806372597428,152.7277175392131,155.165283203125,22835600.0
2026-03-17,AAPL,252.5093881906664,254.67552076289968,251.7307636559193,253.77711486816406,32361600.0
2026-03-17,GLD,460.510009765625,462.2099914550781,456.8699951171875,459.2699890136719,7610100.0
2026-03-17,JPM,286.23902796907333,288.97266988082987,283.2181783456238,284.1492004394531,8961200.0
2026-03-17,META,626.9137167736849,635.4590438783874,620.6345187532272,621.5928344726562,10348800.0
2026-03-17,MSFT,398.6544574759768,402.7677932271478,396.1446394015159,397.7979431152344,26228300.0
2026-03-17,NVDA,184.63795767039014,184.97717862722422,181.26566108165355,181.5150909423828,182497800.0
2026-03-17,SPY,667.1788836379297,669.2129836950214,664.5097291491037,665.5912475585938,87128000.0
2026-03-17,TLT,85.02011831962221,85.22449271161096,84.98118880328444,85.10770416259766,19578100.0
2026-03-17,XOM,156.17188931021934,158.34299629210685,154.74093346250348,156.7245330810547,21592200.0
2026-03-18,AAPL,252.1799767808244,254.48585937367065,248.55643828829037,249.49476623535156,35757900.0
2026-03-18,GLD,446.6600036621094,450.05999755859375,444.3900146484375,444.739990234375,18375600.0
2026-03-18,JPM,284.08971801136914,286.6450865635814,282.3960631878955,284.99102783203125,10057000.0
2026-03-18,META,615.2837198825454,621.5829031274002,613.5566433895493,614.6248168945312,11726300.0
2026-03-18,MSFT,395.5271224277118,396.3936061005556,389.42185925959103,390.20867919921875,25908500.0
2026-03-18,NVDA,182.06384475172882,182.96180140975886,179.91875397930713,179.98858642578125,156683100.0
2026-03-18,SPY,663.1800557566115,664.5295009374192,656.0656417127632,656.3037719726562,82062600.0
2026-03-18,TLT,85.02009359435857,85.13688210940782,84.60161069673693,84.63080596923828,37596600.0
2026-03-18,XOM,157.56337795891957,158.07653857282673,155.46134390714047,155.5205535888672,18947100.0
2026-03-19,AAPL,248.95572868612365,251.38140795985734,246.85947863088072,248.5165252685547,34864100.0
2026-03-19,GLD,420.3599853515625,428.2699890136719,416.79998779296875,426.4100036621094,30206000.0
2026-03-19,JPM,284.13928904174674,286.7441681021885,281.900870340191,285.2188720703125,9846700.0
2026-03-19,META,611.1008889698486,611.9494078221777,601.2278243573462,605.6602172851562,13247700.0
2026-03-19,MSFT,388.52551763585893,390.90585551603124,385.4977789148814,387.4498596191406,25138800.0
2026-03-19,NVDA,177.60403750119184,179.56954607641802,175.38909905828712,178.1527862548828,170968500.0
2026-03-19,SPY,651.8783782687178,657.8418097710767,650.0923405870744,654.6864624023438,111272500.0
2026-03-19,TLT,84.72814633552983,85.38020641960215,84.64056049702431,85.1466293334961,60307400.0
2026-03-19,XOM,156.181761895178,157.46469361601712,152.80667432886895,156.0830841064453,27082700.0
2026-03-20,AAPL,247.53824109812177,248.75606899357115,245.56177255944445,247.54823303222656,88331100.0
2026-03-20,GLD,428.0899963378906,428.5899963378906,411.2300109863281,413.3800048828125,27204900.0
2026-03-20,JPM,285.3277943529036,287.9326733008621,282.5446423017302,283.82232666015625,22436500.0
2026-03-20,META,602.4957192983555,602.9249750667714,586.2435901825164,592.642578125,21214900.0
2026-03-20,MSFT,385.2288602760525,385.43800417098345,378.58576812261686,380.3287048339844,50853200.0
2026-03-20,NVDA,177.59405294207926,177.85345450506617,171.32837633709812,172.30613708496094,241323500.0
2026-03-20,SPY,653.2010079047443,653.380093364961,641.4703940766159,645.301025390625,163617500.0
2026-03-20,TLT,84.48482911685993,84.53349285838613,83.46295737021035,83.53108215332031,78948500.0
2026-03-20,XOM,157.25745219688022,160.3068712918422,157.01073514922803,157.5732421875,53942100.0
2026-03-23,AAPL,253.51758537106093,254.14646797882926,249.83415620831627,251.04200744628906,40546100.0
2026-03-23,GLD,405.1199951171875,414.5400085449219,399.6400146484375,404.0400085449219,36796800.0
2026-03-23,JPM,291.4982779446762,292.9245231806114,285.2188513876401,287.14031982421875,11470800.0
2026-03-23,META,604.7517959610541,607.5969482872343,597.9834469761715,603.0247802734375,13638000.0
2026-03-23,MSFT,382.3505545919761,385.64719283721575,380.1395134056624,381.4541931152344,29680100.0
2026-03-23,NVDA,176.85574153065542,177.96321071223454,174.36144294367455,175.23944091796875,182836300.0
2026-03-23,SPY,654.7531040433624,659.2801583045331,650.6439158314106,652.07666015625,134802700.0
2026-03-23,TLT,83.8717059731689,84.39724319586524,83.63813634920758,84.07608032226562,69686700.0
2026-03-23,XOM,154.06986435705824,159.30026902536085,152.9843183312989,159.0140838623047,25021300.0
2026-03-24,AAPL,249.90403139868116,254.37604644028636,249.10545347620703,251.1917266845703,45152300.0
2026-03-24,GLD,400.239990234375,407.2900085449219,399.20001220703125,404.1300048828125,17478500.0
2026-03-24,JPM,283.4360748065673,292.6571288676103,282.64369950840546,289.6065368652344,11092300.0
2026-03-24,META,598.0732713770465,599.9700396349708,589.9871770786485,591.9038696289062,10739700.0
2026-03-24,MSFT,380.8167328036651,380.9263046350485,370.34917314154325,371.2355651855469,42733600.0
2026-03-24,NVDA,174.4312942297872,175.81812366395545,173.58322660302642,174.80044555664062,147667800.0
2026-03-24,SPY,648.0371459178807,653.7183875512989,646.604401549905,649.8877563476562,96457500.0
2026-03-24,TLT,83.4240273172413,83.97875981181282,83.26830928540993,83.70626068115234,51799400.0
2026-03-24,XOM,159.58646273652485,165.2806813902276,159.13249674027693,163.20826721191406,26131800.0
2026-03-25,AAPL,253.6473574345128,254.5457480998694,251.15181088451408,252.16998291015625,28476700.0
2026-03-25,GLD,419.7099914550781,420.6600036621094,412.25,416.2900085449219,15713200.0
2026-03-25,JPM,291.3398308899875,294.7965097163498,289.6461758443202,292.59771728515625,12188200.0
2026-03-25,META,597.7138608396341,602.6354044215132,592.3830467312241,593.8704833984375,12585000.0
2026-03-25,MSFT,375.39872248264555,375.5381416220395,368.13813722010167,369.5424499511719,31181200.0
2026-03-25,NVDA,176.69612335614488,180.8067226806179,176.44669348987364,178.2725067138672,162602100.0
2026-03-25,SPY,655.3500504609481,657.5588924447279,650.9423865337293,653.5093994140625,90653800.0
2026-03-25,TLT,84.42644462556399,84.55295996754863,84.16367970758205,84.51403045654297,37861000.0
2026-03-25,XOM,161.71809435727107,162.83326029190215,160.79043579838304,161.11610412597656,17192300.0
2026-03-26,AAPL,251.67088153367666,256.5421934269488,250.32329549316128,252.43951416015625,41796700.0
2026-03-26,GLD,408.5299987792969,411.3699951171875,400.260009765625,400.6400146484375,15756300.0
2026-03-26,JPM,289.78478993876473,292.1717693530369,287.95248830787267,288.87359619140625,8669200.0
2026-03-26,META,581.4917396573854,582.0008753864581,542.4188017705425,546.6016235351562,35780100.0
2026-03-26,MSFT,369.32332012922615,373.2075730440749,363.7160388213271,364.4928894042969,36836600.0
2026-03-26,NVDA,175.66847416549638,176.10745794358192,170.74970926821888,170.8494873046875,186152200.0
2026-03-26,SPY,648.773401781548,651.5493174066021,641.5699034672713,641.8385620117188,96494400.0
2026-03-26,TLT,84.02742427835084,84.29019662629321,83.62840977690765,83.8035888671875,39537000.0
2026-03-26,XOM,161.9351991047626,163.50431592661914,159.9318578661477,163.25759887695312,18625200.0
2026-03-27,AAPL,253.4477020992108,255.03488128462607,247.6281009352486,248.35679626464844,47900000.0
2026-03-27,GLD,406.20001220703125,418.3999938964844,405.4100036621094,414.70001220703125,16580700.0
2026-03-27,JPM,286.3777093696089,287.3384134369941,279.05829538327214,280.13787841796875,9873300.0
2026-03-27,META,539.1743922574078,542.6683942166816,519.3684267008094,524.8190307617188,30133000.0
2026-03-27,MSFT,360.43934753557875,360.9871459448897,355.07111764854045,355.3300476074219,37883400.0
2026-03-27,NVDA,169.61229451028825,170.58008352629554,166.62910808502988,167.13795471191406,196212700.0
2026-03-27,SPY,639.2615657472361,639.4207325687934,629.9188801961861,630.8939819335938,103649400.0
2026-03-27,TLT,83.20991895238186,83.79384672317916,83.16125521104689,83.3461685180664,39928900.0
2026-03-27,XOM,163.4056378300655,168.98143711851466,162.63588184124913,168.74459838867188,30338300.0
2026-03-30,AAPL,249.62453299565456,250.4230956915925,245.07264337813007,246.19065856933594,39446200.0
2026-03-30,GLD,419.5400085449219,420.1000061035156,412.6600036621094,414.5799865722656,13172100.0
2026-03-30,JPM,282.01972478590784,284.50575515603197,279.6327451103039,281.0589904785156,11734400.0
2026-03-30,META,535.4607543945312,538.6253045735799,527.6341638126921,535.4607543945312,22795200.0
2026-03-30,MSFT,360.43933630538186,363.88536295562653,354.84202394218255,357.5111999511719,44797000.0
2026-03-30,NVDA,168.3950875250076,169.0635577295173,163.89537828689438,164.79331970214844,185627000.0
2026-03-30,SPY,636.8836547011163,637.1423539459004,626.108284608157,628.78466796875,99275900.0
2026-03-30,TLT,84.30965888534955,84.62108755866606,84.1734093048389,84.45564270019531,36473200.0
2026-03-30,XOM,170.2446285433427,174.09342357607832,168.80380939743299,169.21829223632812,29813500.0
2026-03-31,AAPL,247.46837564153284,255.02488248828539,246.65982101631488,253.337890625,49598100.0
2026-03-31,GLD,420.0799865722656,430.57000732421875,419.5899963378906,430.2900085449219,14534300.0
2026-03-31,JPM,285.71408872506316,292.25104134220237,282.22772810140145,291.3497314453125,12956900.0
2026-03-31,META,549.0374119135495,572.7067990959439,545.8329522821889,571.1494750976562,32898300.0
2026-03-31,MSFT,363.07862179545566,371.3949263066763,361.6046146993887,368.67596435546875,45244400.0
2026-03-31,NVDA,166.58922503111532,174.22177306603788,166.57925331681818,174.0022735595703,226181300.0
2026-03-31,SPY,635.719508676349,648.255975728372,634.7643255692599,647.0620727539062,152534100.0
2026-03-31,TLT,84.60162690076756,84.82546974122435,84.25126871355842,84.36805725097656,47112200.0
2026-03-31,XOM,170.40252029916738,172.09007144795677,163.79050675840085,167.4320526123047,32006700.0
2026-04-01,AAPL,253.62737973002484,255.7236296181179,252.8787157917901,255.17462158203125,40059400.0
2026-04-01,GLD,435.0,440.19000244140625,433.760009765625,437.82000732421875,14133100.0
2026-04-01,JPM,292.567989087923,295.8661624411999,290.1116710297465,292.5580749511719,11267200.0
2026-04-01,META,579.135725523027,591.5344219412718,572.8365426099092,578.2372436523438,23608100.0
2026-04-01,MSFT,371.98254731341393,372.48052926345224,366.7139201659809,367.8791809082031,29417200.0
2026-04-01,NVDA,175.59862725595661,176.96549806235143,174.3514779146501,175.3491973876953,168132000.0
2026-04-01,SPY,650.6041659517412,655.2008748639518,649.7086779392242,651.9373779296875,97841500.0
2026-04-01,TLT,84.30453483331513,84.7246898659868,84.25568410445834,84.28499603271484,31157600.0
2026-04-01,XOM,163.59314847597437,165.79386038255356,157.43508538359336,158.66867065429688,37927600.0
2026-04-02,AAPL,253.74717405681358,255.6737439434535,250.20349485503914,255.464111328125,31289400.0
2026-04-02,GLD,422.2900085449219,431.6700134277344,421.1700134277344,429.4100036621094,10838600.0
2026-04-02,JPM,289.1212191631598,292.7957669317203,285.9616926535428,291.7855224609375,6669300.0
2026-04-02,META,565.0699110449033,577.5085793033603,558.7408105198895,573.4755249023438,13518500.0
2026-04-02,MSFT,365.7278929006101,372.1319638369453,362.680245817395,371.9526672363281,24099100.0
2026-04-02,NVDA,171.7873183615289,177.0852211444685,170.9791680862979,176.98544311523438,143143200.0
2026-04-02,SPY,643.161809607987,654.8824636102106,641.858414876014,652.5244140625,68358700.0
2026-04-02,TLT,84.23614949707051,84.86149556872091,84.17752563245116,84.80287170410156,33310600.0
2026-04-02,XOM,162.32995131495318,164.70829216920555,157.4942882287153,158.57984924316406,25377700.0
2026-04-06,AAPL,256.053045051996,261.6929736576745,256.003115847535,258.3988342285156,29329900.0
2026-04-06,GLD,428.8699951171875,431.489990234375,426.7099914550781,427.6499938964844,5417300.0
2026-04-06,JPM,292.7412191857173,295.4987855589938,291.88509063240025,294.125,7142600.0
2026-04-06,META,576.7000047794845,581.7912404462878,571.0197533967594,572.0380249023438,9515700.0
2026-04-06,MSFT,371.9825539180967,372.22160592655575,368.0086676124431,371.3750305175781,16146600.0
2026-04-06,NVDA,176.75597747742694,177.3845303646084,175.35916114415525,177.23487854003906,107564300.0
2026-04-06,SPY,652.5542919409455,656.3948220300638,652.2160396308291,655.6088256835938,39105800.0
2026-04-06,TLT,84.5195019295368,84.86148686258666,84.41201988561934,84.66606903076172,14660300.0
2026-04-06,XOM,158.46143620148837,161.59966989102813,157.4350848271786,161.2246551513672,16344300.0
2026-04-07,AAPL,255.70368128016966,255.7436185540334,245.2623079794448,253.0484161376953,62148000.0
2026-04-07,GLD,427.8999938964844,433.42999267578125,423.1000061035156,431.80999755859375,7263500.0
2026-04-07,JPM,291.8253790066561,296.8427544058445,291.38734983011653,296.0662536621094,7849100.0
2026-04-07,META,571.4988503418972,574.2441373249518,563.7921103124964,574.064453125,9580800.0
2026-04-07,MSFT,368.8452727581139,370.9467724245638,365.080530373921,370.78741455078125,21443300.0
2026-04-07,NVDA,175.32922705160684,177.8235255680002,173.26395579650787,177.69383239746094,132534900.0
2026-04-07,SPY,653.3402849463747,656.285326673986,647.7784337275787,655.8972778320312,69980400.0
2026-04-07,TLT,84.53904060461981,84.69538083361631,83.94301398202988,84.65629577636719,22747200.0
2026-04-07,XOM,162.06349508840393,164.0569730451393,159.64567103873514,161.757568359375,25227500.0
2026-04-08,AAPL,257.98960165960847,259.2872736156141,256.0730086009651,258.43878173828125,41032800.0
2026-04-08,GLD,439.9800109863281,440.44000244140625,431.30999755859375,434.5299987792969,9689700.0
2026-04-08,JPM,306.5888366699219,309.8640903908154,303.96066179364243,306.5888366699219,10590200.0
2026-04-08,META,604.9614419693103,628.8704088339113,590.8157434643455,611.3704223632812,32036600.0
2026-04-08,MSFT,383.4261612830284,383.44606961738685,369.91092498913014,372.8191223144531,33064800.0
2026-04-08,NVDA,184.079243714486,184.83750503722598,179.8888249511496,181.66476440429688,147732700.0
2026-04-08,SPY,672.980811715349,673.6673363432215,668.0756676404139,672.6027221679688,93606100.0
2026-04-08,TLT,85.35979871409674,85.36957184057772,84.74422593059771,84.92987060546875,22244900.0
2026-04-08,XOM,151.50400750448705,154.29684626632607,148.99735388970248,154.16854858398438,31311200.0
2026-04-09,AAPL,258.5386040524215,260.65482250105316,255.6138310165902,260.02593994140625,28121600.0
2026-04-09,GLD,436.4700012207031,440.9100036621094,435.8699951171875,437.9100036621094,6748500.0
2026-04-09,JPM,305.5734164156603,309.8640846884941,304.73715687535,308.938232421875,6586600.0
2026-04-09,META,625.8954391113879,636.4074215325429,621.9322723369008,627.3130493164062,19012900.0
2026-04-09,MSFT,370.9965328148009,371.9924966612836,365.5685176937085,371.5642395019531,30435300.0
2026-04-09,NVDA,181.42529878487736,183.6601958045732,180.20807985372045,183.49058532714844,116428500.0
2026-04-09,SPY,671.438579338256,677.7266707213284,670.3739652533407,676.4829711914062,57134400.0
2026-04-09,TLT,84.70515437062019,85.13507509301162,84.41202016719254,84.71492004394531,18909100.0
2026-04-09,XOM,154.80013554578184,157.1390081962723,152.2836188014346,153.0040283203125,25868400.0
2026-04-10,AAPL,259.5168819122501,261.7229364827484,258.5585701252562,260.0159912109375,31291500.0
2026-04-10,GLD,438.5899963378906,440.3500061035156,436.0,437.1300048828125,6193300.0
2026-04-10,JPM,308.6097380099313,308.9581744354404,305.344449093958,308.4803161621094,6069700.0
2026-04-10,META,633.3826022362973,637.4856047359222,623.2600266965629,628.780517578125,13294800.0
2026-04-10,MSFT,371.47460743717505,374.1238749235223,368.5365019241105,369.37310791015625,28111100.0
2026-04-10,NVDA,183.88967366981893,189.56669990817062,183.87970195572368,188.1998291015625,160459500.0
2026-04-10,SPY,677.885949822129,678.5923930707559,675.0304203424645,676.0353393554688,42253500.0
2026-04-10,TLT,84.61720952026151,84.69537963365224,84.35339470595821,84.50972747802734,13247700.0
2026-04-10,XOM,152.01717031912833,153.08298977804927,149.92501456184667,150.50726318359375,21065000.0
2026-04-13,AAPL,259.2673359057164,259.71651601158027,256.2027973984465,258.73828125,36234700.0
2026-04-13,GLD,434.7799987792969,436.2200012207031,431.6300048828125,435.3599853515625,5549400.0
2026-04-13,JPM,306.0910825316173,312.33295236293975,304.0900871089203,312.2732238769531,8318200.0
2026-04-13,META,628.4211571313969,633.911731180996,623.3299219303536,633.4425659179688,9538900.0
2026-04-13,MSFT,372.10205289266787,382.98796126737693,369.5225100750242,382.8186340332031,35745800.0
2026-04-13,NVDA,185.605746824658,189.2274732756209,185.3164148846483,188.87826538085938,133648200.0
2026-04-13,SPY,673.9956432299357,682.8408497944083,673.1698703787699,682.641845703125,54185800.0
2026-04-13,TLT,84.46088641026843,84.81264450605448,84.27523423340547,84.76378631591797,12719700.0
2026-04-13,XOM,152.244159041483,152.58955387101517,149.29341774875434,150.63555908203125,18685600.0
2026-04-14,AAPL,258.78816168339415,261.4633801130582,256.73183388682423,258.368896484375,48370700.0
2026-04-14,GLD,439.32000732421875,445.17999267578125,439.0199890136719,445.0899963378906,8731700.0
2026-04-14,JPM,308.4305432499699,312.91036189245165,307.4847916064935,309.7247009277344,11455500.0
2026-04-14,META,642.117619704398,665.1181727259973,638.2742422102883,661.3546142578125,17818000.0
2026-04-14,MSFT,386.3543213772784,393.09698589720546,384.95994763093,391.5233459472656,37504500.0
2026-04-14,NVDA,190.40477641072036,196.0618438720703,190.33494396561244,196.0618438720703,161307000.0
2026-04-14,SPY,684.2238203737314,691.0791070995066,684.193942434314,690.959716796875,63480500.0
2026-04-14,TLT,84.7149240192169,85.24256113731872,84.64652702916922,85.21324920654297,16606900.0
2026-04-14,XOM,148.09931479763057,148.13878289907458,144.79330037579695,147.28021240234375,18528200.0
2026-04-15,AAPL,257.7001261657452,266.08515659729386,257.35074355126085,265.95538330078125,49913500.0
2026-04-15,GLD,442.8800048828125,443.739990234375,439.6000061035156,440.4599914550781,6455900.0
2026-04-15,JPM,312.54203541599225,312.8307129741003,302.8954898881459,304.5579833984375,9885800.0
2026-04-15,META,665.856909197143,677.3372007350248,663.081644256971,670.4290771484375,14952600.0
2026-04-15,MSFT,396.3936283702306,412.69755239260473,395.1287651714373,409.5602722167969,45063400.0
2026-04-15,NVDA,196.09178511161633,199.94298301571828,195.2936216855987,198.41647338867188,185338400.0
2026-04-15,SPY,691.7557051691649,696.7504224001667,690.7010502942645,696.412109375,58240400.0
2026-04-15,TLT,85.02760181586605,85.07646000637921,84.74424816597207,84.84195709228516,15119600.0
2026-04-15,XOM,146.6486181452608,148.25720304523475,144.97093018596462,147.05322265625,15626500.0
2026-04-16,AAPL,266.3246925362851,266.6840670491935,260.804545264895,262.9307556152344,43323100.0
2026-04-16,GLD,442.1499938964844,442.9800109863281,438.17999267578125,440.0799865722656,5350100.0
2026-04-16,JPM,303.98059076810495,308.5599670410156,303.8312695552229,308.5599670410156,8208600.0
2026-04-16,META,674.831464225754,676.4187660594131,666.605595861725,675.7099609375,9544800.0
2026-04-16,MSFT,418.16537187855886,419.12151906860663,410.4765600541581,418.56378173828125,41642400.0
2026-04-16,NVDA,196.97974400923295,199.39423847906178,195.36344336942167,197.8976593017578,134012900.0
2026-04-16,SPY,697.5264615426626,699.2378238459212,695.0092450197437,698.1234130859375,49972400.0
2026-04-16,TLT,84.92988858386036,84.97874677189655,84.22637242253114,84.3045425415039,20001000.0
2026-04-16,XOM,147.56639837260283,150.77371997111916,147.3887693274927,149.98422241210938,15191000.0
2026-04-17,AAPL,266.4844323486072,271.8149160854778,266.24486962975914,269.7486267089844,61436200.0
2026-04-17,GLD,445.6499938964844,448.70001220703125,445.32000732421875,445.92999267578125,9712000.0
2026-04-17,JPM,311.068653468178,313.4877482505245,308.69932229637936,308.8984375,11082400.0
2026-04-17,META,677.4369744478516,690.3348757077041,673.9729506648888,687.3699340820312,16283500.0
2026-04-17,MSFT,423.10539315661504,429.83808848207923,418.99205736838906,421.0835876464844,48568200.0
2026-04-17,NVDA,199.44410763257105,201.2400056483541,198.8155547450397,201.2200469970703,160324400.0
2026-04-17,SPY,702.5808909886877,708.7993894133457,702.2028014262665,706.5607299804688,70661900.0
2026-04-17,TLT,85.05690773292008,85.21324049932065,84.90056751180745,85.07644653320312,29604100.0
2026-04-17,XOM,142.9577294539512,144.87225619004138,140.10568093036503,144.51698303222656,28947400.0
2026-04-20,AAPL,269.84841238867654,273.7913879220191,269.80850557942483,272.5635681152344,36590200.0
2026-04-20,GLD,443.1300048828125,443.4200134277344,440.04998779296875,442.0899963378906,8473000.0
2026-04-20,JPM,309.45594165814435,315.70777661938337,308.9780833700189,315.5683898925781,10772000.0
2026-04-20,META,680.192296240317,682.2088539380842,666.8552067290691,669.7601928710938,12534000.0
2026-04-20,MSFT,419.4501847919345,421.6213787702164,414.6197538627068,416.38262939453125,27582200.0
2026-04-20,NVDA,199.52392392325544,201.70893187328167,197.38880498867078,201.59918212890625,119381400.0
2026-04-20,SPY,705.20752199003,706.3317705126415,702.5808139687996,705.1477661132812,43546800.0
2026-04-20,TLT,85.11553914396822,85.13507794598569,84.72469601120457,85.05691528320312,14623500.0
2026-04-20,XOM,145.44462849031555,147.40848641370326,144.42815553036803,145.7406768798828,16354400.0
2026-04-21,AAPL,271.0163536236942,272.3140256362382,264.9272139873882,265.69586181640625,50209800.0
2026-04-21,GLD,438.54998779296875,440.25,428.7099914550781,429.57000732421875,9480000.0
2026-04-21,JPM,316.0661368489313,318.8038038717339,311.3474041387296,311.5962829589844,7084300.0
2026-04-21,META,669.8500580611455,675.0411586256739,666.1863646700106,667.6937866210938,8660100.0
2026-04-21,MSFT,418.5438369146158,425.45582843737157,415.516128706763,422.4480285644531,32048500.0
2026-04-21,NVDA,201.66904795828867,202.28762917830338,198.54618104306965,199.42417907714844,107945300.0
2026-04-21,SPY,706.7000123508461,707.6949720613851,699.098505587723,700.53125,58941400.0
2026-04-21,TLT,84.97874136969918,85.0959890859919,84.54881319739283,84.58789825439453,19798700.0
2026-04-21,XOM,145.43476869638585,146.8558613809694,144.31961781734506,146.41177368164062,17515900.0
2026-04-22,AAPL,267.3429346055621,273.2523721409737,266.39461467279705,272.68341064453125,43249200.0
2026-04-22,GLD,436.2699890136719,437.1700134277344,433.7799987792969,435.260009765625,5178100.0
2026-04-22,JPM,313.43799038623484,313.73663281642627,310.5410372905177,311.6161804199219,5545900.0
2026-04-22,META,673.2042912464699,677.2174214115423,668.6022063234784,673.5636596679688,9215600.0
2026-04-22,MSFT,424.4698510786937,431.9495495900464,421.9600330275293,431.1726989746094,29378200.0
2026-04-22,NVDA,200.53164182940822,202.03819274902344,198.54617460274403,202.03819274902344,107501000.0
2026-04-22,SPY,705.5756906371417,707.8640857857167,704.6503246823615,707.6253051757812,42518500.0
2026-04-22,TLT,85.05690510811453,85.16438714313462,84.72468587585833,84.75399780273438,13676800.0
2026-04-22,XOM,147.40849126178932,148.70128613345972,146.2341157498405,147.5367889404297,13738700.0
2026-04-23,AAPL,274.56001085217736,275.2787294551341,271.1660737405759,272.9429016113281,33399600.0
2026-04-23,GLD,433.9599914550781,435.2900085449219,428.2200012207031,431.0400085449219,4976400.0
2026-04-23,JPM,312.11395497732667,313.57736372602733,307.5047445243564,310.29217529296875,6969700.0
2026-04-23,META,662.562575853328,668.412518474367,651.9308032468797,658.0203857421875,11667000.0
2026-04-23,MSFT,418.19529609754903,421.9500690544079,409.7495112929088,414.0719909667969,38308000.0
2026-04-23,NVDA,201.99828375930824,203.3651545152774,196.77022843278436,199.18470764160156,113561800.0
2026-04-23,SPY,705.9239069650033,708.7694771316526,698.7403270820959,704.8792114257812,56174000.0
2026-04-23,TLT,84.8419473190464,85.04713827708119,84.26545204719518,84.568359375,21106700.0
2026-04-23,XOM,147.88220528695376,149.24407315856882,146.54992719815058,148.5532684326172,12970400.0
2026-04-24,AAPL,272.2741016414235,272.5735550213531,269.16962610782736,270.5771179199219,38157100.0
2026-04-24,GLD,431.3399963378906,435.2799987792969,430.6499938964844,433.25,5924100.0
2026-04-24,JPM,309.7545850384977,309.7545850384977,306.5092257615542,306.8974609375,5215300.0
2026-04-24,META,659.1883568751083,679.5034568571632,652.719481738207,673.8731689453125,13348300.0
2026-04-24,MSFT,415.28707116170386,423.23487407473965,414.12178001797366,422.90618896484375,27457400.0
2026-04-24,NVDA,199.50398270942756,210.46890943516505,199.35431566144254,207.79502868652344,214134400.0
2026-04-24,SPY,707.1676287635845,710.8688498134599,705.4364085481575,710.341552734375,45182000.0
2026-04-24,TLT,84.48041728002332,84.83217534277613,84.27522631920293,84.72469329833984,22285700.0
2026-04-24,XOM,147.6749536212974,148.32629023309528,145.02027581191402,146.9545440673828,13735900.0
2026-04-27,AAPL,265.6159889280984,267.88193422863776,264.59781690250213,267.1332702636719,41466800.0
2026-04-27,GLD,431.6600036621094,431.79998779296875,428.5199890136719,429.8900146484375,6105200.0
2026-04-27,JPM,305.50372444273444,311.1781431330245,305.50372444273444,310.232421875,7925300.0
2026-04-27,META,669.8500343121515,681.330325511242,669.6903353309991,677.4569702148438,12805200.0
2026-04-27,MSFT,420.6752229306716,425.38611256831246,415.3866572294081,423.1053771972656,30867300.0
2026-04-27,NVDA,209.17187844164343,216.33551207209098,206.90706623150768,216.1160125732422,187172400.0
2026-04-27,SPY,709.5753882284523,712.023010938504,708.7097781525541,711.5653076171875,33135900.0
2026-04-27,TLT,84.5097335127728,84.63676181978175,84.21660674869418,84.3045425415039,19250100.0
2026-04-27,XOM,147.20125131114554,149.19471405683467,146.02687584763237,146.24398803710938,13940800.0
2026-04-28,AAPL,271.8548539018017,272.7432830913257,268.181416710472,270.2277526855469,40018900.0
2026-04-28,GLD,420.7200012207031,422.5199890136719,418.3999938964844,421.9100036621094,7723400.0
2026-04-28,JPM,313.78643555890045,314.03531438457196,309.7745101043047,310.0532531738281,7398600.0
2026-04-28,META,673.0844464119266,677.0176962940845,664.489217253305,670.189453125,10606800.0
2026-04-28,MSFT,422.8563830057505,428.1847957314844,420.197146128082,427.5174865722656,30438100.0
2026-04-28,NVDA,209.01225288404052,214.2402930542568,207.72518626919629,212.68385314941406,180275400.0
2026-04-28,SPY,708.2321938525355,709.2868486650957,705.6751402340362,708.1028442382812,43117400.0
2026-04-28,TLT,84.14821053924325,84.39248657226562,83.97233149727863,84.39248657226562,14553600.0
2026-04-28,XOM,149.54013382081567,150.30988979505028,147.86246092975082,148.58287048339844,15173600.0
2026-04-29,AAPL,267.07336249706583,270.55716597281076,266.56429174844374,269.688720703125,30047900.0
2026-04-29,GLD,416.739990234375,419.1700134277344,414.1600036621094,417.4100036621094,6452600.0
2026-04-29,JPM,309.1771855961317,310.65052875636707,305.91189671624613,307.86309814453125,8031800.0
2026-04-29,META,667.7636045616339,673.0944797535534,662.6723692427279,667.9732666015625,18947500.0
2026-04-29,MSFT,422.8663369761165,425.0973167681131,418.59367375245296,422.746826171875,38288300.0
2026-04-29,NVDA,212.2149257168926,212.23488436877426,207.10660696252424,208.77279663085938,123711800.0
2026-04-29,SPY,707.4163145996059,708.6102783309316,704.7995658491443,707.993408203125,41859200.0
2026-04-29,TLT,84.02117693193382,84.02117693193382,83.59125621013386,83.7378158569336,29020800.0
2026-04-29,XOM,150.02370608327118,152.9152226446687,149.0269595764905,152.63890075683594,14669100.0
2026-04-30,AAPL,270.018146234023,275.50834883767226,267.6623648300734,270.86663818359375,91848200.0
2026-04-30,GLD,425.3399963378906,425.4599914550781,422.739990234375,423.6600036621094,6732800.0
2026-04-30,JPM,305.6928786901284,312.6913497643884,305.1951210592971,311.82525634765625,8865400.0
2026-04-30,META,618.2586017744245,619.7859479396749,598.9717055442339,610.8612670898438,52765000.0
2026-04-30,MSFT,409.15192465494977,412.74737011555624,396.4035989759817,406.1341552734375,70909400.0
2026-04-30,NVDA,209.45124259423534,209.82040915320695,198.24685712515335,199.11488342285156,225239200.0
2026-04-30,SPY,711.0280636665188,716.1620290590424,706.8691393587039,715.0377197265625,67240900.0
2026-04-30,TLT,83.92346752737745,83.9332406553447,83.43491549498862,83.65965270996094,28516200.0
2026-04-30,XOM,150.42831657823265,153.6455166348819,149.35263382507475,152.30337524414062,22885900.0
2026-05-01,AAPL,278.36321169794013,286.7083346607987,277.87409435408995,279.6409606933594,79915400.0
2026-05-01,GLD,421.4100036621094,427.92999267578125,421.0799865722656,423.17999267578125,5911500.0
2026-05-01,JPM,312.54203812020876,314.6624601726697,310.43152018106696,311.06866455078125,6135400.0
2026-05-01,META,613.6365485572411,617.8193701850194,605.0712358749745,607.7067260742188,21404000.0
2026-05-01,MSFT,411.1338775963461,415.4264794885345,408.7834174283456,412.76727294921875,31372400.0
2026-05-01,NVDA,200.8209691272831,202.5370477944956,196.67045257290908,197.99742126464844,128647000.0
2026-05-01,SPY,717.6146516977453,721.216400793299,716.8385540170647,717.0177001953125,43049800.0
2026-05-01,TLT,83.85089181302966,84.34124790550352,83.69397427196274,83.95877075195312,21281000.0
2026-05-01,XOM,150.60596441338373,152.97444219282582,149.14540361800823,150.74412536621094,15458200.0
2026-05-04,AAPL,279.16182884121525,280.13010214166496,274.3703610857382,276.33685302734375,46668400.0
2026-05-04,GLD,418.8399963378906,420.8599853515625,413.2799987792969,414.7099914550781,7285700.0
2026-05-04,JPM,309.22694520939064,309.2568094519629,305.13539207341324,306.270263671875,7338200.0
2026-05-04,META,606.8981537761392,612.9477660987843,601.7170456287333,609.3638916015625,16203900.0
2026-05-04,MSFT,409.87897009526375,419.0816663151199,409.14193618030583,411.9505615234375,28066500.0
2026-05-04,NVDA,199.04502180842945,201.2699318245734,194.29588290907526,198.02734375,125368100.0
2026-05-04,SPY,716.4406056700121,718.4802608161392,711.3861936216806,714.3909912109375,51950600.0
2026-05-04,TLT,83.70378146559442,83.71359068223404,83.12516488193657,83.32130432128906,27226000.0
2026-05-04,XOM,150.66515846041094,152.4415241398171,147.55652981525986,151.67176818847656,14238500.0
2026-05-05,AAPL,276.43668191704,284.0630869835518,276.00745521106614,283.67376708984375,49311700.0
2026-05-05,GLD,420.1499938964844,421.1600036621094,417.9100036621094,418.2699890136719,4279900.0
2026-05-05,JPM,306.32999740556414,309.5753869306937,305.42407485773,308.0124206542969,6316800.0
2026-05-05,META,612.2588828439087,613.2970785161436,599.3310648754198,603.9232177734375,17171300.0
2026-05-05,MSFT,413.6437044066962,415.09780308537887,407.1500007946646,409.7196044921875,25700900.0
2026-05-05,NVDA,198.84548202478717,199.7833407086998,195.58293528206713,196.05186462402344,113406600.0
2026-05-05,SPY,718.1320898558575,721.3855668152729,717.8534719876392,720.1220092773438,36933200.0
2026-05-05,TLT,83.50763600370894,83.84107452300874,83.44878819035527,83.78223419189453,18226500.0
2026-05-05,XOM,151.0895365909912,153.250765430774,150.40859508241783,152.84616088867188,12494600.0
2026-05-06,AAPL,281.4177950537395,287.5168959460148,280.5693031693742,286.9978332519531,58336100.0
2026-05-06,GLD,430.1499938964844,433.19000244140625,429.6000061035156,430.9599914550781,7013900.0
2026-05-06,JPM,310.0532528884956,314.84167905955115,309.95369528217543,313.4877624511719,8629500.0
2026-05-06,META,600.0199080772063,618.8875416216711,597.0749516023062,611.8296508789062,19915500.0
2026-05-06,MSFT,406.3532485673598,416.73120520087787,403.4748984673602,412.2891845703125,30285900.0
2026-05-06,NVDA,199.43413852494058,207.7950323152332,198.15705885791613,207.3560333251953,188362800.0
2026-05-06,SPY,724.489821452625,730.8874657022126,724.1515691652952,730.1312866210938,53288900.0
2026-05-06,TLT,84.39028045627822,84.5079611213997,84.26278309274375,84.4197006225586,22530700.0
2026-05-06,XOM,147.11245676905406,148.3559053389129,145.15844679845733,146.73744201660156,20527000.0
2026-05-07,AAPL,288.75467457606095,291.60959552514373,285.2709015174152,286.9279479980469,45224300.0
2026-05-07,GLD,435.6099853515625,437.4200134277344,430.25,431.67999267578125,6816200.0
2026-05-07,JPM,313.23887676443206,314.8814709002291,304.76706239082745,304.8964538574219,8359600.0
2026-05-07,META,613.6664846485507,623.9089111604618,612.4885142038465,615.7529296875,12307400.0
2026-05-07,MSFT,418.41437649189606,426.25263786097554,417.06984955189336,419.07171630859375,34942400.0
2026-05-07,NVDA,207.86487247229027,213.7115092245668,206.02907228582575,211.01766967773438,168307900.0
2026-05-07,SPY,731.3451201928577,732.4196936796947,726.0718458933673,727.8926391601562,51724600.0
2026-05-07,TLT,84.61583940310264,84.62564861920069,83.94895487098763,83.99799346923828,21178300.0
2026-05-07,XOM,144.87224830738384,145.14857018638108,142.29652181797798,144.65513610839844,22509400.0
2026-05-08,AAPL,289.49338424193445,294.2349225642168,289.48339230776435,292.7974853515625,52692800.0
2026-05-08,GLD,434.04998779296875,436.20001220703125,431.70001220703125,433.7699890136719,5380800.0
2026-05-08,JPM,306.86759124184925,307.60426284206056,299.1523476664256,300.74517822265625,9464300.0
2026-05-08,META,614.145727971313,615.7130447332122,605.0213768033159,608.5852661132812,13557000.0
2026-05-08,MSFT,415.70537649227293,416.9403619714099,412.32904436576047,413.44451904296875,33383800.0
2026-05-08,NVDA,212.5441790763045,217.30330524675068,212.40449895841255,214.709228515625,136421400.0
2026-05-08,SPY,731.2257166531052,734.359863963193,730.8675457398152,733.9021606445312,47227100.0
2026-05-08,TLT,84.40008219021192,84.6158400525875,84.33143264147783,84.4197006225586,30797600.0
2026-05-08,XOM,143.9347293661345,144.5761876566039,142.03006595775787,142.67153930664062,19550100.0
2026-05-11,AAPL,291.72841688276577,293.6267735875138,289.979924827367,292.42779541015625,42247300.0
2026-05-11,GLD,434.17999267578125,436.0400085449219,432.2099914550781,434.6499938964844,5569100.0
2026-05-11,JPM,300.74515961007836,301.83026757429667,297.5395993270601,298.6545715332031,9512000.0
2026-05-11,META,603.533915527778,603.8732987260729,597.0550476209405,597.8336791992188,15940600.0
2026-05-11,MSFT,406.22377045102496,411.02432350049145,403.86334099070683,410.99444580078125,35657900.0
2026-05-11,NVDA,213.55186573785767,221.79303819063418,213.40221390900197,218.93955993652344,160685800.0
2026-05-11,SPY,732.7380586745534,737.0561496205491,732.7380586745534,735.5736694335938,44024000.0
2026-05-11,TLT,84.22355659203403,84.26278597583,83.8410794528233,83.90972900390625,17713700.0
2026-05-11,XOM,144.10249054277546,147.75389966236088,144.08274896354814,147.71441650390625,14849500.0
2026-05-12,AAPL,292.3078994315659,295.0155556946294,292.3078994315659,294.54595947265625,45748100.0
2026-05-12,GLD,430.70001220703125,432.9800109863281,425.8500061035156,432.92999267578125,6660900.0
2026-05-12,JPM,298.67447538308426,304.6873960201211,294.2245209852311,303.5126953125,9498200.0
2026-05-12,META,593.8005792809215,602.7152673522038,591.5843523282613,601.966552734375,11351600.0
2026-05-12,MSFT,412.8071154720842,413.8229876767416,404.9987623844293,406.1241760253906,38594200.0
2026-05-12,NVDA,218.05159434962442,223.23973257586303,214.42986778297353,220.27650451660156,159176600.0
2026-05-12,SPY,733.1758744234386,735.1160580011854,728.1413807257971,734.4593505859375,54185300.0
2026-05-12,TLT,83.54686253796892,83.5566642713276,83.28206609250017,83.35071563720703,27680600.0
2026-05-12,XOM,149.26381574762087,149.8164595321171,147.80325502310743,148.65196228027344,16443100.0
2026-05-13,AAPL,293.24708951115105,300.6607090744109,293.24708951115105,298.6124572753906,52684300.0
2026-05-13,GLD,430.5199890136719,432.489990234375,428.75,430.5,4180300.0
2026-05-13,JPM,300.91440289675086,301.6411400127173,298.72428743531935,298.9034729003906,7709500.0
2026-05-13,META,597.8037594995824,618.837657653709,595.6374345129168,615.5732421875,14634400.0
2026-05-13,MSFT,401.57265715241186,404.6700902960666,399.41140211310335,403.57452392578125,29667100.0
2026-05-13,NVDA,224.41703053540263,227.32039781394542,221.0647077692387,225.3149871826172,150405400.0
2026-05-13,SPY,734.7478704606156,740.1604537310201,731.7629913201908,738.5685424804688,44200200.0
2026-05-13,TLT,83.30169730383751,83.40957624524754,82.95844204540181,83.16439819335938,26295100.0
2026-05-13,XOM,148.0894397413527,149.79671751167356,147.71442500651165,149.57962036132812,15772800.0
2026-05-14,AAPL,299.5616620172475,300.1911240450107,295.12548538387824,297.9530334472656,35324900.0
2026-05-14,GLD,430.29998779296875,431.5400085449219,427.1000061035156,427.2099914550781,4021400.0
2026-05-14,JPM,300.8945046380796,302.38777761395096,297.4699295162906,298.56500244140625,7364300.0
2026-05-14,META,614.944289073115,622.6610217742586,613.9460028895547,617.3701171875,10651200.0
2026-05-14,MSFT,402.8474630718804,410.17774231087935,399.2619871856725,407.7774658203125,27077500.0
2026-05-14,NVDA,229.32582552778115,236.00055597235212,228.77707677625682,235.202392578125,180782900.0
2026-05-14,SPY,739.9018102364839,745.7521781705404,739.8122371427646,744.3989868164062,45307600.0
2026-05-14,TLT,83.61551999634348,83.73320066569913,83.272272240323,83.28207397460938,25247200.0
2026-05-14,XOM,149.905263382453,151.10924370941106,149.27366837965636,150.77371215820312,11331500.0
2026-05-15,AAPL,297.643304079477,302.93875555297063,296.26448829773227,299.9713134765625,54862800.0
2026-05-15,GLD,417.6400146484375,419.25,414.1199951171875,417.2900085449219,9360400.0
2026-05-15,JPM,298.86362628854243,299.44104214981957,295.1205095874812,296.4743957519531,8699300.0
2026-05-15,META,612.9377281921389,620.1353935587166,608.2657561335159,613.1773071289062,13272600.0
2026-05-15,MSFT,412.5979239362014,426.4418454559798,411.2434277199191,420.2170715332031,50771200.0
2026-05-15,NVDA,229.23602944473367,230.9720668751014,223.7286287034134,224.80616760253906,180977600.0
2026-05-15,SPY,738.0511867146383,739.712813256131,734.2405345152865,735.4443969726562,60410800.0
2026-05-15,TLT,82.25232773552872,82.35039745052937,81.97772205839141,82.04637908935547,50796000.0
2026-05-15,XOM,152.7608516688576,156.98350935726506,152.01567678266807,156.90402221679688,27882400.0
2026-05-18,AAPL,299.98126929450746,300.4009207908792,294.6558756451712,297.5833435058594,34483000.0
2026-05-18,GLD,419.82000732421875,420.92999267578125,416.05999755859375,418.42999267578125,5628300.0
2026-05-18,JPM,296.6635495230975,299.908939014877,295.8870488301784,299.3813171386719,7546300.0
2026-05-18,META,608.0660990208263,614.5350350972873,602.6554048207697,610.1625366210938,13772400.0
2026-05-18,MSFT,414.93848271907115,423.40417602339767,413.9325494355234,421.83056640625,32564100.0
2026-05-18,NVDA,229.34577348371204,229.4754818886306,217.8719993892805,221.81300354003906,146280900.0
2026-05-18,SPY,736.1010471042457,737.682999009625,729.6935042484962,734.927001953125,47843900.0
2026-05-18,TLT,82.08559468015723,82.30135252591849,81.71292679890355,81.94829559326172,26166200.0
2026-05-18,XOM,156.30788510753027,160.6895017397437,154.23131965292822,159.45748901367188,20065200.0
2026-05-19,AAPL,296.7140952726279,300.2510533099592,296.09463441963413,298.7123718261719,42243600.0
2026-05-19,GLD,412.45001220703125,414.4700012207031,409.8800048828125,411.5,5419400.0
2026-05-19,JPM,299.7396822358739,300.436555061437,293.935841710235,294.3738708496094,8066900.0
2026-05-19,META,607.8763927177921,612.8778161384099,599.5207424161133,601.5772094726562,11749900.0
2026-05-19,MSFT,428.16486989475214,430.9535870211983,414.808990493047,415.7352600097656,33018700.0
2026-05-19,NVDA,219.11914008419038,223.96805720569674,217.41304835521052,220.1068878173828,140948200.0
2026-05-19,SPY,731.0765556379026,733.9320852676053,727.8429364442825,730.0317993164062,54255900.0
2026-05-19,TLT,81.35987609812733,81.62467255902192,81.17353840210815,81.41871643066406,35346600.0
2026-05-19,XOM,160.46099405822483,162.2692924138743,158.612959712182,161.50424194335938,20715600.0
2026-05-20,AAPL,297.9230626302997,302.5390768782648,297.82314269813475,301.98956298828125,38229800.0
2026-05-20,GLD,412.1400146484375,417.989990234375,410.0799865722656,417.3999938964844,6005000.0
2026-05-20,JPM,295.3694126574367,301.57145376364997,292.35300240137923,300.625732421875,9327000.0
2026-05-20,META,599.7304526335664,606.9580352784536,596.7854960328639,604.0230712890625,11329700.0
2026-05-20,MSFT,412.49835957243755,420.3963455784958,409.63991780241736,419.36053466796875,27864000.0
2026-05-20,NVDA,222.6710257508039,225.61431038954527,219.9971448577806,222.9603729248047,184201600.0
2026-05-20,SPY,732.0018002736176,738.1307251173267,730.1909663879147,737.5138549804688,45768000.0
2026-05-20,TLT,81.45793847483256,82.37981017347121,81.43832752650022,82.29154968261719,44498000.0
2026-05-20,XOM,160.57027775243373,162.62695246090524,155.2646364435186,155.27456665039062,18509700.0
2026-05-21,AAPL,300.80056674721834,305.27671719779084,300.1411318265125,304.7271728515625,42965100.0
2026-05-21,GLD,413.1400146484375,418.4200134277344,411.95001220703125,416.989990234375,4679900.0
2026-05-21,JPM,299.8790926087445,302.6167597554335,298.8636475324957,301.6411437988281,7874400.0
2026-05-21,META,598.9717538809448,608.5552775708169,593.7906457726523,606.339111328125,13476100.0
2026-05-21,MSFT,423.9518891931334,425.5388979071037,414.92886694253497,418.3025207519531,31393500.0
2026-05-21,NVDA,221.78305837384474,226.8814055684356,217.43300079554024,219.0093994140625,203381800.0
2026-05-21,SPY,734.9170485709385,741.1156280791548,733.3151780259534,738.9764404296875,43332200.0
2026-05-21,TLT,82.00714766768148,82.63480280676566,81.72274026368405,82.59557342529297,24887000.0
2026-05-21,XOM,157.40080741244543,158.36456815663448,152.47272592771048,154.2909393310547,17061700.0
2026-05-22,AAPL,305.85620846339293,311.13165741506583,305.57645096183757,308.55389404296875,43670200.0
2026-05-22,GLD,415.1700134277344,415.67999267578125,412.0,413.82000732421875,5528400.0
2026-05-22,JPM,303.31359328873907,306.07119010408854,302.4773640852478,305.0059814453125,5973900.0
2026-05-22,META,606.8381854335279,613.7563010923075,605.9097866322771,609.214111328125,11688600.0
2026-05-22,MSFT,418.7517174636334,423.60257118762803,415.54772693408205,417.7835388183594,22390300.0
2026-05-22,NVDA,220.39621757095847,220.50596731800164,214.3101381389001,214.83892822265625,169275700.0
2026-05-22,SPY,742.4787264390759,745.1651298094138,740.7275876279662,741.8817749023438,41762000.0
2026-05-22,TLT,82.97804997737543,83.04669952392578,82.51711410100623,83.04669952392578,27987700.0
2026-05-22,XOM,153.039050982118,154.54927634853834,152.1845831622433,153.92332458496094,12948500.0
2026-05-26,AAPL,309.29325163060713,311.5513139598484,307.4048960873393,308.0643005371094,48000500.0
2026-05-26,GLD,415.1600036621094,415.9800109863281,411.5,414.0,5098400.0
2026-05-26,JPM,307.1065011172144,308.54004556072954,304.0701916446211,305.3643493652344,7725400.0
2026-05-26,META,607.8465495511928,613.4169431409898,604.2626749853522,611.2906494140625,12234200.0
2026-05-26,MSFT,415.6475333356961,418.9812539216563,412.24393696715845,415.248291015625,30398000.0
2026-05-26,NVDA,216.04617181279934,217.68243116855118,211.5165320236786,214.37001037597656,187202600.0
2026-05-26,SPY,746.2297301040182,748.3390397979183,744.5979816306177,746.8068237304688,41123600.0
2026-05-26,TLT,83.6939717274779,83.73320111155196,83.26246346714305,83.45860290527344,22531200.0
2026-05-26,XOM,152.51245412992614,153.55570196228766,148.50838244281752,148.84619140625,13057800.0
2026-05-27,AAPL,308.0643052358437,312.9900803339556,308.0343323058515,310.5821533203125,50430900.0
2026-05-27,GLD,404.3399963378906,409.25,404.29998779296875,408.489990234375,6624600.0
2026-05-27,JPM,303.63215366632585,304.52811132231307,294.42363753054383,297.93780517578125,11779200.0
2026-05-27,META,608.3555996261091,637.4057020013258,607.9562607968793,634.1712646484375,23143600.0
2026-05-27,MSFT,410.23773822181624,415.15846763645,408.8104019854481,411.8946228027344,28901500.0
2026-05-27,NVDA,213.63168066177133,213.66161102691768,208.30386252985457,212.1151580810547,167601200.0
2026-05-27,SPY,747.0953563113346,747.5928361692701,744.4487294597059,746.677490234375,42106300.0
2026-05-27,TLT,83.60570841027572,83.83127549054757,83.5076386945122,83.65474700927734,23589600.0
2026-05-27,XOM,146.2827985604971,147.73341239068998,144.812324315,146.948486328125,16241100.0
2026-05-28,AAPL,310.412282475935,312.5304508120942,309.30325358892543,312.24072265625,48220400.0
2026-05-28,GLD,406.4800109863281,414.510009765625,405.4100036621094,412.7699890136719,7184100.0
2026-05-28,JPM,296.23549066837876,299.7197941661088,294.4236455581874,295.3992614746094,9757700.0
2026-05-28,META,638.4040398455469,641.8980416273442,628.2315007921775,634.2012329101562,16772400.0
2026-05-28,MSFT,412.2040283766931,428.68298564682067,411.89461329838434,426.18768310546875,47250500.0
2026-05-28,NVDA,210.79815519844968,215.02849096688144,210.73829446983814,213.76138305664062,143996000.0
2026-05-28,SPY,746.4685193943138,751.3438462445121,745.4536410614309,750.7965698242188,41562600.0
2026-05-28,TLT,83.71359000989763,84.19413687001976,83.62532202532992,84.08625793457031,25417300.0
2026-05-28,XOM,148.37921962101078,149.2436327977562,145.9251091176085,146.01454162597656,14012500.0
2026-05-29,AAPL,311.5113496628706,314.7285763294451,309.2632884033746,311.7911071777344,70026800.0
2026-05-29,GLD,415.6199951171875,421.82000732421875,415.0799865722656,417.1199951171875,7705700.0
2026-05-29,JPM,295.070728717322,298.53513289689414,293.87612858626386,297.9676818847656,13969000.0
2026-05-29,META,632.4143189973911,633.4126052152244,622.281689514161,631.426025390625,19806500.0
2026-05-29,MSFT,431.7372486144539,449.48383969057267,431.54760317786213,449.3940124511719,79654400.0
2026-05-29,NVDA,214.09065053210412,217.36316924965476,210.64852132770383,210.6584930419922,289410600.0
2026-05-29,SPY,752.0900813404212,754.2590862562773,750.8861582097875,752.6671142578125,55075700.0
2026-05-29,TLT,84.15491185817636,84.30202018527207,83.89993207226682,84.10588073730469,33118600.0
2026-05-29,XOM,145.2494947353263,145.9847242712525,143.77902050285167,144.32546997070312,27959900.0
2026-06-01,AAPL,309.363197507879,310.67206624496237,304.7571540774977,306.0460510253906,48849900.0
2026-06-01,GLD,409.8599853515625,412.6099853515625,408.239990234375,411.260009765625,6158900.0
2026-06-01,JPM,296.3549462063085,298.20659004481905,293.94578586060317,295.2499084472656,7930000.0
2026-06-01,META,629.3196791836195,634.6604862727559,598.5025873828931,599.44091796875,29138800.0
2026-06-01,MSFT,463.96658383705716,465.4438139523178,457.40892124774234,459.6546936035156,53628900.0
2026-06-01,NVDA,215.23801892090273,224.35717434911126,215.20808855445495,223.8483428955078,212850700.0
2026-06-01,SPY,751.5527711685265,756.4480167905853,750.8861651495049,754.7167358398438,43634900.0
2026-06-01,TLT,83.6195003131423,84.22008839797716,83.49150896339744,84.15116882324219,26322400.0
2026-06-01,XOM,146.07415816976595,148.6872278824595,146.05428259382654,148.41897583007812,16732100.0
2026-06-02,AAPL,307.1950545511415,315.1781903378333,306.42572903356995,314.92840576171875,44534700.0
2026-06-02,GLD,414.0799865722656,414.3999938964844,411.1000061035156,411.95001220703125,3823900.0
2026-06-02,JPM,295.17027051801705,300.7152977310929,293.9457758280521,299.6102600097656,8296200.0
2026-06-02,META,602.2062063737548,607.8365556216692,595.6574508079194,596.6058349609375,18252000.0
2026-06-02,MSFT,446.0403151791343,452.64787129328397,439.6024225764256,440.48077392578125,37036800.0
2026-06-02,NVDA,226.66188583823322,231.75026086454594,220.84519513709748,222.3118438720703,193362900.0
2026-06-02,SPY,753.2144012702464,756.5674107365072,752.9357833937803,755.7415771484375,31581900.0
2026-06-02,TLT,84.4760713358935,84.49575942197825,84.18069746293465,84.32838439941406,20319000.0
2026-06-02,XOM,148.0712197861663,149.8596425847688,147.54463073444197,148.59780883789062,10462400.0
2026-06-03,AAPL,313.9092501546009,316.6668815001487,308.5838566628498,309.9926452636719,50836700.0
2026-06-03,GLD,408.3800048828125,409.3800048828125,406.2300109863281,407.8699951171875,5038000.0
2026-06-03,JPM,298.5749714904202,300.60580089187994,295.23002417973413,299.50079345703125,7003900.0
2026-06-03,META,601.9665545007575,623.0803311577063,599.2412527816401,621.9122924804688,23020100.0
2026-06-03,MSFT,437.62618910935214,439.56254639446627,423.45285793258154,426.53704833984375,39037000.0
2026-06-03,NVDA,221.2143597561905,222.31185725112735,214.02079575535723,214.26025390625,160907000.0
2026-06-03,SPY,754.3287420712209,754.9754294579049,749.7718095132926,750.4384155273438,51402500.0
2026-06-03,TLT,83.97394899647537,84.11178815088597,83.78687835334505,83.99363708496094,15372000.0
2026-06-03,XOM,149.6410600803893,153.91339931686977,149.05485944903873,151.5487060546875,14373000.0
2026-06-04,AAPL,312.96009909963743,313.26982953176514,309.38316692864953,310.9618225097656,44869100.0
2026-06-04,GLD,413.3699951171875,414.3699951171875,409.010009765625,411.2699890136719,4646500.0
2026-06-04,JPM,304.36883009196185,311.5066879726736,303.0746723882986,309.4957580566406,10345200.0
2026-06-04,META,622.6011661035562,641.2991089275577,621.3633009071642,626.4945068359375,21469200.0
2026-06-04,MSFT,434.9911260035114,435.33048350032107,425.60879436274143,427.2456970214844,26899500.0
2026-06-04,NVDA,213.67091279390368,221.35231998810906,210.73419644348996,218.4156036376953,169022200.0
2026-06-04,SPY,748.3091480570178,754.4878695071194,747.6823186029123,753.2740478515625,49923000.0
2026-06-04,TLT,84.28900546821963,84.38746092753412,84.10193483735304,84.18070220947266,15866500.0
2026-06-04,XOM,151.07178923986044,152.44290069957347,149.96892981929165,151.0618438720703,11799400.0
2026-06-05,AAPL,312.5903972939029,314.8984348439246,306.8853260765596,307.0751647949219,65310500.0
2026-06-05,GLD,404.3800048828125,404.7200012207031,395.9200134277344,396.239990234375,11473900.0
2026-06-05,JPM,312.8805189963161,313.58732636819616,308.211549706599,310.9691162109375,9118800.0
2026-06-05,META,622.3915225332053,628.0717733238163,581.9109692668093,591.9837036132812,30091600.0
2026-06-05,MSFT,427.5351398188391,428.66302140752947,413.6213308264138,415.8870849609375,34782200.0
2026-06-05,NVDA,214.2902104723603,214.62982678346356,204.10161444712602,204.87075805664062,219655500.0
2026-06-05,SPY,748.5181345185488,749.0255736853693,731.82274221843,733.83251953125,93989400.0
2026-06-05,TLT,83.67856273277502,84.03300836654745,83.60964316574535,83.74748229980469,26461200.0
2026-06-05,XOM,151.0320404901442,151.15127878116928,148.33948372439218,148.9554901123047,16584000.0
2026-06-08,AAPL,308.4739595974908,317.1265012321255,300.9105055796523,301.2801818847656,77949100.0
2026-06-08,GLD,397.5199890136719,398.9800109863281,396.0299987792969,397.2699890136719,8057300.0
2026-06-08,JPM,311.84516953437026,314.88147906470095,309.3862455138746,309.7147521972656,6827000.0
2026-06-08,META,590.9854370177134,590.9854370177134,578.2273099921849,584.3867797851562,19512400.0
2026-06-08,MSFT,413.3618539280056,416.37616844333525,407.79232157753756,410.9663391113281,32086700.0
2026-06-08,NVDA,209.94507132882276,210.23475572682116,205.76975069388217,208.40679931640625,138372800.0
2026-06-08,SPY,739.6132273185567,741.5832888174093,734.4693026781229,735.4940795898438,49319100.0
2026-06-08,TLT,83.91487335703947,84.01332881827683,83.31428527832031,83.31428527832031,22922700.0
2026-06-08,XOM,150.18751157814702,152.82045666526088,149.92917459257427,150.77371215820312,13870900.0
2026-06-09,AAPL,300.0212482417878,300.4908444635933,287.5320194610898,290.29962158203125,70108800.0
2026-06-09,GLD,397.57000732421875,400.4800109863281,388.75,390.7799987792969,9567300.0
2026-06-09,JPM,312.1040028799189,315.0009559692908,307.62418415256917,311.2976379394531,11594600.0
2026-06-09,META,589.9871222602228,596.6057643945405,580.0142532419713,583.588134765625,16977400.0
2026-06-09,MSFT,408.26144336727174,411.20591258759293,397.7312786929967,402.6520080566406,35317300.0
2026-06-09,NVDA,210.3845825512031,211.16370951624515,199.11719156565087,207.95730590820312,180962500.0
2026-06-09,SPY,739.881873688386,743.1354112835509,718.9479438267383,733.3350219726562,87683500.0
2026-06-09,TLT,83.65887739352306,83.86563610139947,83.47180677187168,83.80656433105469,22617700.0
2026-06-09,XOM,149.93912891268184,150.1577147624696,146.82926081757435,147.95199584960938,18163500.0
2026-06-10,AAPL,290.4894628291428,294.4960172141002,287.1323727394638,291.3287353515625,52793300.0
2026-06-10,GLD,380.75,384.2099914550781,374.54998779296875,374.5799865722656,13956200.0
2026-06-10,JPM,311.1582462393224,313.3384270822022,307.64407859799763,307.75360107421875,7446200.0
2026-06-10,META,579.7347558037309,590.3066340250939,569.6221111934292,570.00146484375,17064000.0
2026-06-10,MSFT,397.80110870103243,404.2789346443135,396.41373636313654,396.61334228515625,32576000.0
2026-06-10,NVDA,204.20149632565034,206.98838641050182,199.696542748819,200.19598388671875,161746600.0
2026-06-10,SPY,729.69352181897,734.6583610930755,721.6741489247238,721.7736206054688,60341300.0
2026-06-10,TLT,83.80656884106779,83.98379167330899,83.39304389139161,83.57026672363281,21258300.0
2026-06-10,XOM,150.25706190677164,151.5089654358688,148.5978076229357,149.65098571777344,14596500.0
2026-06-11,AAPL,293.4668864344149,296.7440586571729,289.3404406054596,295.375244140625,42572500.0
2026-06-11,GLD,373.9599914550781,387.2099914550781,371.8800048828125,386.32000732421875,12622500.0
2026-06-11,JPM,308.1717081621576,313.30857066124145,307.4947650619962,312.0840759277344,9116600.0
2026-06-11,META,564.8602908302337,571.1893911411966,556.0553993401948,567.455810546875,17628000.0
2026-06-11,MSFT,394.46741202742857,396.1043451719433,383.278483574852,389.6065673828125,47224100.0
2026-06-11,NVDA,201.26479475008583,205.43013200106668,199.31696212361035,204.64100646972656,158643200.0
2026-06-11,SPY,725.0868662900759,736.2702039965386,720.7587550057447,734.04150390625,86330500.0
2026-06-11,TLT,83.8557909412176,84.71236919652004,83.72779959755306,84.6532974243164,35190500.0
2026-06-11,XOM,151.32018657890387,151.5089666465856,145.47801049142424,145.6568603515625,17285800.0
2026-06-12,AAPL,295.7749221682621,296.88398158337014,289.3704417369658,290.879150390625,38742100.0
2026-06-12,GLD,385.7300109863281,388.7699890136719,383.3500061035156,386.5400085449219,7532600.0
2026-06-12,JPM,314.5529794375797,319.85906276888113,314.1348496322589,319.28167724609375,7426200.0
2026-06-12,META,571.968101190783,575.0827493186854,559.9387644415484,566.00830078125,14326400.0
2026-06-12,MSFT,390.6945042817559,391.003919361718,381.55171206615995,390.00579833984375,34865800.0
2026-06-12,NVDA,204.6310298517525,206.83856645475237,203.21261880599855,204.96066284179688,112001800.0
2026-06-12,SPY,736.9766163198905,740.6877965432628,731.3252525489901,738.0113525390625,57079500.0
2026-06-12,TLT,84.3185418564218,84.50561248840117,84.09209504981843,84.446533203125,23092600.0
2026-06-12,XOM,144.69309749283448,147.95199447310367,144.21617464648634,146.064208984375,17713100.0
2026-06-15,AAPL,293.8665449684006,297.5233947188816,291.4486474146935,296.1645812988281,45732600.0
2026-06-15,GLD,399.489990234375,401.0,396.1499938964844,396.54998779296875,10477100.0
2026-06-15,JPM,322.4673390673774,324.4583697274161,317.41010417767774,317.96759033203125,7988900.0
2026-06-15,META,579.4427159724761,600.795858737961,578.8431525395191,593.011962890625,17653300.0
2026-06-15,MSFT,396.05442037645633,400.99513175706005,392.11186050588947,399.0088806152344,32266400.0
2026-06-15,NVDA,208.68648640498938,212.47225882321928,208.10713284720606,212.21253967285156,149936700.0
2026-06-15,SPY,748.0604304424444,752.8661028247,747.9709180763429,751.0254516601562,60176400.0
2026-06-15,TLT,84.63359530248643,84.78128223328217,84.34806923939314,84.39730072021484,17632700.0
2026-06-15,XOM,138.8409959581125,141.06657534019064,136.83398727052634,140.01339721679688,23631400.0
2026-06-16,AAPL,294.99559499590845,300.2210994929347,293.71669913987887,298.9821472167969,39874400.0
2026-06-16,GLD,397.8299865722656,398.9599914550781,395.82000732421875,397.6300048828125,6004000.0
2026-06-16,JPM,322.8455866314347,330.26218746993305,322.56684357389287,329.6549377441406,11094900.0
2026-06-16,META,593.1818700134238,605.3322537623429,591.5331468141493,599.7366943359375,11344400.0
2026-06-16,MSFT,395.0463355104342,396.094350419825,389.9559121071713,393.0899963378906,31506800.0
2026-06-16,NVDA,210.94395209283806,211.25361840198772,207.05830064217733,207.1781768798828,125694100.0
2026-06-16,SPY,750.7468576807364,751.6323864215939,746.100412710964,746.5481567382812,67093100.0
2026-06-16,TLT,84.63359970888035,85.0471171273025,84.60406382351731,84.86005401611328,26472500.0
2026-06-16,XOM,139.28808771120796,141.2354695284117,139.07943207905402,140.9473419189453,18925400.0
2026-06-17,AAPL,300.59074812548096,301.8096980081642,294.10632015937927,295.6949768066406,42745100.0
2026-06-17,GLD,397.82000732421875,402.0400085449219,387.0799865722656,388.6000061035156,13343000.0
2026-06-17,JPM,330.69024974688585,336.25517637046335,330.01330666560995,331.9645080566406,12246400.0
2026-06-17,META,591.5331725816898,593.3417428489197,565.7435277503374,567.1324462890625,20478300.0
2026-06-17,MSFT,389.51671695343225,389.6364865987809,376.6110198431126,378.1980285644531,41987800.0
2026-06-17,NVDA,208.29691745433288,208.9761653200819,202.8530121596522,204.42124938964844,128363500.0
2026-06-17,SPY,747.5032315039188,748.3589429763433,735.4940609532621,737.225341796875,85945200.0
2026-06-17,TLT,84.9979019165039,85.25388462381484,84.60407254384106,84.9979019165039,34507500.0
2026-06-17,XOM,140.31145660572122,141.42424618882197,139.41725285653254,139.8345489501953,16663200.0
2026-06-18,AAPL,297.8530937792582,300.31099586682666,295.3652492546472,297.7532043457031,85962200.0
2026-06-18,GLD,391.239990234375,392.5,385.6000061035156,387.1199951171875,7627300.0
2026-06-18,JPM,335.4388795655989,336.57375116590936,322.70623086248213,323.761474609375,20111000.0
2026-06-18,META,572.3682769745303,579.7624046842873,562.6559105294999,576.7647705078125,28824600.0
2026-06-18,MSFT,377.11008548581106,380.6534028700893,372.5786075934489,378.6871032714844,59714200.0
2026-06-18,NVDA,207.09826842291386,211.1537281092123,206.26919428756833,210.4545135498047,241272000.0
2026-06-18,SPY,745.907751654771,746.3765582049119,742.0173878962117,744.8902587890625,80875700.0
2026-06-18,TLT,85.72647708011536,85.83478033996552,85.31295963978026,85.41141510009766,32350900.0
2026-06-18,XOM,137.43012951128387,137.5692282188612,134.97601897282365,136.92340087890625,48063400.0
2026-06-22,AAPL,297.05381866220307,302.1594314563154,296.5043047694293,296.75408935546875,44879900.0
2026-06-22,GLD,384.25,386.4100036621094,382.6400146484375,384.5899963378906,7835100.0
2026-06-22,JPM,328.22139226156105,331.2776010100568,325.28461010223134,329.993408203125,10182500.0
2026-06-22,META,571.5689356803741,575.3559250048318,559.3685422933314,563.4053344726562,15405500.0
2026-06-22,MSFT,375.0339909424311,380.9129385065033,366.3802985575179,366.6497802734375,45171100.0
2026-06-22,NVDA,211.2036686200953,213.7508214450341,207.48782537372824,208.41677856445312,122041400.0
2026-06-22,SPY,745.8479411927095,748.321778689857,741.2892538871644,742.546142578125,46628100.0
2026-06-22,TLT,84.96836291430287,84.99789880162787,84.64345313038754,84.7615966796875,28595100.0
2026-06-22,XOM,137.64870437324234,138.10575166092363,136.1384941196488,137.57916259765625,15783300.0
2026-06-23,AAPL,297.2836155142734,301.3800886038737,293.9264950024863,294.04638671875,52010900.0
2026-06-23,GLD,377.7200012207031,380.3500061035156,377.1700134277344,377.32000732421875,7389600.0
2026-06-23,JPM,327.9924099173137,333.86594380335947,325.7425357353925,332.6414794921875,7582200.0
2026-06-23,META,561.8066012038755,571.7487666818112,560.5775907162,561.7566528320312,13103300.0
2026-06-23,MSFT,371.6802994138851,376.51120135394876,369.9735210485466,373.23736572265625,40647600.0
2026-06-23,NVDA,201.94403040148535,203.54224815949766,199.77645766483005,199.81640625,153496200.0
2026-06-23,SPY,731.9922892059834,737.7978798883457,730.4860198600484,731.7628784179688,66846800.0
2026-06-23,TLT,84.79113607646623,85.09635024664504,84.77144047806573,84.8698959350586,19145500.0
2026-06-23,XOM,138.56278739587265,139.486796941336,137.60895690836153,138.83103942871094,13699400.0
2026-06-24,AAPL,295.1054570720635,299.4417438827621,292.68755959702736,292.8274230957031,53081900.0
2026-06-24,GLD,364.80999755859375,370.8999938964844,363.32000732421875,365.9200134277344,12741700.0
2026-06-24,JPM,331.57628916780243,333.02973300317086,328.291070440402,331.95458984375,7907400.0
2026-06-24,META,561.4469285838474,568.591253761232,555.1119012433646,557.230224609375,13963600.0
2026-06-24,MSFT,370.87185096853153,378.16811350773463,364.09460041679364,364.7733154296875,44509900.0
2026-06-24,NVDA,199.89631590195674,201.44458647582786,196.36027935647695,198.77757263183594,151810700.0
2026-06-24,SPY,733.3489180103626,738.1171068570358,729.0296875445486,731.4237060546875,57439500.0
2026-06-24,TLT,85.80523808473177,86.12030004136615,85.77570219999566,86.03168487548828,41837000.0
2026-06-24,XOM,136.23784244879812,136.75450130722126,134.7176868182312,136.01925659179688,16212900.0
2026-06-25,AAPL,287.1523472601469,288.55113481081804,273.5141152813601,274.91290283203125,107013700.0
2026-06-25,GLD,368.989990234375,371.0400085449219,366.79998779296875,369.4599914550781,9137100.0
2026-06-25,JPM,333.4577793441399,341.90972446819404,333.2586945227413,333.6170654296875,10043100.0
2026-06-25,META,555.1118879211193,555.9013039685537,539.7540133926082,542.44189453125,16968600.0
2026-06-25,MSFT,362.0883479855026,363.5456265920902,348.54386902384044,352.1670227050781,66179000.0
2026-06-25,NVDA,199.85637045714446,200.5755669254449,191.9152592982058,195.52122497558594,149550000.0
2026-06-25,SPY,737.0796452204372,737.5385276888334,727.7927091295785,732.4810791015625,53934400.0
2026-06-25,TLT,86.22860579826276,86.43536450909174,85.94307971806947,86.00215148925781,28380000.0
2026-06-25,XOM,134.76735400327686,137.18172838415734,134.08179072030313,136.66506958007812,13288800.0
2026-06-26,AAPL,274.7630284991681,285.70360492137456,273.9737007161028,283.53546142578125,261775500.0
2026-06-26,GLD,372.2699890136719,375.8500061035156,371.17999267578125,373.6300048828125,5603300.0
2026-06-26,JPM,334.49312290223526,334.8913229247855,326.03124330500606,327.57427978515625,17640900.0
2026-06-26,META,542.9115767800729,556.4108722579447,539.9738926737891,549.8161010742188,18867700.0
2026-06-26,MSFT,356.4789138154501,375.90234020580533,354.762144454129,372.2691955566406,186201600.0
2026-06-26,NVDA,192.90414096411192,195.33143282930595,191.0062707295152,192.31480407714844,179304100.0
2026-06-26,SPY,727.144386135875,734.7056273477464,714.8050317832251,727.1842651367188,71034000.0
2026-06-26,TLT,85.66740317920782,86.02184883688592,85.65755537991957,86.01200103759766,21650800.0
2026-06-26,XOM,136.08880152709986,136.6948776843146,135.04555369443563,135.66156005859375,22684200.0
2026-06-29,AAPL,286.4829438934296,288.12151489662153,279.6088673150861,281.4972229003906,66427000.0
2026-06-29,GLD,370.5799865722656,371.19000244140625,366.9700012207031,368.5799865722656,5006300.0
2026-06-29,JPM,326.80774304304947,330.8993264933345,325.73259994718205,327.91278076171875,7981800.0
2026-06-29,META,559.5583857816937,570.4498144711828,557.5599629753306,562.1563110351562,15011400.0
2026-06-29,MSFT,376.790685328561,379.7850483907747,359.2237492715265,367.8774719238281,51229900.0
2026-06-29,NVDA,193.63333194293918,195.96071419295149,189.58785574691487,194.7520751953125,148835700.0
2026-06-29,SPY,734.7055914816465,739.7231001504891,730.27658724538,739.1644897460938,58035200.0
2026-06-29,TLT,86.01200878850875,86.1892316333181,85.95293701079584,86.10061645507812,19457200.0
2026-06-29,XOM,135.70132071428984,136.5061071911013,134.51897409848138,135.18466186523438,11972700.0
2026-06-30,AAPL,280.9277417485351,289.69017405322865,280.45814550695326,289.11065673828125,65100200.0
2026-06-30,GLD,369.2200012207031,372.8299865722656,368.260009765625,368.3800048828125,5302100.0
2026-06-30,JPM,327.41503128103255,328.95806779511634,325.2149206632551,325.86199951171875,8080100.0
2026-06-30,META,560.4976417791106,565.0939897966132,550.9951316644288,562.8457641601562,18111100.0
2026-06-30,MSFT,370.3328407149792,373.44697342275583,366.7595808670141,372.319091796875,44945700.0
2026-06-30,NVDA,197.0195429632178,200.4057532237791,194.89191886651452,199.86634826660156,166476700.0
2026-06-30,SPY,739.4537599262709,746.1671307285668,739.0547872797607,744.9202270507812,55626000.0
2026-06-30,TLT,85.80524118027145,85.8347770660731,85.04711839023649,85.08650207519531,31079500.0
2026-06-30,XOM,135.6019469157409,136.4166786942443,134.45935154509178,135.8404083251953,28784000.0
2026-07-01,AAPL,293.1871503157195,296.33442991747245,288.95081360688545,294.1263427734375,50164200.0
2026-07-01,GLD,371.2099914550781,377.7799987792969,370.2099914550781,370.6000061035156,9058300.0
2026-07-01,JPM,326.89735842569155,334.13477419390347,323.5524415571975,332.5718078613281,15210200.0
2026-07-01,META,607.4305787144307,627.784571153574,594.6306830487989,612.4266357421875,45536300.0
2026-07-01,MSFT,380.1144231011508,388.09939143880604,374.18561213385976,383.5579528808594,48065800.0
2026-07-01,NVDA,195.98069896251877,199.62662840490702,193.23377271109229,197.35916137695312,146147600.0
2026-07-01,SPY,743.1545925484338,747.5835968507926,740.541087308444,743.9127197265625,47100900.0
2026-07-01,TLT,84.47184619534353,84.77818762096467,84.42243288308913,84.51136779785156,28109800.0
2026-07-01,XOM,135.6516356483452,136.60546617741443,134.75743184534812,135.4032440185547,12433400.0
2026-07-02,AAPL,293.866538367699,309.15337194761725,293.4269150966668,308.3640441894531,75352800.0
2026-07-02,GLD,377.44000244140625,380.2699890136719,376.2900085449219,378.1300048828125,7592900.0
2026-07-02,JPM,336.5040683580973,338.4751995750331,330.2820977776739,332.9700012207031,8413900.0
2026-07-02,META,607.4206544757068,609.5189740900589,579.9622828274885,582.4403686523438,21705900.0
2026-07-02,MSFT,383.7575696594082,391.4630649298244,382.97903650468743,389.7562561035156,42128900.0
2026-07-02,NVDA,196.9196593659626,199.8363939026278,192.1350197738411,194.61224365234375,142068700.0
2026-07-02,SPY,745.5486859530862,749.4489739445169,738.1969465958291,742.9351806640625,57447800.0
2026-07-02,TLT,84.3730161410597,84.76830000478783,84.36313951054063,84.5014877319336,20816300.0
2026-07-02,XOM,136.26763463349974,138.24483735700704,135.45291801558523,136.20802307128906,13703300.0
2026-07-06,AAPL,307.0951430290638,313.9292760509671,306.7354678654279,312.3905944824219,53590000.0
2026-07-06,GLD,380.2099914550781,382.42999267578125,378.8299865722656,382.1300048828125,3906500.0
2026-07-06,JPM,335.0,339.7200012207031,334.1099853515625,337.7200012207031,8673500.0
2026-07-06,META,594.3709360150443,603.1040338931904,581.301233826573,599.8165893554688,17674100.0
2026-07-06,MSFT,386.31276024010407,388.418780928489,380.5036887115837,386.0133056640625,34224500.0
2026-07-06,NVDA,194.20269428466304,197.32920075051607,193.77318221313826,195.33143615722656,108999000.0
2026-07-06,SPY,746.885320136641,750.5462122974698,745.5585975722108,749.4190673828125,50673300.0
2026-07-06,TLT,84.4224312767587,84.47184458807291,84.17537979901323,84.44219207763672,17940900.0
2026-07-06,XOM,135.67150299991567,136.48621961272076,135.13496862214214,135.5622100830078,13915100.0
2026-07-07,AAPL,315.0183186077797,315.20815732134815,309.88273318392555,310.3923034667969,42490000.0
2026-07-07,GLD,382.3900146484375,383.6000061035156,375.5199890136719,377.489990234375,4815400.0
2026-07-07,JPM,340.9800109863281,341.3999938964844,337.0899963378906,339.2200012207031,7115800.0
2026-07-07,META,607.1109147253509,624.8768626804635,603.1839600389557,615.0946044921875,18560800.0
2026-07-07,MSFT,391.75251064257776,394.8267404517197,387.4905448392632,388.109375,29297500.0
2026-07-07,NVDA,192.15498377986222,198.18824142626735,190.92636281467173,196.7098846435547,124154600.0
2026-07-07,SPY,748.3616416292718,749.0998597580657,743.364102770238,745.85791015625,43721500.0
2026-07-07,TLT,84.11608772233407,84.16549349298171,83.54292649905075,83.55281066894531,24816400.0
2026-07-07,XOM,137.6685743295943,140.82812374084455,137.24134800388697,140.7784423828125,14667800.0
2026-07-08,AAPL,311.6412289475945,314.5487250421545,306.7854009831778,313.1199645996094,41323500.0
2026-07-08,GLD,373.1700134277344,375.4700012207031,368.95001220703125,374.45001220703125,7728500.0
2026-07-08,JPM,336.5299987792969,336.5299987792969,330.1300048828125,330.6199951171875,18505200.0
2026-07-08,META,613.9055418180343,615.5142576272189,597.5384532703483,602.6444091796875,13606500.0
2026-07-08,MSFT,383.3084264217563,384.58602015004215,380.6134873969759,382.6197204589844,25908300.0
2026-07-08,NVDA,194.9618356993413,204.93069180759116,194.84197470333905,203.891845703125,147419100.0
2026-07-08,SPY,741.3191472958572,744.3017921335774,737.6782249675691,743.5536499023438,43767400.0
2026-07-08,TLT,83.31563795820759,83.4539861826185,83.06858648041487,83.36505126953125,25806600.0
2026-07-08,XOM,142.5171821025025,143.0636467131422,138.91053083290223,140.2220458984375,18291400.0
2026-07-09,AAPL,310.24243869469103,316.2572401947346,307.8944576262147,315.947509765625,48124500.0
2026-07-09,GLD,378.510009765625,379.6499938964844,377.4100036621094,378.17999267578125,4754600.0
2026-07-09,JPM,331.4599914550781,337.0,330.80999755859375,335.4700012207031,15570600.0
2026-07-09,META,583.529455055522,632.77062206454,576.6149292518581,630.9819946289062,26579700.0
2026-07-09,MSFT,373.74643420118315,383.92725049460796,372.64849496928053,383.6377868652344,31083200.0
2026-07-09,NVDA,204.23147485952867,204.36131918975943,198.73762239526957,202.5533447265625,132037400.0
2026-07-09,SPY,745.4987759890873,750.1073272936331,743.7431866839036,749.8480224609375,41441700.0
2026-07-09,TLT,83.28599267880047,83.6812765496878,83.26623187799183,83.49351501464844,18625300.0
2026-07-09,XOM,138.7614962690738,139.14898658435814,136.2378289556867,136.57565307617188,14110200.0
2026-07-10,AAPL,314.4488202226986,316.6369356310425,311.9010296470402,315.0483093261719,34132300.0
2026-07-10,GLD,375.0,377.54998779296875,373.70001220703125,377.010009765625,5455400.0
2026-07-10,JPM,337.4700012207031,338.5899963378906,335.7699890136719,336.4700012207031,6299000.0
2026-07-10,META,659.8193113874754,677.3254544051542,657.491131647921,668.6823120117188,40608900.0
2026-07-10,MSFT,387.07131223677504,391.1736053926777,380.783162110783,384.37640380859375,24644600.0
2026-07-10,NVDA,201.7742207048944,210.7641612313501,201.69430829342895,210.72421264648438,148421000.0
2026-07-10,SPY,750.187115173852,753.5487626123848,746.2468873823584,753.0799560546875,42191300.0
2026-07-10,TLT,83.5132840241593,83.6318639087869,83.2859933462684,83.4737548828125,14454100.0
2026-07-10,XOM,137.01282036043938,138.0759438396731,136.25771524478435,137.9865264892578,9753500.0
2026-07-13,AAPL,316.7468014245228,323.171283634363,315.5078797345754,317.03656005859375,43257800.0
2026-07-13,GLD,372.7699890136719,372.8900146484375,365.7699890136719,367.1300048828125,7161700.0
2026-07-13,JPM,338.3399963378906,338.3500061035156,332.5,334.5299987792969,7120300.0
2026-07-13,META,660.858454671636,676.0864269737083,653.6841239854351,656.2120971679688,19840700.0
2026-07-13,MSFT,387.02143811329415,392.91034623109437,383.4281962321871,390.2553405761719,28914900.0
2026-07-13,NVDA,208.3069001369788,210.33464515051216,202.77309911383117,203.30250549316406,121411000.0
2026-07-13,SPY,750.6060836597362,752.0425191788765,746.1471851864706,747.3142700195312,44013600.0
2026-07-13,TLT,83.19705891374294,83.28599382772775,82.94012326320984,82.97965240478516,18742500.0
2026-07-13,XOM,140.013391594685,144.29566085231056,139.58616526996687,143.58029174804688,18724300.0
2026-07-14,AAPL,313.48965629761443,315.91755515351207,311.64124426456783,314.58868408203125,36336800.0
2026-07-14,GLD,374.5299987792969,376.2799987792969,370.9200134277344,372.1499938964844,6303400.0
2026-07-14,JPM,327.0,344.7300109863281,325.75,342.8900146484375,14537900.0
2026-07-14,META,651.4858277274717,665.9743929146624,648.5381419230179,660.5186767578125,16748200.0
2026-07-14,MSFT,382.1007052927433,387.46061042423804,377.93852713765,384.20672607421875,27863900.0
2026-07-14,NVDA,207.96729575339148,212.31243993744155,203.57221964678251,211.5632781982422,124379600.0
2026-07-14,SPY,749.0499474324819,751.4739818301254,746.8055207475287,749.9677124023438,35143100.0
2026-07-14,TLT,83.18717510272499,83.50340069728018,83.04882687632039,83.0883560180664,23793500.0
2026-07-14,XOM,144.57385127298625,145.06070430003604,142.9642784465353,144.15655517578125,16096400.0
2026-07-15,AAPL,317.34631234952286,328.44675508114506,317.0465830462295,327.2178039550781,60957600.0
2026-07-15,GLD,372.1099853515625,374.489990234375,369.5,372.3500061035156,7683700.0
2026-07-15,JPM,345.8500061035156,351.239990234375,344.04998779296875,346.9100036621094,10750000.0
2026-07-15,META,663.0767089741589,685.5390243545221,656.1421789132482,680.7727661132812,19003400.0
2026-07-15,MSFT,387.07132248997675,398.2103568181361,385.6739591427675,394.8866271972656,36253700.0
2026-07-15,NVDA,211.7230919717581,213.57101502024952,205.80969553973085,212.26248168945312,124797200.0
2026-07-15,SPY,752.3717122204262,753.7084197839658,748.3417413555546,752.9403076171875,43844800.0
2026-07-15,TLT,83.08835855792776,83.41446833274128,83.08835855792776,83.24646759033203,17837800.0
2026-07-15,XOM,144.15656214651605,144.15656214651605,141.11625103370636,143.58029174804688,13444500.0
2026-07-16,AAPL,327.72736328456057,334.3915986652446,326.50841333986017,332.97283935546875,62970600.0
2026-07-16,GLD,367.45001220703125,368.42999267578125,364.04998779296875,364.9599914550781,9048000.0
2026-07-16,JPM,349.2799987792969,349.3399963378906,341.1099853515625,343.1499938964844,12432400.0
2026-07-16,META,676.7459348014426,681.3622866487058,659.6393793096187,664.0159301757812,15816000.0
2026-07-16,MSFT,397.56157784187184,405.2271399033625,391.31333055964967,400.3463439941406,37047400.0
2026-07-16,NVDA,209.93509060438328,210.84407715298516,205.61992700554663,207.16818237304688,122986100.0
2026-07-16,SPY,750.8953984161742,752.7009125511715,746.0274814662645,748.8604125976562,46409800.0
2026-07-16,TLT,82.85118085795912,83.22670393343637,82.80177508552092,83.2168197631836,20817800.0
2026-07-16,XOM,144.3453443482853,145.92511149334146,143.62004502594374,145.0110321044922,13518000.0
2026-07-17,AAPL,331.693929977533,334.7013154010385,328.71648699084636,333.452392578125,63407100.0
2026-07-17,GLD,364.1099853515625,369.2099914550781,363.6000061035156,368.4100036621094,6456600.0
2026-07-17,JPM,339.0299987792969,346.1300048828125,335.04998779296875,341.1000061035156,9250900.0
2026-07-17,META,647.1892801723585,651.68573177941,625.5063791142821,645.5006103515625,22267900.0
2026-07-17,MSFT,394.1180409920291,397.64143734197864,388.6583483977542,393.08001708984375,33049800.0
2026-07-17,NVDA,202.41350482950477,206.41901728963356,197.74872640584337,202.58331298828125,144281900.0
2026-07-17,SPY,740.241827732839,745.438883195828,738.9649691671198,741.4487915039062,62651000.0
2026-07-17,TLT,83.621981829036,83.8196199834787,83.49351024317717,83.52315521240234,22065600.0
2026-07-17,XOM,148.07121098589766,149.03497168229288,146.2231767306124,146.41195678710938,19031400.0
2026-07-20,AAPL,333.2226134619852,333.4224228207836,323.4010672140761,326.3085632324219,53468000.0
2026-07-20,GLD,367.7900085449219,368.7900085449219,366.79998779296875,367.6000061035156,3922500.0
2026-07-20,JPM,341.79998779296875,344.260009765625,337.3699951171875,338.8699951171875,7723300.0
2026-07-20,META,646.1900645769782,652.784835830389,635.5084916103011,645.3406982421875,10225200.0
2026-07-20,MSFT,390.67455694621333,402.4224305318551,388.91785418191677,401.53411865234375,27915800.0
2026-07-20,NVDA,205.63989694335598,207.50781723343968,202.05391309694542,203.05279541015625,88701500.0
2026-07-20,SPY,745.2094908804986,746.8753371556621,739.6732506975046,740.2518310546875,50422300.0
2026-07-20,TLT,83.31564130857524,83.34528628079643,82.8314225036652,82.90059661865234,24289000.0
2026-07-20,XOM,145.55749846162485,148.13083216789195,145.28923125020256,147.40553283691406,12149200.0
2026-07-21,AAPL,322.85156758462244,329.3159936819017,321.94234806189104,327.45758056640625,41338900.0
2026-07-21,GLD,371.70001220703125,375.010009765625,371.07000732421875,374.80999755859375,6070600.0
2026-07-21,JPM,340.1199951171875,345.739990234375,337.29998779296875,345.2300109863281,6015300.0
2026-07-21,META,653.664124760039,655.3627963853286,642.6928027946103,643.3023071289062,9140500.0
2026-07-21,MSFT,398.0606303262699,400.7156358198418,395.57531880381754,397.00262451171875,24126600.0
2026-07-21,NVDA,207.30802440628602,208.4167843613107,203.78197113093626,207.0583038330078,108685600.0
2026-07-21,SPY,744.4413918284653,747.1845799829406,742.3366329839115,746.426513671875,34324300.0
2026-07-21,TLT,82.75236770501614,82.78201267848647,82.44602625993825,82.6733169555664,14287500.0
2026-07-21,XOM,148.0513366306137,150.78364446729043,147.52474760584934,150.73397827148438,13145300.0
2026-07-22,AAPL,327.58746619388995,328.7164973399543,323.0613709608057,325.60919189453125,38755900.0
2026-07-22,GLD,379.07000732421875,382.2200012207031,378.8299865722656,379.1199951171875,7115100.0
2026-07-22,JPM,345.07000732421875,349.07000732421875,344.25,348.2099914550781,8040200.0
2026-07-22,META,647.189254956408,648.4882176170956,623.5079318845419,626.6754150390625,11019600.0
2026-07-22,MSFT,398.8291961465565,400.246541441447,386.2329133568751,389.6065673828125,28142500.0
2026-07-22,NVDA,205.57996827489498,214.15038042761168,204.72092886821054,211.82298278808594,137645600.0
2026-07-22,SPY,744.7705725456777,748.1621748950539,744.5211918106933,745.55859375,32836200.0
2026-07-22,TLT,82.62388764697113,82.71282255016732,82.3965969953388,82.45589447021484,15988400.0
2026-07-22,XOM,152.87014400150304,153.80409894761962,151.96599483786918,153.4563446044922,13788700.0
2026-07-23,AAPL,321.4527900194849,323.0214140443725,319.0748358849152,321.3828430175781,40840800.0
2026-07-23,GLD,372.3599853515625,373.0899963378906,370.5299987792969,371.5199890136719,9820600.0
2026-07-23,JPM,346.5799865722656,349.9200134277344,345.4200134277344,349.8999938964844,10913000.0
2026-07-23,META,607.9301851876114,614.1653155952538,596.7490071058414,605.6220092773438,15494800.0
2026-07-23,MSFT,389.23725659651495,391.04385321150613,376.68090752842744,380.8630065917969,30351800.0
2026-07-23,NVDA,209.22588688656515,210.63429930291466,205.72979894313582,208.5266571044922,110505300.0
2026-07-23,SPY,737.5385562389782,740.7206569606348,733.3888874570794,736.3515014648438,55437300.0
2026-07-23,TLT,82.01120192890195,82.26813756265561,81.98155695950967,82.18907928466797,29152800.0
2026-07-23,XOM,155.59251814100296,157.54984533591656,155.05598374734197,155.88064575195312,15822800.0
2026-07-24,AAPL,321.5127284115298,334.0818750563203,321.3428614810286,332.7330322265625,47489400.0
2026-07-24,GLD,371.260009765625,374.489990234375,371.0299987792969,371.8999938964844,3852400.0
2026-07-24,JPM,350.6400146484375,353.3699951171875,347.5,353.2099914550781,7520800.0
2026-07-24,META,604.8226548171024,609.4989569016461,593.9812354037057,594.7206420898438,11503500.0
2026-07-24,MSFT,386.32274187573427,388.29903252889795,379.9347732203772,380.9828186035156,27659400.0
2026-07-24,NVDA,207.21812923496972,211.6731509810223,204.5810805834776,206.6088104248047,114836800.0
2026-07-24,SPY,736.6806667930385,741.8777222786117,735.4636571620507,737.099609375,44782000.0
2026-07-24,TLT,82.32742500778947,82.67330307865588,82.2483742716086,82.26813507080078,15106000.0
2026-07-24,XOM,155.98000972608443,157.6889453127249,154.67842488089144,155.93032836914062,12091600.0
2026-07-27,AAPL,334.2517370375488,339.277401491225,333.73216560461384,336.61968994140625,49604300.0
2026-07-27,GLD,373.8900146484375,375.5299987792969,372.9100036621094,374.6300048828125,3700000.0
2026-07-27,JPM,357.8900146484375,359.04998779296875,352.5799865722656,356.20001220703125,7884900.0
2026-07-27,META,606.7411202287035,610.7779733376527,592.6622656813121,593.4016723632812,11195300.0
2026-07-27,MSFT,389.3470355932277,393.45931979821836,387.2609663085435,388.368896484375,27856200.0
2026-07-27,NVDA,207.96729627325774,208.51668459839084,195.22156333884286,196.2903594970703,154353700.0
2026-07-27,SPY,743.0648074406847,743.6833276942111,734.0472217265344,737.25927734375,41461200.0
2026-07-27,TLT,82.74248437731276,82.88083260192036,82.5349545009886,82.76224517822266,23816200.0
2026-07-27,XOM,152.08523196835614,154.420104155216,151.51889178426083,153.7742919921875,13955800.0
2026-07-28,AAPL,339.73698155301014,342.59453283396704,335.31080637618777,339.78692626953125,51859000.0
2026-07-28,GLD,369.6099853515625,371.2300109863281,367.9800109863281,369.3699951171875,4819300.0
2026-07-28,JPM,357.29998779296875,359.29998779296875,354.1499938964844,357.30999755859375,6533800.0
2026-07-28,META,596.3493616660036,600.5260580457825,586.5370982909723,592.9420166015625,12009300.0
2026-07-28,MSFT,392.4212554523594,399.56780545733704,390.5647345556998,392.61090087890625,32367500.0
2026-07-28,NVDA,194.78204700134697,198.47790843456414,192.52457850774027,196.789794921875,134111500.0
2026-07-28,SPY,737.3589950224286,740.9500533043114,734.156924420905,739.0248413085938,47322200.0
2026-07-28,TLT,82.87095204138542,83.34528667801133,82.86106787079356,83.24646759033203,25366900.0
2026-07-28,XOM,153.17815498792126,155.17521831898253,150.9028942324521,152.055419921875,16299900.0
2026-07-29,AAPL,339.43727163464206,344.2730974331505,337.0593175600121,337.8985900878906,56090800.0
2026-07-29,GLD,368.2900085449219,377.6199951171875,366.5299987792969,371.0799865722656,11839900.0
2026-07-29,JPM,356.5,357.3699951171875,343.7799987792969,344.7099914550781,8265300.0
2026-07-29,META,592.7821833537371,599.4968549179539,581.7608519604674,585.148193359375,22371100.0
2026-07-29,MSFT,392.6607942930367,400.4960502148319,388.00954678983055,389.8061828613281,47209000.0
2026-07-29,NVDA,195.63110696844683,196.84974460884015,189.79762268066406,189.79762268066406,147680800.0
2026-07-29,SPY,738.1370526174048,740.8403618199718,727.2939826612791,727.6531372070312,70697200.0
2026-07-29,TLT,83.10811349752989,83.15752680759066,81.72462374936703,81.87285614013672,41445200.0
2026-07-29,XOM,156.7053073348219,158.04662815474293,154.85727306502608,155.74154663085938,14571300.0
2026-07-30,AAPL,332.8129674612056,334.4615395264105,329.30598233808786,333.1426696777344,74817800.0
2026-07-30,GLD,374.1600036621094,377.8599853515625,373.760009765625,377.1600036621094,5968400.0
2026-07-30,JPM,347.5400085449219,352.2799987792969,345.3699951171875,350.8500061035156,7606500.0
2026-07-30,META,525.58522592167,539.4542858116451,524.0764068649972,538.60498046875,42271500.0
2026-07-30,MSFT,437.07720086969465,457.8281459885008,431.6274684759506,450.2524108886719,110160700.0
2026-07-30,NVDA,193.23377181769484,197.02952748682713,191.3059363552755,194.82199096679688,129010200.0
2026-07-30,SPY,734.2267392747757,740.6109103701467,732.7703947650456,739.852783203125,66811300.0
2026-07-30,TLT,81.83332481137029,81.9222672592184,81.54674420739005,81.82344818115234,40407300.0
2026-07-30,XOM,154.09223405988436,156.76493053038882,153.53583921231603,155.96014404296875,12578100.0
2026-07-31,AAPL,304.54735603914753,310.4222943774597,299.7415030462749,308.6438293457031,132489100.0
2026-07-31,GLD,370.8399963378906,372.010009765625,368.82000732421875,371.5400085449219,6825900.0
2026-07-31,JPM,353.29998779296875,354.4700012207031,349.70001220703125,351.7900085449219,6603400.0
2026-07-31,META,543.171288392182,557.8897136701136,539.7939490076644,556.27099609375,24261500.0
2026-07-31,MSFT,449.1544591210436,465.962813447145,448.4857046349594,463.8468017578125,60846000.0
2026-07-31,NVDA,198.2182038580375,201.77422236802423,194.73209918257555,200.52561950683594,139961200.0
2026-07-31,SPY,742.835410914187,747.0449895804718,735.8527500027326,745.1796264648438,62445900.0
2026-07-31,TLT,81.47756826643348,81.47756826643348,80.92417541017903,81.2799301147461,50359800.0
2026-07-31,XOM,152.7509270772818,155.1553563125088,151.16121453071767,154.4399871826172,15714200.0
2026-08-03,AAPL,309.313234694189,311.5313230344714,302.29929450581176,303.1585693359375,75052000.0
2026-08-03,GLD,370.1000061035156,372.0400085449219,368.6400146484375,371.7099914550781,4968900.0
2026-08-03,JPM,353.75,355.6199951171875,350.8399963378906,352.6400146484375,6436600.0
2026-08-03,META,561.7966164985271,597.0488245114987,558.9188827428958,589.7745361328125,25938100.0
2026-08-03,MSFT,475.2353605631651,490.7261876465455,474.10747895013026,486.73370361328125,66762100.0
2026-08-03,NVDA,197.46904862701152,208.50670133078404,196.62999113475112,206.40904235839844,128406900.0
2026-08-03,SPY,747.5836183167282,756.7009928898597,746.9451890027125,755.793212890625,59927500.0
2026-08-03,TLT,81.59743346828496,81.70657461271325,81.369234762505,81.5478286743164,32050800.0
2026-08-03,XOM,152.4727263545316,154.90696132074848,151.66792473036153,154.0624237060547,14532800.0
2026-08-04,AAPL,302.46913991298527,310.1525156602479,301.0603512911937,309.1134033203125,68001000.0
2026-08-04,GLD,374.1400146484375,376.69000244140625,373.7099914550781,374.1600036621094,5723100.0
2026-08-04,JPM,355.0,363.0,353.8699951171875,357.5199890136719,8477200.0
2026-08-04,META,581.0414552494501,592.32253050782,577.794018053301,587.4763793945312,17959200.0
2026-08-04,MSFT,479.99640781848416,498.50158065157444,478.2696778930625,491.884033203125,50455500.0
2026-08-04,NVDA,211.06382570110384,212.82185300096492,208.8163406042335,211.70310974121094,134922000.0
2026-08-04,SPY,758.7458651152236,771.494176400126,758.6361522059436,769.4193725585938,69154800.0
2026-08-04,TLT,82.0042350403096,82.19274537222736,81.92485828487892,82.17290496826172,38408600.0
2026-08-04,XOM,150.6445556868725,153.84384119554895,148.13083352442996,152.96951293945312,14347900.0
2026-08-05,AAPL,309.09342362565195,311.4414048335362,305.40663118634393,310.7320251464844,49438800.0
2026-08-05,GLD,384.9599914550781,391.510009765625,384.32000732421875,389.6400146484375,14758700.0
2026-08-05,JPM,358.9700012207031,362.1700134277344,358.20001220703125,359.239990234375,5269500.0
2026-08-05,META,599.9865089938204,600.5260612032997,579.6625219517506,588.3057250976562,14897200.0
2026-08-05,MSFT,495.42733843271316,497.3038108374591,484.7674131728324,486.5440673828125,33388900.0
2026-08-05,NVDA,216.6176127852948,221.9716224388697,216.15812022814887,218.9749755859375,158187400.0
2026-08-05,SPY,773.928165423025,774.9256883846499,767.6039039413469,767.8831787109375,44689100.0
2026-08-05,TLT,82.30188147389997,82.50032335031337,82.1530595288194,82.35149383544922,29465800.0
2026-08-05,XOM,154.04254552700252,154.04254552700252,150.17757239730147,150.6544952392578,12227500.0
2026-08-06,AAPL,314.06913775686996,316.0174696892129,308.96355554648414,312.14080810546875,46139900.0
2026-08-06,GLD,389.5,392.1199951171875,387.2699890136719,389.6700134277344,10954300.0
2026-08-06,JPM,362.80999755859375,362.80999755859375,354.95001220703125,356.29998779296875,5820100.0
2026-08-06,META,586.487189429669,594.8405827519979,585.5379263278069,589.4348754882812,11811500.0
2026-08-06,MSFT,487.6319998350186,500.61756372489685,487.60205742358346,498.9207458496094,36441500.0
2026-08-06,NVDA,221.28239358061882,223.38005249670454,216.75745800384053,218.7452392578125,113940600.0
2026-08-06,SPY,768.3021872511085,769.9081846177485,765.5589990885744,766.65625,38416900.0
2026-08-06,TLT,82.12329081861618,82.27212033936766,81.7561865798509,81.875244140625,27566600.0
2026-08-06,XOM,153.227835140774,153.87364733649875,150.8631418913171,153.84384155273438,11879100.0
2026-08-07,AAPL,311.1816431226555,314.53873325457766,310.47223295908327,313.05999755859375,34437200.0
2026-08-07,GLD,399.6000061035156,400.6600036621094,396.95001220703125,398.4700012207031,13324500.0
2026-08-07,JPM,355.760009765625,358.8500061035156,353.3299865722656,357.5199890136719,4566200.0
2026-08-07,META,585.1781899072663,598.2678350979388,585.1581861630435,591.633056640625,11250300.0
2026-08-07,MSFT,498.2719734340298,504.23075699317457,497.79289485093346,499.0505065917969,28846200.0
2026-08-07,NVDA,221.29237770419127,224.50877992471257,220.41337164588714,223.70968627929688,105669400.0
2026-08-07,SPY,769.1101628301597,772.0029428489042,767.703621378493,771.3446044921875,43586300.0
2026-08-07,TLT,82.15306117881417,82.20266597157612,81.83556173995953,82.11337280273438,96130000.0
2026-08-07,XOM,151.65799936147022,152.68137170710398,150.55513987163098,152.055419921875,18455200.0
2026-08-10,AAPL,306.8299865722656,308.260009765625,304.6099853515625,308.260009765625,44812500.0
2026-08-10,GLD,397.7099914550781,403.239990234375,395.92999267578125,402.5400085449219,11057000.0
2026-08-10,JPM,357.9599914550781,359.989990234375,356.5,359.7900085449219,5327500.0
2026-08-10,META,598.657568915248,607.7304260788247,591.5631919202813,594.4508666992188,14967300.0
2026-08-10,MSFT,502.4940586092805,512.7647021753171,501.32624359045303,505.109130859375,31206100.0
2026-08-10,NVDA,223.15029107269072,223.88946943306019,216.5277120448001,217.3068389892578,115846600.0
2026-08-10,SPY,770.6861849056471,773.1301282404592,769.7086319253093,771.1151733398438,39249500.0
2026-08-10,TLT,81.75618591659541,81.80579070992091,81.3890741110245,81.41883850097656,36743600.0
2026-08-10,XOM,153.50603299447087,159.33826383030498,153.45635163451644,158.76199340820312,19761600.0
2026-08-11,AAPL,307.75,309.9700012207031,302.7900085449219,304.9100036621094,37476700.0
2026-08-11,GLD,403.44000244140625,404.0299987792969,399.8900146484375,400.9599914550781,7439100.0
2026-08-11,JPM,360.04998779296875,363.1199951171875,358.6000061035156,362.0400085449219,4576500.0
2026-08-11,META,597.5284100969216,611.9470231090784,592.9320621063698,598.6475219726562,13146900.0
2026-08-11,MSFT,503.3823542433026,504.38047525067043,498.61133704649393,502.86334228515625,23049800.0
2026-08-11,NVDA,221.92167541427946,221.9516406634887,215.95834695389817,217.25689697265625,101273100.0
2026-08-11,SPY,772.6115040483734,772.6912620504304,767.2946895097219,768.6513061523438,36740600.0
2026-08-11,TLT,81.62719785862288,81.81571575714155,81.4783759069333,81.5478286743164,23268500.0
2026-08-11,XOM,158.6328281788065,160.62989135010667,158.2453378571924,158.7719268798828,13744500.0
2026-08-12,AAPL,305.1000061035156,305.6600036621094,300.57000732421875,302.25,41657800.0
2026-08-12,GLD,405.30999755859375,407.3599853515625,403.2200012207031,404.9200134277344,10383100.0
2026-08-12,JPM,362.9700012207031,366.0899963378906,361.29998779296875,365.17999267578125,4366800.0
2026-08-12,META,600.5960026412422,604.023290419805,577.7540447074138,578.3934936523438,16186900.0
2026-08-12,MSFT,499.0505227551261,500.557695253814,490.59643643442394,491.5047302246094,29001500.0
2026-08-12,NVDA,220.7929293559802,224.84840415873398,219.95387191061064,223.8395233154297,108783600.0
2026-08-12,SPY,772.7910096110111,772.9805414027246,769.369513273419,770.5764770507812,33179100.0
2026-08-12,TLT,81.80579230603016,81.8355642663469,81.40892367254772,81.46845245361328,21444600.0
2026-08-12,XOM,157.5299675257101,159.19915192536513,156.54633125837117,158.7222442626953,13219500.0
2026-08-13,AAPL,304.2099914550781,306.0,302.04998779296875,305.260009765625,40349300.0
2026-08-13,GLD,402.1700134277344,402.5799865722656,398.2799987792969,398.9599914550781,8695200.0
2026-08-13,JPM,366.5,366.5,361.5199890136719,363.1099853515625,5102700.0
2026-08-13,META,580.2520897369063,595.380104391766,578.9331233348041,594.5007934570312,11164200.0
2026-08-13,MSFT,492.34314786956145,500.3979918654044,492.0836571155829,495.9463806152344,23039000.0
2026-08-13,NVDA,224.80845001468583,226.97602279610956,223.45996804263754,225.04818725585938,98867200.0
2026-08-13,SPY,772.9506321027081,777.4394855444215,772.1925048911166,775.9531860351562,35634500.0
2026-08-13,TLT,81.94469451904297,82.35149469258684,81.84547736469538,81.94469451904297,26921500.0
2026-08-13,XOM,157.0133139569994,158.73217976988673,156.4171679882901,157.58958435058594,10542800.0
2026-08-14,AAPL,306.0,307.489990234375,304.29998779296875,305.92999267578125,28229400.0
2026-08-14,GLD,402.17999267578125,403.3299865722656,400.94000244140625,401.4800109863281,6749800.0
2026-08-14,JPM,363.0,365.8999938964844,361.45001220703125,362.8399963378906,5058600.0
2026-08-14,META,596.5092089028919,601.3853654698224,588.8252707092146,589.3848266601562,8758000.0
2026-08-14,MSFT,495.42733437790497,499.07050046550256,492.991947114923,494.4691467285156,16217600.0
2026-08-14,NVDA,226.51654155338588,227.23573802273873,224.24907448357243,224.90834045410156,75680900.0
2026-08-14,SPY,776.6114939657781,776.8708596736758,773.509212209858,774.4169921875,31367900.0
2026-08-14,TLT,81.58751233341808,81.71649387401843,81.18071216956675,81.39899444580078,31374800.0
2026-08-14,XOM,158.68251698441384,160.22253297554738,158.22546971049474,159.07000732421875,10231300.0
2026-08-17,AAPL,306.2099914550781,307.6600036621094,302.94000244140625,305.5899963378906,38169300.0
2026-08-17,GLD,402.3399963378906,406.2300109863281,402.17999267578125,405.489990234375,9604100.0
2026-08-17,JPM,361.94000244140625,365.75,360.9599914550781,360.9599914550781,5282600.0
2026-08-17,META,589.2849441761664,589.774548021712,564.3046582848494,568.5213012695312,17225600.0
2026-08-17,MSFT,489.21906226283284,491.73431632358415,477.51109147171053,479.44744873046875,29635800.0
2026-08-17,NVDA,225.72741618855906,227.66525027466162,224.60867289832842,224.7584991455078,93678700.0
2026-08-17,SPY,774.2573577843602,774.8559080861019,770.5964655970525,770.7560424804688,34356600.0
2026-08-17,TLT,81.13111024955171,81.22041099667763,80.67470523586496,80.71439361572266,31557700.0
2026-08-17,XOM,160.10000610351562,162.50999450683594,159.08999633789062,161.4600067138672,12858100.0
2026-08-18,AAPL,307.5799865722656,311.489990234375,305.739990234375,310.0299987792969,53424500.0
2026-08-18,GLD,402.54998779296875,404.32000732421875,397.8699951171875,398.54998779296875,10660900.0
2026-08-18,JPM,362.3399963378906,363.57000732421875,359.2699890136719,363.25,5525100.0
2026-08-18,META,557.0403796583744,560.2178647510921,542.7816737373303,543.2412719726562,27094900.0
2026-08-18,MSFT,480.6352093836093,483.36006030134655,476.2534434403709,480.72503662109375,24087600.0
2026-08-18,NVDA,220.20359791537197,221.39227027986857,218.44557057093272,219.49440002441406,103128200.0
2026-08-18,SPY,766.7959149360092,767.5939211307613,765.0202948350139,765.5490112304688,43920900.0
2026-08-18,TLT,80.62509644710458,81.11126582917107,80.53579570439943,81.02197265625,25037100.0
2026-08-18,XOM,164.35000610351562,165.6699981689453,163.25,165.55999755859375,18952700.0
2026-08-19,AAPL,310.1400146484375,319.2799987792969,309.6000061035156,316.8299865722656,50505600.0
2026-08-19,GLD,408.80999755859375,414.0,407.4700012207031,413.8399963378906,17480700.0
2026-08-19,JPM,363.010009765625,363.04998779296875,355.6499938964844,357.260009765625,6696200.0
2026-08-19,META,540.9131223962278,553.6330639150415,536.8463247077087,545.5994262695312,16971700.0
2026-08-19,MSFT,479.16797047398614,488.3806080919379,478.4592826108848,483.3999938964844,19961900.0
2026-08-19,NVDA,221.4222404106533,222.62089613745684,216.51772459764655,217.31683349609375,96797300.0
2026-08-19,SPY,768.4517358705159,770.5564946026684,766.1973243479778,767.1549682617188,40306000.0
2026-08-19,TLT,82.1629795884898,82.4110262676675,81.9645452730612,82.371337890625,51309500.0
2026-08-19,XOM,166.07000732421875,168.2100067138672,164.66000366210938,164.77000427246094,13648900.0
2026-08-20,AAPL,317.4599914550781,320.2799987792969,310.6499938964844,311.29998779296875,40959200.0
2026-08-20,GLD,410.0799865722656,416.45001220703125,409.82000732421875,415.260009765625,13900900.0
2026-08-20,JPM,357.6000061035156,357.95001220703125,351.54998779296875,351.54998779296875,6799700.0
2026-08-20,META,546.5187091013889,549.5562899225255,538.8847190657524,545.3995971679688,13872200.0
2026-08-20,MSFT,483.29998779296875,484.1600036621094,479.5,481.1499938964844,20020800.0
2026-08-20,NVDA,218.1159423024499,219.6142657707553,215.41896310784705,216.60763549804688,92457000.0
2026-08-20,SPY,764.0627220124634,766.2472997692572,760.1523881029335,760.7109985351562,45520300.0
2026-08-20,TLT,81.71649561673306,82.12328821947631,81.50813732218892,81.69664764404297,39569900.0
2026-08-20,XOM,167.02000427246094,168.63999938964844,166.07000732421875,166.14999389648438,13803000.0
2026-08-21,AAPL,312.04998779296875,312.3800048828125,307.010009765625,309.3500061035156,46876800.0
2026-08-21,GLD,420.5299987792969,424.8900146484375,419.4200134277344,423.3599853515625,14529000.0
2026-08-21,JPM,354.07000732421875,356.8599853515625,350.3699951171875,351.5799865722656,8112100.0
2026-08-21,META,546.4587335768297,553.4332095869578,542.8015857242297,549.4663696289062,13848000.0
2026-08-21,MSFT,479.8800048828125,486.3599853515625,478.5299987792969,483.239990234375,22510800.0
2026-08-21,NVDA,218.17587248780362,218.49552214328025,214.26025565862156,214.48001098632812,98869300.0
2026-08-21,SPY,764.1524418077088,765.9479709365374,762.2770937955632,763.8232421875,39188700.0
2026-08-21,TLT,81.52797784526743,81.62719499951324,81.26009077182542,81.40892028808594,24269100.0
2026-08-21,XOM,166.5399932861328,168.0,164.61000061035156,165.11000061035156,14314300.0
2026-08-24,AAPL,311.4700012207031,313.3599853515625,309.9700012207031,310.3399963378906,34673600.0
2026-08-24,GLD,428.54998779296875,429.4200134277344,424.20001220703125,426.69000244140625,18943000.0
2026-08-24,JPM,353.29998779296875,358.2799987792969,352.82000732421875,356.3900146484375,4394400.0
2026-08-24,META,549.7661710202622,560.9772946036173,545.8692218355393,558.5792236328125,12990600.0
2026-08-24,MSFT,483.2099914550781,490.6099853515625,481.8599853515625,487.30999755859375,17230800.0
2026-08-24,NVDA,215.28910206110334,215.34903256074918,207.01835779182306,208.24697875976562,135187300.0
2026-08-24,SPY,762.8856098637509,763.3244615010249,760.1922857963137,761.5787963867188,32430900.0
2026-08-24,TLT,81.84547948415634,82.23243169498097,81.80579110743281,81.91493225097656,29038500.0
2026-08-24,XOM,163.8699951171875,165.22000122070312,162.25,164.0500030517578,10842500.0
2026-08-25,AAPL,310.7900085449219,313.5899963378906,308.2099914550781,309.8999938964844,25869800.0
2026-08-25,GLD,422.7799987792969,428.1400146484375,422.3299865722656,428.07000732421875,12450600.0
2026-08-25,JPM,357.0,357.3699951171875,353.07000732421875,356.69000244140625,4298000.0
2026-08-25,META,563.4353464162,570.3498724402046,560.9573215839381,569.6004638671875,9769100.0
2026-08-25,MSFT,485.44000244140625,492.44000244140625,484.29998779296875,491.7099914550781,19519000.0
2026-08-25,NVDA,210.79412790131315,214.48998931653267,209.87515802586688,212.81187438964844,122309000.0
2026-08-25,SPY,764.262137078792,764.8806573052586,761.159855395616,764.0127563476562,27422300.0
2026-08-25,TLT,82.46063749869074,82.8277493039531,82.32173196584203,82.81782531738281,35015100.0
2026-08-25,XOM,161.4499969482422,162.80999755859375,160.4600067138672,160.63999938964844,17525300.0
2026-08-26,AAPL,310.29998779296875,315.42999267578125,308.79998779296875,313.45001220703125,34024500.0
2026-08-26,GLD,423.0,424.95001220703125,420.30999755859375,421.32000732421875,9816500.0
2026-08-26,JPM,356.5,358.3500061035156,354.6000061035156,356.5,5796500.0
2026-08-26,META,589.8444773654404,592.8721171723366,561.4369046651577,575.6856689453125,31416300.0
2026-08-26,MSFT,487.8500061035156,497.3999938964844,487.30999755859375,496.3699951171875,20758900.0
2026-08-26,NVDA,212.40232405945306,213.3612577394914,208.99613188036045,209.4256591796875,179900000.0
2026-08-26,SPY,762.8356805789958,765.449185749943,762.0376744224566,764.182373046875,28751600.0
2026-08-26,TLT,82.6193827036386,82.64915466308594,82.42094839269214,82.64915466308594,20658800.0
2026-08-26,XOM,158.0,161.1300048828125,157.75999450683594,158.19000244140625,14838400.0
2026-08-27,AAPL,310.54998779296875,315.3999938964844,309.3999938964844,314.5799865722656,32419200.0
2026-08-27,GLD,420.82000732421875,423.3500061035156,418.42999267578125,422.6000061035156,7089000.0
2026-08-27,JPM,354.67999267578125,357.57000732421875,352.2300109863281,354.2200012207031,5209900.0
2026-08-27,META,576.0253592943615,587.926001033879,567.1723610665189,570.6495971679688,15221400.0
2026-08-27,MSFT,494.8800048828125,506.4800109863281,490.0799865722656,505.05999755859375,28688800.0
2026-08-27,NVDA,222.61090164325523,230.21239627098788,220.6530857022795,227.7251739501953,298909800.0
2026-08-27,SPY,766.5964060257239,770.4468300957561,765.2596984507333,769.18994140625,34557100.0
2026-08-27,TLT,82.54992914453673,82.69875866120822,82.35149483549719,82.48047637939453,17361900.0
2026-08-27,XOM,157.6300048828125,158.19000244140625,156.13999938964844,156.44000244140625,14288500.0
2026-08-28,AAPL,316.8500061035156,322.3699951171875,315.45001220703125,319.70001220703125,38649400.0
2026-08-28,GLD,422.239990234375,424.7900085449219,407.6199951171875,408.8900146484375,25044400.0
2026-08-28,JPM,355.6700134277344,358.7300109863281,354.2200012207031,357.6199951171875,3914500.0
2026-08-28,META,571.0992793335739,588.7253835559844,570.5497252457161,577.564208984375,16042400.0
2026-08-28,MSFT,505.3299865722656,517.780029296875,504.8699951171875,513.530029296875,29207300.0
2026-08-28,NVDA,227.10587153371227,229.00374173344596,216.56766062888835,217.3068389892578,195116400.0
2026-08-28,SPY,769.8483393622295,773.3795487683207,766.4068729286823,767.4442749023438,36744300.0
2026-08-28,TLT,82.39118300705964,82.9468051268202,82.13321235012067,82.23242950439453,35804300.0
2026-08-28,XOM,156.60000610351562,157.4199981689453,155.32000732421875,156.7100067138672,11352600.0
2026-08-31,AAPL,319.6000061035156,321.239990234375,312.79998779296875,316.8500061035156,41242700.0
2026-08-31,GLD,407.760009765625,408.79998779296875,404.8999938964844,408.4200134277344,9490000.0
2026-08-31,JPM,355.8999938964844,357.7699890136719,354.7699890136719,356.0199890136719,7962900.0
2026-08-31,META,577.1744781551006,578.2236379136884,568.6911832402849,571.888671875,13383800.0
2026-08-31,MSFT,510.3800048828125,512.1900024414062,506.3900146484375,507.2900085449219,27208900.0
2026-08-31,NVDA,218.62536478578363,221.05265670783686,215.96834944345454,220.53323364257812,124702700.0
2026-08-31,SPY,765.4292990280279,766.097622354185,762.8257178677422,765.1499633789062,38810800.0
2026-08-31,TLT,81.82563934689709,81.88516812728413,81.50813990185972,81.875244140625,37317400.0
2026-08-31,XOM,159.94000244140625,161.58999633789062,158.74000549316406,160.9499969482422,18363400.0
2026-09-01,AAPL,316.9800109863281,327.29998779296875,314.7300109863281,325.1300048828125,53167400.0
2026-09-01,GLD,398.2900085449219,401.25,396.45001220703125,396.75,13143000.0
2026-09-01,JPM,355.7300109863281,359.92999267578125,354.1199951171875,354.95001220703125,5079000.0
2026-09-01,META,557.9096596695957,584.4887194481862,555.6614340241316,578.083740234375,15796900.0
2026-09-01,MSFT,497.5199890136719,505.9700012207031,496.7799987792969,501.0199890136719,21046900.0
2026-09-01,NVDA,216.50774446342592,220.1636574397174,214.8595947199138,217.1969757080078,109756200.0
2026-09-01,SPY,760.1224772031874,762.7758614763637,757.5987149009983,759.89306640625,41126300.0
2026-09-01,TLT,81.5615118889924,82.01966576708223,81.45195252697194,81.54159545898438,25623900.0
2026-09-01,XOM,163.60000610351562,164.6999969482422,162.22000122070312,164.5500030517578,11381800.0
2026-09-02,AAPL,326.8699951171875,328.3999938964844,323.5299987792969,324.9599914550781,33776400.0
2026-09-02,GLD,399.7099914550781,403.3299865722656,399.5799865722656,402.7799987792969,13714100.0
2026-09-02,JPM,357.54998779296875,361.4700012207031,353.7900085449219,356.2200012207031,5341400.0
2026-09-02,META,578.3335366296732,599.9065373056851,576.5449702025707,592.3824462890625,16552700.0
2026-09-02,MSFT,499.8500061035156,500.2699890136719,493.80999755859375,496.82000732421875,15336100.0
2026-09-02,NVDA,218.5454508199983,227.6952163087265,218.23579974693772,224.1591796875,157104700.0
2026-09-02,SPY,760.5614001563074,764.5315220914426,759.8431519587122,763.2646484375,29566200.0
2026-09-02,TLT,81.6511552694362,81.72087417303297,81.42207452973788,81.62126922607422,21454300.0
2026-09-02,XOM,163.92999267578125,165.02000427246094,162.75999450683594,164.14999389648438,11287000.0
2026-09-03,AAPL,324.8699951171875,330.80999755859375,324.1099853515625,328.2099914550781,37225800.0
2026-09-03,GLD,410.7099914550781,413.5400085449219,408.5400085449219,410.2200012207031,12509500.0
2026-09-03,JPM,358.67999267578125,362.8500061035156,356.3900146484375,362.05999755859375,5414200.0
2026-09-03,META,604.0133041368691,618.9715308723809,603.8733999005765,610.1984252929688,19737100.0
2026-09-03,MSFT,501.6600036621094,515.6500244140625,500.79998779296875,510.1199951171875,24125900.0
2026-09-03,NVDA,225.76737972053164,230.14247379152744,224.49879494304554,228.1946563720703,134681600.0
2026-09-03,SPY,765.99791709853,772.112737807933,765.5490195828438,771.2548217773438,43531600.0
2026-09-03,TLT,82.02962895217775,82.09934785638663,81.73082930625932,81.74079132080078,18033000.0
2026-09-03,XOM,164.42999267578125,165.64999389648438,162.08999633789062,162.2100067138672,13755100.0
2026-09-04,AAPL,328.30999755859375,328.92999267578125,317.8599853515625,319.9700012207031,39606900.0
2026-09-04,GLD,404.6600036621094,408.0,403.9599914550781,406.7699890136719,9813200.0
2026-09-04,JPM,361.0,362.8599853515625,355.20001220703125,358.6400146484375,4873500.0
2026-09-04,META,611.8670721034152,616.9730886717387,604.7926993516937,616.2836303710938,15966200.0
2026-09-04,MSFT,510.0,511.0,499.3599853515625,499.70001220703125,18101800.0
2026-09-04,NVDA,230.83170360414334,234.49759976142684,229.37334400327853,230.10252380371094,135352400.0
2026-09-04,SPY,770.0977256925568,770.9555808433835,767.0951717806925,768.2822265625,34054200.0
2026-09-04,TLT,81.9599070510907,82.16906375606948,81.85034769151271,81.8802261352539,16591900.0
2026-09-04,XOM,161.02000427246094,161.47999572753906,159.16000366210938,159.47000122070312,16206400.0
2026-09-08,AAPL,317.1000061035156,320.70001220703125,314.8999938964844,316.2200012207031,35477100.0
2026-09-08,GLD,403.55999755859375,404.2799987792969,399.4800109863281,399.7200012207031,8992200.0
2026-09-08,JPM,357.1000061035156,358.54998779296875,353.2300109863281,353.510009765625,5631400.0
2026-09-08,META,615.7241045276966,624.3072966603136,609.2591747857786,612.9962158203125,18909700.0
2026-09-08,MSFT,493.010009765625,495.19000244140625,490.1499938964844,493.95001220703125,18882300.0
2026-09-08,NVDA,232.84944771666764,233.44878317831424,224.59868561283858,225.47769165039062,122965600.0
2026-09-08,SPY,767.1649647963771,767.7934091111229,763.2447069992287,764.0626831054688,44746100.0
2026-09-08,TLT,82.10930488773967,82.1292213168232,81.60134856002232,81.8702621459961,16094300.0
2026-09-08,XOM,160.61000061035156,163.11000061035156,158.75,160.66000366210938,12607700.0
2026-09-09,AAPL,315.489990234375,319.1499938964844,309.8999938964844,315.3399963378906,65640000.0
2026-09-09,GLD,406.1099853515625,406.55999755859375,401.17999267578125,403.3500061035156,8188400.0
2026-09-09,JPM,352.0,356.3299865722656,348.69000244140625,354.7099914550781,6318200.0
2026-09-09,META,648.1284941622514,657.3411939542544,638.056426220049,653.1744995117188,35900700.0
2026-09-09,MSFT,493.07000732421875,494.3900146484375,489.79998779296875,491.6499938964844,12889600.0
2026-09-09,NVDA,225.0281992525124,225.92718720955042,223.21024142511232,223.4199981689453,82955500.0
2026-09-09,SPY,762.1873669257697,762.5763546117217,759.055130192088,760.5115356445312,32812400.0
2026-09-09,TLT,81.86031453946075,81.97982832148273,81.03364208611823,81.40216064453125,40675400.0
2026-09-09,XOM,162.8800048828125,165.17999267578125,162.5500030517578,164.22999572753906,13124000.0
2026-09-10,AAPL,316.6700134277344,326.739990234375,316.510009765625,326.57000732421875,70011900.0
2026-09-10,GLD,399.5299987792969,401.1499938964844,395.45001220703125,396.3599853515625,10202900.0
2026-09-10,JPM,353.510009765625,354.2200012207031,351.1199951171875,353.55999755859375,4184200.0
2026-09-10,META,653.1945472302951,662.9768054946985,641.6336632885306,643.8718872070312,21531900.0
2026-09-10,MSFT,488.32000732421875,494.5199890136719,486.0,492.44000244140625,16038800.0
2026-09-10,NVDA,220.52999877929688,220.99000549316406,217.1999969482422,218.36000061035156,105768000.0
2026-09-10,SPY,756.1523365872063,758.2271404471661,754.7657651010062,755.9528198242188,42740400.0
2026-09-10,TLT,80.67508185684997,81.03363838411698,80.34640377372345,80.45596313476562,60481500.0
2026-09-10,XOM,167.0,167.3699951171875,163.17999267578125,165.22999572753906,16615300.0
2026-09-11,AAPL,327.45001220703125,336.2200012207031,326.29998779296875,332.2699890136719,50716900.0
2026-09-11,GLD,402.5299987792969,403.6499938964844,398.1400146484375,398.7699890136719,10963000.0
2026-09-11,JPM,358.32000732421875,360.04998779296875,354.7900085449219,356.2300109863281,5354600.0
2026-09-11,META,652.9947023490145,663.716221985592,645.6904688887529,647.51904296875,16925000.0
2026-09-11,MSFT,495.6499938964844,498.9700012207031,492.5799865722656,495.6300048828125,14510500.0
2026-09-11,NVDA,221.24000549316406,222.0,218.14999389648438,218.2899932861328,89060100.0
2026-09-11,SPY,762.8257171109622,764.4816392943262,761.7084962835214,762.3967895507812,45512700.0
2026-09-11,TLT,80.97388396341735,81.15316223251415,80.48584403161507,80.54560852050781,32431000.0
2026-09-11,XOM,165.07000732421875,167.08999633789062,164.0800018310547,165.99000549316406,11362400.0
2026-09-14,AAPL,334.7900085449219,335.5,331.3399963378906,333.0799865722656,39269100.0
2026-09-14,GLD,391.8900146484375,395.8999938964844,390.9599914550781,392.8399963378906,7435100.0
2026-09-14,JPM,354.2300109863281,355.2799987792969,347.54998779296875,350.1300048828125,9609900.0
2026-09-14,META,657.311302577125,668.072768706455,648.708045415434,665.0751342773438,19332300.0
2026-09-14,MSFT,497.05999755859375,509.95001220703125,495.3399963378906,505.4100036621094,23091900.0
2026-09-14,NVDA,211.24000549316406,212.77000427246094,208.92999267578125,210.9600067138672,132267200.0
2026-09-14,SPY,757.119891309806,761.6287143614769,756.0525344863368,758.9952392578125,43992400.0
2026-09-14,TLT,80.49580257881505,81.03363736293782,80.13724605606653,80.60536193847656,33740100.0
2026-09-14,XOM,168.6999969482422,169.4499969482422,164.0399932861328,165.0800018310547,13942100.0
2026-09-15,AAPL,330.1400146484375,331.7799987792969,328.3500061035156,331.3399963378906,31748200.0
2026-09-15,GLD,393.1099853515625,395.30999755859375,391.80999755859375,394.1499938964844,6705500.0
2026-09-15,JPM,351.0,354.70001220703125,343.07000732421875,352.489990234375,14026500.0
2026-09-15,META,658.7801108800835,678.3346866933342,655.6825797136325,669.7114868164062,19502800.0
2026-09-15,MSFT,500.05999755859375,505.8999938964844,495.5400085449219,497.1199951171875,17794600.0
2026-09-15,NVDA,213.3800048828125,213.94000244140625,211.16000366210938,212.1699981689453,88059700.0
2026-09-15,SPY,758.2371341657202,758.4665449596201,754.2769973083872,755.513916015625,46195000.0
2026-09-15,TLT,80.30656480915516,80.5256835353156,80.18705103036991,80.38624572753906,35033000.0
2026-09-15,XOM,165.36000061035156,169.63999938964844,165.14999389648438,169.32000732421875,12329200.0
2026-09-16,AAPL,332.5299987792969,335.4800109863281,330.70001220703125,332.4100036621094,35981000.0
2026-09-16,GLD,398.9100036621094,400.6000061035156,388.3900146484375,391.739990234375,15773200.0
2026-09-16,JPM,353.3800048828125,355.6000061035156,344.69000244140625,348.9200134277344,8303400.0
2026-09-16,META,679.3738238485387,684.7695900234191,671.3801323225093,672.779052734375,17217800.0
2026-09-16,MSFT,493.0299987792969,495.9700012207031,487.2300109863281,490.29998779296875,16670300.0
2026-09-16,NVDA,214.13999938964844,216.75999450683594,212.5,213.89999389648438,96563600.0
2026-09-16,SPY,757.6187023523285,759.7833101686804,747.7432005092232,752.1821899414062,59217700.0
2026-09-16,TLT,80.6153217356513,81.23282981989908,80.5356408219451,80.55555725097656,56481700.0
2026-09-16,XOM,167.22999572753906,167.5,162.55999755859375,163.32000732421875,13437800.0
2026-09-17,AAPL,334.7699890136719,338.3399963378906,330.17999267578125,337.0,36700200.0
2026-09-17,GLD,400.2799987792969,401.44000244140625,398.0400085449219,398.3599853515625,7746100.0
2026-09-17,JPM,352.25,353.489990234375,345.2699890136719,349.30999755859375,6480100.0
2026-09-17,META,681.9018750257407,682.6612854975235,666.5239959332205,681.77197265625,15928000.0
2026-09-17,MSFT,497.79998779296875,501.4700012207031,493.1700134277344,497.75,17841600.0
2026-09-17,NVDA,218.3800048828125,219.91000366210938,217.14999389648438,219.33999633789062,94191300.0
2026-09-17,SPY,761.2596848801362,761.6786274833105,758.0775841455181,760.7109985351562,49652800.0
2026-09-17,TLT,81.21291492639416,81.46191208734136,81.093393553575,81.45195007324219,41622600.0
2026-09-17,XOM,161.8300018310547,163.38999938964844,161.4499969482422,163.27000427246094,10976500.0
2026-09-18,AAPL,337.9100036621094,338.489990234375,332.5299987792969,336.1300048828125,86588200.0
2026-09-18,GLD,400.4800109863281,403.1499938964844,398.1300048828125,401.1700134277344,9523900.0
2026-09-18,JPM,347.8900146484375,349.6700134277344,345.010009765625,349.6700134277344,18312400.0
2026-09-18,META,688.0769980771287,689.6058209010791,660.278927643704,665.2250366210938,27596400.0
2026-09-18,MSFT,497.9700012207031,498.6499938964844,491.1000061035156,493.7799987792969,39622300.0
2026-09-18,NVDA,219.35000610351562,222.72999572753906,218.02999877929688,222.27000427246094,190287400.0
2026-09-18,SPY,761.3099975585938,762.0,757.969970703125,761.6900024414062,65395100.0
2026-09-18,TLT,81.14319861946484,81.14319861946484,80.7647180594991,80.92407989501953,41105000.0
2026-09-18,XOM,162.5,163.5399932861328,161.30999755859375,163.5399932861328,37640600.0
2026-09-21,AAPL,335.2799987792969,339.6400146484375,333.04998779296875,338.9800109863281,34999200.0
2026-09-21,GLD,400.1700134277344,400.239990234375,396.3399963378906,398.3800048828125,6411000.0
2026-09-21,JPM,353.6700134277344,354.5,350.0799865722656,352.0400085449219,6414700.0
2026-09-21,META,680.2999877929688,753.0,679.5999755859375,741.25,48720500.0
2026-09-21,MSFT,494.95001220703125,501.8699951171875,491.3299865722656,501.6099853515625,27959900.0
2026-09-21,NVDA,222.94000244140625,228.5,221.55999755859375,227.3800048828125,109806100.0
2026-09-21,SPY,766.25,774.8900146484375,766.030029296875,773.5,50484700.0
2026-09-21,TLT,81.39219713268156,81.49179448213154,81.21291886415531,81.47187805175781,26972500.0
2026-09-21,XOM,160.9600067138672,161.9499969482422,157.94000244140625,158.3000030517578,15752500.0
2026-09-22,AAPL,340.1400146484375,345.3399963378906,338.75,339.75,40711800.0
2026-09-22,GLD,397.07000732421875,400.7799987792969,395.5799865722656,400.07000732421875,6519900.0
2026-09-22,JPM,352.0,352.1000061035156,337.29998779296875,340.0,11485600.0
2026-09-22,META,731.4000244140625,757.27001953125,730.0,736.5999755859375,28122100.0
2026-09-22,MSFT,507.32000732421875,508.5,493.6499938964844,498.0,21652800.0
2026-09-22,NVDA,226.85000610351562,229.97999572753906,226.5,228.8699951171875,95746700.0
2026-09-22,SPY,774.030029296875,775.1400146484375,772.5700073242188,773.3800048828125,34802300.0
2026-09-22,TLT,81.56151116945544,81.61131364222194,81.21291665646136,81.42207336425781,22769300.0
2026-09-22,XOM,157.52999877929688,159.97000122070312,155.85000610351562,158.7100067138672,14189400.0
2026-09-23,AAPL,341.0799865722656,341.79998779296875,335.5,337.0199890136719,31658800.0
2026-09-23,GLD,395.3299865722656,395.5,391.8699951171875,392.8800048828125,7547000.0
2026-09-23,JPM,337.6099853515625,341.44000244140625,336.9800109863281,337.5299987792969,7068500.0
2026-09-23,META,747.5999755859375,763.9000244140625,739.510009765625,744.0999755859375,30829200.0
2026-09-23,MSFT,500.760009765625,509.44000244140625,495.8800048828125,500.5899963378906,19445600.0
2026-09-23,NVDA,228.02999877929688,228.9499969482422,224.02000427246094,225.50999450683594,89547300.0
2026-09-23,SPY,772.7899780273438,773.0499877929688,766.5,767.8099975585938,54931700.0
2026-09-23,TLT,81.15315784781167,81.18303629124836,79.90817204601454,80.13724517822266,53502400.0
2026-09-23,XOM,159.6199951171875,162.1199951171875,159.4199981689453,161.22999572753906,12569300.0
2026-09-24,AAPL,336.7200012207031,338.9100036621094,334.29998779296875,335.9200134277344,24733100.0
2026-09-24,GLD,391.9599914550781,393.07000732421875,389.04998779296875,391.69000244140625,6710200.0
2026-09-24,JPM,338.1199951171875,339.3699951171875,335.2799987792969,338.55999755859375,6934300.0
2026-09-24,META,744.3599853515625,779.8200073242188,743.010009765625,777.5900268554688,34808500.0
2026-09-24,MSFT,495.07000732421875,498.8999938964844,491.2200012207031,497.92999267578125,16657600.0
2026-09-24,NVDA,222.0800018310547,224.94000244140625,221.08999633789062,224.5800018310547,77469900.0
2026-09-24,SPY,764.0700073242188,768.9500122070312,763.25,767.1799926757812,43983700.0
2026-09-24,TLT,80.02768729911516,80.22688959035924,79.1014175415039,79.1014175415039,59160600.0
2026-09-24,XOM,163.05999755859375,164.91000366210938,161.1999969482422,162.13999938964844,12484900.0
2026-09-25,AAPL,336.0400085449219,341.6700134277344,334.5299987792969,341.07000732421875,30002500.0
2026-09-25,GLD,392.2099914550781,394.2200012207031,390.04998779296875,393.4100036621094,7701100.0
2026-09-25,JPM,340.7699890136719,343.30999755859375,338.6400146484375,343.05999755859375,11460300.0
2026-09-25,META,768.8499755859375,769.5700073242188,746.5399780273438,751.6599731445312,25826700.0
2026-09-25,MSFT,499.0400085449219,519.4000244140625,497.25,516.1699829101562,38193100.0
2026-09-25,NVDA,225.1300048828125,226.94000244140625,223.1300048828125,225.07000732421875,89947700.0
2026-09-25,SPY,768.780029296875,772.280029296875,766.2899780273438,771.3499755859375,36666700.0
2026-09-25,TLT,79.05162589983779,79.14126123546956,78.51379108967488,79.00182342529297,62576700.0
2026-09-25,XOM,160.22999572753906,161.7899932861328,159.77999877929688,160.58999633789062,10996700.0
2026-09-28,AAPL,340.3699951171875,342.989990234375,338.0400085449219,338.3999938964844,32820800.0
2026-09-28,GLD,379.760009765625,381.5199890136719,376.8800048828125,377.9100036621094,14843400.0
2026-09-28,JPM,341.8299865722656,342.0,336.29998779296875,336.5899963378906,10483700.0
2026-09-28,META,750.0399780273438,750.5800170898438,713.1900024414062,715.6199951171875,27943100.0
2026-09-28,MSFT,505.4700012207031,513.3300170898438,502.2200012207031,509.2200012207031,19626900.0
2026-09-28,NVDA,229.75,233.2100067138672,228.0399932861328,228.86000061035156,142344300.0
2026-09-28,SPY,768.3499755859375,769.5399780273438,763.719970703125,765.6099853515625,42694500.0
2026-09-28,TLT,78.33451253934197,78.55363126848998,77.95603197125334,78.30463409423828,63463400.0
2026-09-28,XOM,162.8000030517578,163.5399932861328,161.0500030517578,162.52000427246094,12809500.0
2026-09-29,AAPL,336.9700012207031,337.0899963378906,328.70001220703125,329.3999938964844,38478000.0
2026-09-29,GLD,380.94000244140625,383.0,379.7200012207031,382.8900146484375,8122800.0
2026-09-29,JPM,337.0,338.75,333.3299865722656,334.9800109863281,7254900.0
2026-09-29,META,725.0,740.4500122070312,715.0999755859375,738.7899780273438,23591100.0
2026-09-29,MSFT,508.30999755859375,513.6400146484375,502.3999938964844,508.9599914550781,21341800.0
2026-09-29,NVDA,230.97000122070312,232.82000732421875,227.02999877929688,227.2100067138672,101494900.0
2026-09-29,SPY,766.8300170898438,766.97998046875,762.3499755859375,764.2000122070312,36910500.0
2026-09-29,TLT,78.20502876425684,78.20502876425684,77.52775614964229,77.91619873046875,76018400.0
2026-09-29,XOM,160.22000122070312,161.97000122070312,159.27000427246094,161.35000610351562,9160000.0
2026-09-30,AAPL,330.79998779296875,339.5,330.1400146484375,333.0199890136719,49988600.0
2026-09-30,GLD,384.3900146484375,384.5899963378906,380.17999267578125,380.8399963378906,7016200.0
2026-09-30,JPM,334.8900146484375,336.3399963378906,330.8299865722656,330.8299865722656,9113300.0
2026-09-30,META,730.27001953125,738.25,721.2999877929688,725.1799926757812,19293000.0
2026-09-30,MSFT,511.6099853515625,519.8300170898438,510.30999755859375,512.9000244140625,27223300.0
2026-09-30,NVDA,229.27000427246094,232.3699951171875,228.1699981689453,228.3800048828125,121732200.0
2026-09-30,SPY,766.4500122070312,769.4099731445312,762.1799926757812,762.6300048828125,62110000.0
2026-09-30,TLT,77.84647523385864,77.89627010625443,77.23892155958224,77.4679946899414,73132600.0
2026-09-30,XOM,162.22999572753906,164.3699951171875,161.8000030517578,162.75,13100400.0
2026-10-01,AAPL,330.0,332.4800109863281,325.80999755859375,330.32000732421875,36306300.0
2026-10-01,GLD,381.9100036621094,383.70001220703125,380.3599853515625,382.760009765625,6095900.0
2026-10-01,JPM,328.75,333.5799865722656,325.8699951171875,333.17999267578125,8160000.0
2026-10-01,META,728.530029296875,735.8800048828125,721.510009765625,725.9299926757812,12408400.0
2026-10-01,MSFT,519.8800048828125,522.8499755859375,512.1699829101562,512.7999877929688,19731900.0
2026-10-01,NVDA,229.97999572753906,232.2899932861328,228.16000366210938,230.86000061035156,98591400.0
2026-10-01,SPY,764.3599853515625,765.6500244140625,758.7899780273438,763.989990234375,47708100.0
2026-10-01,TLT,76.94000244140625,78.05000305175781,76.76000213623047,77.70999908447266,83642600.0
2026-10-01,XOM,161.5,164.0800018310547,160.80999755859375,163.82000732421875,11703100.0
2026-10-02,AAPL,333.260009765625,334.5400085449219,330.6099853515625,333.69000244140625,33245500.0
2026-10-02,GLD,384.45001220703125,385.2200012207031,378.1099853515625,380.1400146484375,9154900.0
2026-10-02,JPM,334.0,334.8500061035156,330.0,332.3800048828125,6658200.0
2026-10-02,META,733.25,741.5800170898438,726.2000122070312,728.0800170898438,12944900.0
2026-10-02,MSFT,519.3900146484375,522.5,513.6599731445312,517.530029296875,17803300.0
2026-10-02,NVDA,236.05999755859375,237.8800048828125,233.60000610351562,233.9499969482422,134914600.0
2026-10-02,SPY,770.5800170898438,772.6500244140625,767.1500244140625,769.6400146484375,46306400.0
2026-10-02,TLT,77.94000244140625,78.31999969482422,77.27999877929688,77.4800033569336,61365400.0
2026-10-02,XOM,161.5500030517578,164.61000061035156,161.5500030517578,164.00999450683594,11287000.0
