date,ticker,open,high,low,close,volume
2024-08-29,AAPL,228.191123238114,230.98772097763546,226.98124300552124,227.88368225097656,51906300.0
2024-08-29,GLD,231.9499969482422,233.61000061035156,231.9199981689453,232.9499969482422,5524200.0
2024-08-29,JPM,213.19248330758634,213.98901788500726,210.11192481779804,213.2500762939453,6416100.0
2024-08-29,META,515.1822916979731,523.271586281881,511.8374080676586,514.3584594726562,8317400.0
2024-08-29,MSFT,408.48716903331825,415.4865852646763,404.2146650393698,406.6954650878906,17045200.0
2024-08-29,NVDA,121.02488328117458,124.0864056350864,116.38772203285157,117.26528930664062,453023300.0
2024-08-29,SPY,545.9963772385526,549.2802828145968,542.9463311315743,544.08642578125,38715200.0
2024-08-29,TLT,88.54383034552454,88.7893529529312,88.32558031913787,88.68932342529297,24988200.0
2024-08-29,XOM,109.92435627144258,111.41565462574243,109.1271247225311,110.79662322998047,10753900.0
2024-08-30,AAPL,228.28039594132485,228.4886453526855,225.59287085733376,227.1002655029297,52990800.0
2024-08-30,GLD,232.52999877929688,232.86000061035156,230.5500030517578,231.2899932861328,5743000.0
2024-08-30,JPM,213.5283638010213,216.38820025870874,212.981340289583,215.73562622070312,8574100.0
2024-08-30,META,517.4652172466594,519.6389012251412,511.36107936433183,517.425537109375,9157500.0
2024-08-30,MSFT,409.13683384861065,410.9974260333262,405.7207960910566,410.65289306640625,24308300.0
2024-08-30,NVDA,119.19992897597831,121.41379989153823,116.89631023816276,119.04037475585938,333751600.0
2024-08-30,SPY,546.4447596496766,549.7871307787254,542.9074857644326,549.2803955078125,62700100.0
2024-08-30,TLT,88.82572510677663,89.10762270953452,87.72540727588976,87.74359130859375,42896200.0
2024-08-30,XOM,109.53981270103401,110.69345171603112,109.07085212289229,110.61842346191406,13284700.0
2024-09-03,AAPL,226.65400042223428,227.10026429068756,219.335218503661,220.9219512939453,50190600.0
2024-09-03,GLD,230.3800048828125,230.5399932861328,228.52000427246094,230.2899932861328,6417900.0
2024-09-03,JPM,213.336424500989,215.06384784728323,210.39981213405102,211.4170684814453,8956100.0
2024-09-03,META,515.7680356506584,521.5744214783637,504.83012928039915,507.9467468261719,12459100.0
2024-09-03,MSFT,411.41094371784055,413.3503087826454,400.7001374742272,403.0726623535156,20313600.0
2024-09-03,NVDA,115.68965834345619,115.88910303086084,106.99373606605621,107.70177459716797,477155100.0
2024-09-03,SPY,546.1523100029519,546.4836505961764,535.4723301709399,537.9766845703125,60600100.0
2024-09-03,TLT,89.00532332888764,89.4614801839318,88.87759996630737,89.17866516113281,48947900.0
2024-09-03,XOM,108.64876875535772,108.88324901301942,106.96051519365521,108.30174255371094,15725100.0
2024-09-04,AAPL,219.82116129878526,219.94016096302124,215.67582978550038,219.01788330078125,43840200.0
2024-09-04,GLD,229.7899932861328,231.05999755859375,229.3800048828125,230.42999267578125,4696000.0
2024-09-04,JPM,212.12721670145393,213.11569850429112,208.4516628819831,210.48617553710938,7389500.0
2024-09-04,META,502.299090188846,512.7407211150795,500.3139929377969,508.91937255859375,8335200.0
2024-09-04,MSFT,399.5975240045065,404.8446216814279,398.08146478954603,402.541015625,15135800.0
2024-09-04,NVDA,105.11893116355375,112.95722005840781,103.83249237473713,105.91671752929688,372470300.0
2024-09-04,SPY,536.144708671945,540.2666308743978,535.4236220855641,536.8755493164062,47224900.0
2024-09-04,TLT,89.29726704643751,90.34642924751873,89.23340536256657,90.32818603515625,40885200.0
2024-09-04,XOM,108.13291695635395,108.93952961871048,106.90424269066257,106.9792709350586,12620600.0
2024-09-05,AAPL,219.79139340374425,223.60944526365165,219.6823053430495,220.53517150878906,36615400.0
2024-09-05,GLD,232.72000122070312,232.88999938964844,231.3300018310547,232.35000610351562,4838100.0
2024-09-05,JPM,211.27311444323652,211.8969139547451,207.31924560820755,208.854736328125,8067900.0
2024-09-05,META,507.9069828183979,517.7431433118987,507.34122283337155,513.0086669921875,8640900.0
2024-09-05,MSFT,401.28095677141835,406.67574622741506,399.8141378862011,402.03900146484375,14195500.0
2024-09-05,NVDA,104.70008464878364,109.34722045042044,104.47072401794104,106.91395568847656,306850700.0
2024-09-05,SPY,536.817154296066,539.6527901961324,533.1239343608661,535.56982421875,44264300.0
2024-09-05,TLT,90.62926080669862,90.93945115663169,90.11836724257687,90.83909606933594,47450900.0
2024-09-05,XOM,107.92658280608143,108.12354538224939,106.05074056931576,106.14453125,17200800.0
2024-09-06,AAPL,222.09216799264019,223.3714749735505,217.94685141211724,218.98814392089844,48423000.0
2024-09-06,GLD,231.8300018310547,232.75999450683594,229.6199951171875,230.6300048828125,6315800.0
2024-09-06,JPM,208.8259326693763,209.9199649722642,202.57841969666674,203.8931884765625,7777000.0
2024-09-06,META,517.9912892304044,520.671182675205,494.5373600144014,496.54229736328125,14744500.0
2024-09-06,MSFT,402.6985921439958,404.2638620080845,394.56703607993364,395.45306396484375,19609500.0
2024-09-06,NVDA,107.74167945099285,107.85137632621944,100.67125249545475,102.54606628417969,413638100.0
2024-09-06,SPY,535.8913798019039,537.5089477091443,525.659610039857,526.5560913085938,68493800.0
2024-09-06,TLT,90.82083792854289,91.94297995967418,90.4924044168943,90.8299560546875,57406400.0
2024-09-06,XOM,106.53846028191845,107.09183748291599,104.79393352150832,105.6474380493164,13467700.0
2024-09-09,AAPL,218.98812757352732,219.4343914347755,214.91222272734436,219.07737731933594,67180000.0
2024-09-09,GLD,231.25999450683594,231.6199951171875,230.38999938964844,231.60000610351562,3548800.0
2024-09-09,JPM,206.51313619606708,209.35377522003003,205.54385192671694,208.06781005859375,8935100.0
2024-09-09,META,502.3884428492591,507.5199025556735,498.3388272776319,501.0286560058594,11047800.0
2024-09-09,MSFT,400.9068736495872,402.2949499033103,395.89603343829765,399.4105224609375,15295100.0
2024-09-09,NVDA,104.59038905946406,106.25578342210773,103.40368021481835,106.1760025024414,273912000.0
2024-09-09,SPY,530.7365485093424,533.718376233379,528.8168426461983,532.4515380859375,40445800.0
2024-09-09,TLT,90.68399769328519,91.32261460138629,90.46504431913657,91.22225952148438,26961400.0
2024-09-09,XOM,105.86315733695932,108.9395374059609,105.6661947642724,107.87030792236328,21645300.0
2024-09-10,AAPL,217.1038662465979,219.6426263973432,214.93203178151688,218.28399658203125,51591000.0
2024-09-10,GLD,232.38999938964844,232.74000549316406,231.1199951171875,232.6199951171875,4378300.0
2024-09-10,JPM,209.78561744862617,209.82399812562028,192.52100489184315,197.2714080810547,28406900.0
2024-09-10,META,504.3735402066735,510.3486723480254,496.3041146023549,501.0286560058594,9899000.0
2024-09-10,MSFT,401.8519747424291,409.85551750473985,401.3597503882825,407.7586669921875,19594300.0
2024-09-10,NVDA,107.5122906776436,109.09790400275718,104.66018768236026,107.8014907836914,268283700.0
2024-09-10,SPY,534.3517437427556,535.1216007015946,529.4989803786028,534.770751953125,36394600.0
2024-09-10,TLT,91.11278095931667,92.06158813872945,91.06716248553263,91.86087799072266,31703400.0
2024-09-10,XOM,107.95471553049366,108.23609471850534,103.33076429186562,103.94041442871094,20913400.0
2024-09-11,AAPL,219.6228241682371,221.2392917639212,216.08243282408242,220.8128662109375,44587100.0
2024-09-11,GLD,231.72000122070312,232.8699951171875,231.08999633789062,232.25,4637300.0
2024-09-11,JPM,196.97392597392317,199.32513434186177,193.69182869664772,198.87408447265625,13658700.0
2024-09-11,META,503.2320824996693,509.29653999219613,491.9070991785975,508.0161437988281,10782500.0
2024-09-11,MSFT,409.03840014283475,417.3963592828998,403.21045111442425,416.4611511230469,19266900.0
2024-09-11,NVDA,109.08792746358935,116.86639141709085,107.12336624714985,116.58716583251953,441422400.0
2024-09-11,SPY,534.6829869259533,541.1728251882878,526.1662674430748,540.2568359375,75248600.0
2024-09-11,TLT,91.6784074167475,92.36264273393573,91.5506840477045,91.78788757324219,39497100.0
2024-09-11,XOM,103.9029007646505,104.06234563802775,101.07975618342317,102.90870666503906,19571900.0
2024-09-12,AAPL,220.6541869199912,221.69547936785247,217.9964268983011,220.9219512939453,37455600.0
2024-09-12,GLD,234.6300048828125,236.4499969482422,234.4199981689453,236.3300018310547,9930200.0
2024-09-12,JPM,199.27713568329062,200.36157653556083,196.6284296106188,198.2694854736328,9054400.0
2024-09-12,META,513.1972540929083,522.7853077289221,511.38087314788646,521.6835327148438,11970500.0
2024-09-12,MSFT,416.72697057085117,420.7238298297295,413.2223356546228,420.3595886230469,17395700.0
2024-09-12,NVDA,116.52732649632485,120.46676065848584,115.07123444451854,118.82117462158203,366052700.0
2024-09-12,SPY,540.8318274541291,545.1096956062142,538.6197974189213,544.8076171875,51819600.0
2024-09-12,TLT,91.55979519248541,91.73313700710706,90.94854673936766,91.35908508300781,41618700.0
2024-09-12,XOM,103.07752212013285,104.41874947265336,102.94621374904159,104.32495880126953,15919500.0
2024-09-13,AAPL,221.72523244234597,222.18140791181287,220.06908820245332,220.65419006347656,36766600.0
2024-09-13,GLD,238.1300048828125,238.97999572753906,237.75999450683594,238.67999267578125,7455100.0
2024-09-13,JPM,198.5190120847975,199.4690986741892,194.833851700199,196.08143615722656,10226700.0
2024-09-13,META,516.4628602121109,523.6489037055354,513.2568864495454,520.7109375,10321400.0
2024-09-13,MSFT,419.2077526362247,425.1144444971336,418.84351144501346,423.89373779296875,15874600.0
2024-09-13,NVDA,118.76132975848293,119.63897203588232,117.28528706438033,118.7812728881836,238358300.0
2024-09-13,SPY,545.4118431545087,548.6470386001909,545.1584755178029,547.653076171875,39310500.0
2024-09-13,TLT,91.65104211609112,91.78789057608608,91.2496218228797,91.60543060302734,25722100.0
2024-09-13,XOM,104.55005814882048,105.48797917693474,104.04357993494642,104.24992370605469,10035400.0
2024-09-16,AAPL,214.74362792854853,215.4179946756504,212.14536768072225,214.5254669189453,59357400.0
2024-09-16,GLD,238.72999572753906,239.27999877929688,238.0500030517578,238.66000366210938,4713500.0
2024-09-16,JPM,197.53055327809923,199.8145919368192,197.30022525287094,199.47869873046875,8634900.0
2024-09-16,META,521.1280781833137,530.6258921990976,514.0345668006345,529.811279296875,9527600.0
2024-09-16,MSFT,423.9036586161946,426.78808638530086,421.5606656690322,424.63214111328125,13834700.0
2024-09-16,NVDA,116.47746652004345,117.8637462195167,114.05396898625607,116.46749114990234,248772300.0
2024-09-16,SPY,547.3899785889079,548.7249762940762,545.5970158864217,548.4619140625,36656100.0
2024-09-16,TLT,91.80613174193145,92.4812489400775,91.6054285602033,92.44475555419922,30866300.0
2024-09-16,XOM,105.0940647686414,106.06949644017209,104.75641259166144,105.71308898925781,11729000.0
2024-09-17,AAPL,213.96018092212807,215.1006346980314,212.72055067344832,214.99154663085938,45519300.0
2024-09-17,GLD,238.0800018310547,238.60000610351562,236.61000061035156,237.33999633789062,5257100.0
2024-09-17,JPM,199.35389225803462,201.46518077489918,199.28672241758034,200.81260681152344,7573300.0
2024-09-17,META,534.1031245656153,538.5738540479329,527.1188831506324,532.8314819335938,11690800.0
2024-09-17,MSFT,433.3838592052121,434.9786612819886,425.54762597309116,428.3828430175781,18874200.0
2024-09-17,NVDA,117.85376774830212,118.48208669803358,114.52270945275087,115.28067016601562,231925900.0
2024-09-17,SPY,550.6640853659264,552.1063181322738,546.4641898322706,548.6859741210938,49321000.0
2024-09-17,TLT,92.57246559657665,92.72755724392907,91.90647358088589,91.9977035522461,31699400.0
2024-09-17,XOM,105.3472861356587,107.2700270425255,105.15970479849726,107.0918197631836,12202600.0
2024-09-18,AAPL,215.7452565018275,220.86245391858552,215.7353297749969,218.8592071533203,59894900.0
2024-09-18,GLD,238.19000244140625,240.2899932861328,235.3000030517578,235.50999450683594,11081100.0
2024-09-18,JPM,200.58229137057424,202.81834284396587,198.3654375571648,199.16197204589844,8259900.0
2024-09-18,META,533.576646824704,540.6602747416101,530.4272830013175,534.450927734375,10323500.0
2024-09-18,MSFT,428.2352249259073,429.2492059809087,423.71660857150346,424.1103820800781,18898000.0
2024-09-18,NVDA,115.57986510061662,117.38501890816246,112.917012138231,113.06661224365234,310318900.0
2024-09-18,SPY,549.3389057758787,554.1624668793891,546.5032696834501,547.0587158203125,59044900.0
2024-09-18,TLT,91.45032802030647,91.8973667676786,90.811711181777,90.8573226928711,48897000.0
2024-09-18,XOM,107.02617880052179,108.45181574405765,106.74479960425158,107.46700286865234,12569900.0
2024-09-19,AAPL,223.12354184254357,227.91347512552952,222.76652771175563,226.97134399414062,66781300.0
2024-09-19,GLD,238.24000549316406,239.52000427246094,237.38999938964844,239.1699981689453,6108200.0
2024-09-19,JPM,201.32127025220836,203.36538928713296,198.97965334983056,201.9930419921875,11635200.0
2024-09-19,META,546.4224729031623,558.4139697214512,542.9651282970003,555.4632568359375,15647000.0
2024-09-19,MSFT,434.36830593406904,434.63409626466625,430.1056262859268,431.8677978515625,21706600.0
2024-09-19,NVDA,117.03596036023049,119.3397837869768,116.93622949013678,117.55457305908203,293506400.0
2024-09-19,SPY,556.4231220387844,558.2453466994866,553.5679782684008,556.3938598632812,75315500.0
2024-09-19,TLT,90.24609168989335,90.60189356341446,90.10924320921534,90.55628204345703,39979800.0
2024-09-19,XOM,108.9489218286612,110.2807681150584,108.03913718819666,108.7988510131836,12660600.0
2024-09-20,AAPL,228.06222073119503,231.15633305592988,225.7317097608303,226.30690002441406,318679900.0
2024-09-20,GLD,241.11000061035156,242.6300048828125,240.47000122070312,242.2100067138672,7737400.0
2024-09-20,JPM,201.46520015567114,202.89512568030523,201.05254563504943,202.57843017578125,20885000.0
2024-09-20,META,556.3575356648216,560.8282658621283,552.6815898194044,557.69873046875,22066800.0
2024-09-20,MSFT,430.4206328981448,432.409208323067,427.4672869965637,428.5009460449219,55167100.0
2024-09-20,NVDA,116.74673611998301,118.30256661567998,115.08120699289479,115.6895751953125,382462400.0
2024-09-20,SPY,555.0314034219361,556.4682163688195,552.4215869805491,555.43212890625,77503100.0
2024-09-20,TLT,90.30993453529616,90.5471380549318,90.06361288981402,90.20957946777344,37067600.0
2024-09-20,XOM,108.2923659235834,108.33926483940871,107.1574822871558,108.1141586303711,36206200.0
2024-09-23,AAPL,225.4540253555904,227.54652178723228,223.9367191660146,224.59124755859375,54146000.0
2024-09-23,GLD,242.97000122070312,243.4600067138672,242.58999633789062,242.67999267578125,5426200.0
2024-09-23,JPM,202.49207645675105,203.25982185543435,201.52280686007273,202.91433715820312,7223500.0
2024-09-23,META,565.7956267309795,570.2464666906967,558.7517177086277,560.7387084960938,12830700.0
2024-09-23,MSFT,427.52638627626743,429.67247726227924,423.6968964015023,426.76837158203125,15128900.0
2024-09-23,NVDA,116.23810791147417,116.67692526968904,114.55262802291854,115.94888305664062,206228500.0
2024-09-23,SPY,556.4976770469989,557.4653365118915,555.2855970625216,556.8201904296875,44116900.0
2024-09-23,TLT,89.86291368801706,90.40117551530753,89.42499998005684,90.01800537109375,35703900.0
2024-09-23,XOM,108.17043849111822,110.47772345973343,107.97347592552825,110.07441711425781,16066300.0
2024-09-24,AAPL,226.75317542181838,227.44738051700955,223.85740076750545,225.48379516601562,43556100.0
2024-09-24,GLD,243.38999938964844,246.19000244140625,243.14999389648438,246.07000732421875,8386300.0
2024-09-24,JPM,202.63601263414566,204.3634360377964,201.88746493315114,203.0582733154297,7323200.0
2024-09-24,META,562.9940181626635,564.0570656157435,550.5852691689676,559.6658325195312,12993000.0
2024-09-24,MSFT,426.2662748026867,426.61083784634445,419.4735849772464,422.495849609375,17015800.0
2024-09-24,NVDA,116.20818908018337,121.47406618937484,115.07124032940908,120.54655456542969,354966800.0
2024-09-24,SPY,557.6117584874984,558.471913246618,554.7967173955426,558.4132690429688,46805700.0
2024-09-24,TLT,89.40675808895618,90.218716865789,89.26990961816813,89.99976348876953,31005400.0
2024-09-24,XOM,110.5246122151813,110.82475381832494,109.57731711439546,109.78366088867188,11984900.0
2024-09-25,AAPL,223.0639938591287,225.40441611848388,222.16155463706056,224.49205017089844,42308700.0
2024-09-25,GLD,246.19000244140625,246.47000122070312,244.7899932861328,245.72999572753906,7393400.0
2024-09-25,JPM,203.1446478984502,203.68207992104146,200.19844382266885,201.71473693847656,8976500.0
2024-09-25,META,560.3811029520627,573.1276667022589,560.0532324710734,564.6134033203125,16543400.0
2024-09-25,MSFT,423.14559476109406,426.3844395741606,421.90520976014716,425.39013671875,13396400.0
2024-09-25,NVDA,121.69346336275538,124.60565503965537,121.28456450552947,123.17948150634766,284692900.0
2024-09-25,SPY,558.2569249779147,558.9900073797687,556.0771860686909,557.1817016601562,38428600.0
2024-09-25,TLT,89.64395843133987,89.69869503353436,89.21516981974412,89.25166320800781,36738200.0
2024-09-25,XOM,109.25842034696798,109.783660997219,106.96051665284243,107.64519500732422,13816000.0
2024-09-26,AAPL,225.41434646896755,226.604388370512,223.54002631267903,225.6325225830078,36636700.0
2024-09-26,GLD,246.44000244140625,247.3699951171875,245.19000244140625,246.97999572753906,7041100.0
2024-09-26,JPM,202.61682975945425,203.16383862893971,200.582302352154,201.32125854492188,7807500.0
2024-09-26,META,571.9850555262691,573.6442364117479,558.6920829601953,564.1464233398438,14400800.0
2024-09-26,MSFT,428.3237229222171,428.53044870901516,422.4564178816269,424.6025085449219,14492000.0
2024-09-26,NVDA,126.46068519535362,127.3283521984154,121.4740652366879,123.70806884765625,302582900.0
2024-09-26,SPY,561.4238456875147,561.7464186568862,557.0449191197562,559.3907470703125,48336000.0
2024-09-26,TLT,89.47061953326872,89.63483630567995,88.8776141350947,89.46149444580078,33332300.0
2024-09-26,XOM,104.24054066678204,106.43527955513711,104.24054066678204,105.79749298095703,16887900.0
2024-09-27,AAPL,226.56473891662026,227.61594290444046,225.41435845997736,225.90028381347656,34026000.0
2024-09-27,GLD,246.30999755859375,246.75,244.19000244140625,245.02000427246094,8329600.0
2024-09-27,JPM,202.15616813497374,203.87399998332447,200.88940076897532,202.01222229003906,7032500.0
2024-09-27,META,566.3917234549,567.1269610131264,560.838117928489,563.6695556640625,9398400.0
2024-09-27,MSFT,424.8093096047705,425.1341945131492,420.82230422369577,421.3637390136719,14896100.0
2024-09-27,NVDA,123.63824105329503,123.69807805046355,118.9408465511356,121.07511901855469,271009200.0
2024-09-27,SPY,560.4561405350975,561.2673753932927,557.5531033653197,558.5794067382812,42100900.0
2024-09-27,TLT,89.89940477031922,90.10011492463421,89.59833953884673,89.92677307128906,28317600.0
2024-09-27,XOM,106.69790498988922,108.8832556868593,106.2195632313246,108.63002014160156,15964000.0
2024-09-30,AAPL,228.13162655878588,231.06707763671875,227.74486252768645,231.06707763671875,54541900.0
2024-09-30,GLD,243.97000122070312,244.0800018310547,242.5,243.05999755859375,6916700.0
2024-09-30,JPM,197.99117378793656,202.45368545325593,196.98350891876606,202.3577117919922,8663800.0
2024-09-30,META,564.0074544097776,570.9420341726083,561.1262929647693,568.7166137695312,12792300.0
2024-09-30,MSFT,421.5507213885959,423.72637439868134,418.7548910042777,423.60821533203125,16807300.0
2024-09-30,NVDA,117.99339940741461,121.1748653861715,117.83383152489164,121.11502838134766,226553700.0
2024-09-30,SPY,557.5531842584909,561.4238811603136,555.266000370726,560.81787109375,63557400.0
2024-09-30,TLT,89.99063614609344,90.05449783614048,89.29727568243808,89.49798583984375,34175500.0
2024-09-30,XOM,108.29237205350769,110.10256010797467,107.82341149178849,109.943115234375,13247600.0
2024-10-01,AAPL,227.6159583693189,227.74486962890148,221.88390914906273,224.3334197998047,63285000.0
2024-10-01,GLD,245.1999969482422,246.97999572753906,245.05999755859375,245.61000061035156,10605500.0
2024-10-01,JPM,200.4767591421218,200.65910033309902,197.87603956294308,198.69175720214844,8540100.0
2024-10-01,META,574.2204636657805,579.2475480673664,566.3917149021512,572.7202758789062,15259300.0
2024-10-01,MSFT,421.78706729834266,421.81659955830685,412.2969671899716,414.1477355957031,19092900.0
2024-10-01,NVDA,121.44413691318621,122.11234975829879,115.48014381228901,116.68690490722656,302094500.0
2024-10-01,SPY,560.465907913519,561.1109941219235,553.232804974523,555.793701171875,72668800.0
2024-10-01,TLT,90.4278933937268,90.91298116328848,90.05263260118572,90.14415740966797,45254200.0
2024-10-01,XOM,108.83636600979648,113.11328396373696,108.73319411566457,112.48487854003906,23235900.0
2024-10-02,AAPL,224.0160654907427,225.48378349827837,221.16987922367838,224.898681640625,32880600.0
2024-10-02,GLD,245.61000061035156,246.07000732421875,243.99000549316406,245.66000366210938,6798800.0
2024-10-02,JPM,198.73011645099774,200.5247095749859,197.39616465396708,198.931640625,5810900.0
2024-10-02,META,571.1207599191655,572.2533592458284,565.6367064603336,569.0841064453125,6524700.0
2024-10-02,MSFT,416.00832438993655,416.24461251055664,410.22961524498584,410.6430969238281,16582300.0
2024-10-02,NVDA,116.12839762685847,119.06052472572213,114.83187351018621,118.53194427490234,221845900.0
2024-10-02,SPY,554.904357347643,557.0449605610858,552.5193933091881,556.0283813476562,38097800.0
2024-10-02,TLT,89.10990196554621,89.44855139311619,88.8353205936901,89.38448333740234,35810800.0
2024-10-02,XOM,114.36071684661938,115.19546603007304,112.73811023995324,113.97616577148438,17129700.0
2024-10-03,AAPL,223.27226484855484,224.92840891217833,221.4673712198949,223.79786682128906,34044200.0
2024-10-03,GLD,244.72000122070312,245.91000366210938,243.69000244140625,245.49000549316406,5674500.0
2024-10-03,JPM,197.85679624868848,198.16390021390342,196.1005838868636,196.95469665527344,7251300.0
2024-10-03,META,566.4414622307997,579.5654984827303,565.0306550145035,578.9793701171875,11581000.0
2024-10-03,MSFT,411.1353624953208,413.0254873918148,407.8473070657378,410.06231689453125,13686400.0
2024-10-03,NVDA,120.59641230247804,124.0272091849403,120.01796257527629,122.52124786376953,277118000.0
2024-10-03,SPY,554.562134456547,556.9470981426042,552.7343205282026,555.0117797851562,40846500.0
2024-10-03,TLT,89.09159043854282,89.24719026931841,88.54243469238281,88.54243469238281,39677800.0
2024-10-03,XOM,114.33257322544829,115.52372976664519,113.42278869545163,114.9703598022461,16524300.0
2024-10-04,AAPL,226.00938361911108,226.10856009308668,222.27066963907552,224.91851806640625,37245100.0
2024-10-04,GLD,245.0,246.69000244140625,244.0500030517578,245.0,5947800.0
2024-10-04,JPM,202.09148689963916,204.37985684800876,199.78380164736595,203.9453582763672,10211700.0
2024-10-04,META,579.9331783979741,592.9678360709729,577.6481506014203,592.0637817382812,14169500.0
2024-10-04,MSFT,411.7357819472086,413.2223089798081,408.5166457695598,409.5896911621094,19169700.0
2024-10-04,NVDA,124.60564409737714,124.70537496045645,121.50396631905444,124.585693359375,243678100.0
2024-10-04,SPY,559.4395649274686,560.4267920576441,555.2854315259468,560.0553588867188,42939100.0
2024-10-04,TLT,87.3525905993603,87.82852367472572,87.3159792885024,87.4532699584961,56954100.0
2024-10-04,XOM,115.5518725581094,117.41834063304479,114.82967648527053,117.0806884765625,19752300.0
2024-10-07,AAPL,222.63759275105315,223.81772316941647,219.49389225502094,219.8509063720703,39505400.0
2024-10-07,GLD,244.5800018310547,244.82000732421875,243.80999755859375,244.1699981689453,3849000.0
2024-10-07,JPM,203.76190602752735,205.98269458084312,202.46806055788844,203.66534423828125,6718900.0
2024-10-07,META,594.3289018923776,599.0281772602958,580.2411417229309,580.9763793945312,12014200.0
2024-10-07,MSFT,409.5306729821077,410.6233966552464,402.6395318501973,403.171142578125,20919800.0
2024-10-07,NVDA,124.65551433206126,130.29039598837593,124.61562046227938,127.37821197509766,346250200.0
2024-10-07,SPY,558.413299806086,559.0584457401652,553.8486566717974,554.9922485351562,49964700.0
2024-10-07,TLT,86.93159460131194,87.19701445703107,86.73023582837017,86.79430389404297,42606600.0
2024-10-07,XOM,117.47461272927663,118.49694324959624,117.10882408844945,117.58716583251953,15714400.0
2024-10-08,AAPL,222.43927296601913,224.10532889247753,221.39798044587943,223.89707946777344,31855700.0
2024-10-08,GLD,243.7899932861328,244.0399932861328,240.6300048828125,242.3699951171875,7669800.0
2024-10-08,JPM,203.32743387199133,204.05160318568684,201.20320683180367,203.4915771484375,6021800.0
2024-10-08,META,585.8544322720043,589.6992554551828,582.1585970483418,589.0336303710938,7857400.0
2024-10-08,MSFT,404.5099645290717,409.19594995144206,401.82243880752753,408.2607116699219,19229300.0
2024-10-08,NVDA,129.9114112143918,133.1227955252644,129.07366275536995,132.5343780517578,285722500.0
2024-10-08,SPY,557.553120131347,560.8373745453375,556.683241044493,560.2410888671875,37398700.0
2024-10-08,TLT,86.39157906340695,86.97734618099219,86.34581317054457,86.94073486328125,33709600.0
2024-10-08,XOM,116.18965369294527,116.32096206363566,113.73230519365134,114.46388244628906,14818500.0
2024-10-09,AAPL,223.36151510273743,227.84402197002447,222.96483950692257,227.63575744628906,33591100.0
2024-10-09,GLD,241.16000366210938,241.83999633789062,240.63999938964844,241.0500030517578,4120500.0
2024-10-09,JPM,202.47771475974207,206.86136077091666,202.16874354804747,206.06959533691406,7024000.0
2024-10-09,META,590.1263511004084,590.5237735346293,577.8268726105156,586.6690063476562,9529700.0
2024-10-09,MSFT,409.3928021729279,413.84252930935924,407.8570646785986,410.9679260253906,14974300.0
2024-10-09,NVDA,133.75109763690637,134.16000405397224,131.0284078789419,132.2949981689453,246191600.0
2024-10-09,SPY,560.2313175326061,564.6787318135322,559.6350914993983,564.12158203125,37912200.0
2024-10-09,TLT,86.64784617079044,86.86751406404119,86.24513566561961,86.44648742675781,35807700.0
2024-10-09,XOM,113.39465156881919,114.97035915224829,113.30086089894937,114.51077270507812,11144900.0
2024-10-10,AAPL,225.89038125247495,227.59611368544336,225.28544108575701,227.13992309570312,28183500.0
2024-10-10,GLD,241.77000427246094,243.02000427246094,241.50999450683594,242.82000732421875,4792700.0
2024-10-10,JPM,207.41171960680364,207.41171960680364,204.18675618891916,205.5095672607422,7927100.0
2024-10-10,META,583.7481340170177,586.3908052566998,578.7309940775933,580.032470703125,7740400.0
2024-10-10,MSFT,408.77263914925425,410.859665558973,406.7249690560659,409.3731384277344,13848400.0
2024-10-10,NVDA,131.55700075403345,134.63872798675436,130.64943234270237,134.44923400878906,242311300.0
2024-10-10,SPY,562.7825341526946,564.5517040960426,561.5313781232933,563.1343994140625,44138100.0
2024-10-10,TLT,85.92479253457714,86.11699671324851,85.4946252677763,86.10784912109375,53667400.0
2024-10-10,XOM,115.51436026763767,116.02083133894084,114.69836637583633,115.49559783935547,10243300.0
2024-10-11,AAPL,227.39779019694814,227.5068782710055,225.45404318616428,225.6623077392578,31759200.0
2024-10-11,GLD,244.5,245.9199981689453,244.47000122070312,245.47000122070312,5789500.0
2024-10-11,JPM,208.2420838481715,216.89349797730637,207.74965411869448,214.6340789794922,18320700.0
2024-10-11,META,581.026099899799,587.3646072371074,578.9198938933503,586.11279296875,8587100.0
2024-10-11,MSFT,409.6684790592566,410.6430736171545,406.8234080163179,409.8456726074219,14144900.0
2024-10-11,NVDA,133.65139075503694,135.41665858843493,133.3023364675461,134.4392852783203,170209500.0
2024-10-11,SPY,563.0561883893231,567.2396742554129,562.9193320123793,566.506591796875,42268000.0
2024-10-11,TLT,85.5586885236818,86.09868971207449,85.50376805936291,85.76004028320312,27406400.0
2024-10-11,XOM,115.45808250514696,116.33034938813454,115.30801885466227,115.9364242553711,8294800.0
2024-10-14,AAPL,226.80274288926017,229.8076053434174,226.70358155060512,229.3811798095703,39882100.0
2024-10-14,GLD,245.16000366210938,245.86000061035156,244.25999450683594,245.07000732421875,3922900.0
2024-10-14,JPM,215.51275230031362,215.9955317699529,211.3415453439257,213.85198974609375,9048900.0
2024-10-14,META,590.3548605756521,596.1966189040863,586.1226207270662,586.57958984375,8252000.0
2024-10-14,MSFT,411.2731366880873,417.4456494762865,411.0270245046469,412.6218566894531,16653100.0
2024-10-14,NVDA,136.104806530019,139.22643549757692,135.93526327737888,137.70053100585938,232347700.0
2024-10-14,SPY,568.1094171371436,572.0681091902395,567.6304795911454,571.1395263671875,36217200.0
2024-10-14,TLT,85.15598218014324,85.83327414360437,85.1010686915342,85.8241195678711,28795300.0
2024-10-14,XOM,115.58939323406327,116.54607675397246,115.00788673742242,116.37725067138672,9808100.0
2024-10-15,AAPL,231.67201972311165,235.51983687729248,230.44230106244424,231.9100341796875,64751400.0
2024-10-15,GLD,244.99000549316406,246.5500030517578,244.52999877929688,245.9199981689453,5640800.0
2024-10-15,JPM,215.95693117924253,217.68527532023913,214.1803061412129,214.7306671142578,9235800.0
2024-10-15,META,586.3211938265786,586.7682788653303,576.366411572846,582.45654296875,9564200.0
2024-10-15,MSFT,415.6145639475164,415.9099165968068,408.8021954562943,412.2280578613281,18900200.0
2024-10-15,NVDA,137.5010592255131,138.19919822128062,128.3955011745818,131.2478485107422,377831000.0
2024-10-15,SPY,571.4035256005812,571.7065305951428,565.4899467305453,566.7020263671875,54203600.0
2024-10-15,TLT,86.45563590095816,86.94987815155638,86.3732656839721,86.86750793457031,46429100.0
2024-10-15,XOM,113.31961582748175,114.37946398976345,112.34417712109648,112.87879180908203,15771300.0
2024-10-16,AAPL,229.67869350471682,230.19436878170097,227.93328446814013,229.85719299316406,34082200.0
2024-10-16,GLD,247.6199951171875,248.08999633789062,246.36000061035156,247.14999389648438,5431900.0
2024-10-16,JPM,214.6727269219523,215.97622268757254,213.42714760377535,215.93760681152344,6382500.0
2024-10-16,META,577.6183295542279,578.2938992429113,570.2962722964854,573.0382690429688,11268400.0
2024-10-16,MSFT,408.7135954364056,409.88506179410496,404.0965284555642,409.6488037109375,15508900.0
2024-10-16,NVDA,133.62146232310147,136.25439701653355,131.22789086287455,135.3568115234375,264879700.0
2024-10-16,SPY,566.7020448464575,569.6832346627543,565.9005342666823,569.1651611328125,30725400.0
2024-10-16,TLT,87.30683469062897,87.5173480063914,87.0780192087932,87.23361206054688,32281500.0
2024-10-16,XOM,113.38528113909746,113.90114060609868,113.11328316156683,113.16956329345703,8426800.0
2024-10-17,AAPL,231.4934859003546,231.91001494787182,228.6076384062416,230.22410583496094,32993800.0
2024-10-17,GLD,247.75,249.05999755859375,247.6199951171875,248.6300048828125,5176200.0
2024-10-17,JPM,216.54590691604216,218.0714918044211,215.61896385393163,216.69073486328125,6470200.0
2024-10-17,META,579.535763803756,581.165050386019,571.458640303418,573.1773681640625,8701200.0
2024-10-17,MSFT,415.7917465890575,415.9295838303706,409.127039576057,410.2394714355469,14820000.0
2024-10-17,NVDA,138.96710708195366,140.51296215395072,136.50371585796043,136.5635528564453,306435900.0
2024-10-17,SPY,572.6936844531912,572.8989689898087,569.0282726746998,569.2139892578125,34393700.0
2024-10-17,TLT,86.30006184951405,86.43735255727921,85.73259684943591,85.8515853881836,43427200.0
2024-10-17,XOM,113.26334285688414,114.03243779671895,112.27852293680947,112.87879180908203,11204900.0
2024-10-18,AAPL,234.2206950473064,234.2206950473064,232.0686987091599,233.0504913330078,46431500.0
2024-10-18,GLD,250.0,251.3699951171875,249.89999389648438,251.27000427246094,7833600.0
2024-10-18,JPM,217.25078010281487,218.1390926356883,215.416223853029,217.6080322265625,7000500.0
2024-10-18,META,577.3201645263075,580.1714915317401,571.5082405723564,572.7202758789062,7694300.0
2024-10-18,MSFT,410.6529471112624,413.12389293089865,409.78662744422246,411.6570739746094,17145300.0
2024-10-18,NVDA,138.2989120156457,138.52829226592988,136.9126323168706,137.63070678710938,176090200.0
2024-10-18,SPY,570.8952748825009,572.1855071059618,569.4388940141822,571.403564453125,37416800.0
2024-10-18,TLT,86.08040450307894,86.29091087860395,85.9065024671181,85.91565704345703,25258600.0
2024-10-18,XOM,112.96321233926093,113.15079368493949,111.75329333905624,112.55990600585938,12898600.0
2024-10-21,AAPL,232.5050303027995,234.8851292946414,232.5050303027995,234.5181884765625,36254500.0
2024-10-21,GLD,252.74000549316406,253.13999938964844,250.72999572753906,251.22000122070312,9258600.0
2024-10-21,JPM,217.46318311378727,217.92664727427885,215.22307932710135,215.31964111328125,5870000.0
2024-10-21,META,572.2832200812247,573.4853107818262,565.4081878247276,571.4188232421875,8171900.0
2024-10-21,MSFT,409.6487883889798,412.44461909285747,407.31564977599334,412.2674255371094,14206100.0
2024-10-21,NVDA,137.76035501280404,143.32542419433594,137.63069803621275,143.32542419433594,264554500.0
2024-10-21,SPY,570.6801577821931,571.6576009296549,567.5034675529424,570.4651489257812,36439000.0
2024-10-21,TLT,85.13766260421103,85.20173066070872,84.41461181640625,84.41461181640625,49504700.0
2024-10-21,XOM,113.46968728856005,113.9386477950075,112.28790480869708,112.62555694580078,10177800.0
2024-10-22,AAPL,231.9496772340994,234.26034966164363,230.67038557078126,233.90333557128906,38846600.0
2024-10-22,GLD,253.05999755859375,253.94000244140625,252.52000427246094,253.92999267578125,5756300.0
2024-10-22,JPM,215.3389560319398,217.521113903058,213.48508466002997,216.40106201171875,9586800.0
2024-10-22,META,570.5544876920058,579.7344367073867,568.3986195156929,578.2243041992188,8544500.0
2024-10-22,MSFT,411.9819473916582,423.88392916296095,411.53896348036403,420.8616943359375,25482200.0
2024-10-22,NVDA,142.52756130979012,144.03351491090646,141.40058044009385,143.2057342529297,226311600.0
2024-10-22,SPY,567.9434160693424,571.3156073773309,567.2885457643838,570.1622314453125,34183800.0
2024-10-22,TLT,84.79901686420114,84.8996962323463,84.28646544921823,84.49697875976562,32096900.0
2024-10-22,XOM,112.79438899533952,113.66665586981497,112.49425454152913,113.20706939697266,9201400.0
2024-10-23,AAPL,232.13812257917175,233.18932661738793,225.87054472777703,228.8456573486328,52287000.0
2024-10-23,GLD,253.0800018310547,253.17999267578125,250.1999969482422,250.8699951171875,8081000.0
2024-10-23,JPM,215.95693541093075,217.05767211185088,214.86584899630188,215.71554565429688,6180500.0
2024-10-23,META,576.197574254934,581.1948858843222,558.8412364272328,560.0234985351562,14248400.0
2024-10-23,MSFT,424.15948412942276,424.37606401025147,415.9590409984269,417.9968566894531,19654400.0
2024-10-23,NVDA,141.64994578790018,142.04886935503015,137.09218240070786,139.18655395507812,285930000.0
2024-10-23,SPY,568.1486509721636,568.5885123492586,561.4629131521561,564.952392578125,49314600.0
2024-10-23,TLT,84.05765227207385,84.54274696044735,83.89291182830601,84.2681655883789,33354200.0
2024-10-23,XOM,112.52238470435452,113.25396194716465,111.98777001493409,112.80375671386719,8320300.0
2024-10-24,AAPL,228.07212485007065,228.90516786821388,226.51515714412935,228.65724182128906,31109500.0
2024-10-24,GLD,253.27000427246094,253.32000732421875,251.39999389648438,252.8000030517578,5962200.0
2024-10-24,JPM,214.18995560232,217.3087070595921,214.02581233964898,217.23146057128906,6002200.0
2024-10-24,META,563.441056755549,565.1796737231452,557.8675620582958,564.0868530273438,7184700.0
2024-10-24,MSFT,418.7155841953702,419.35549993342784,415.8311564953273,418.12493896484375,13581600.0
2024-10-24,NVDA,140.4431777464081,140.97175826689335,138.08949241788707,140.03427124023438,172354900.0
2024-10-24,SPY,566.897492764615,566.9757049256177,563.5644376745634,566.1741943359375,34979900.0
2024-10-24,TLT,84.41461122247141,85.11935983898734,84.16748658993735,84.80817413330078,32507400.0
2024-10-24,XOM,112.55052089646504,112.9632084295983,111.73452704388869,112.16596984863281,9905600.0
2024-10-25,AAPL,227.83412074973037,231.28524701350278,227.665532857223,229.49026489257812,38802300.0
2024-10-25,GLD,252.0,253.5500030517578,251.77000427246094,253.32000732421875,4424500.0
2024-10-25,JPM,217.2507524036145,217.84939420670585,213.2726544520225,214.6533966064453,6369700.0
2024-10-25,META,570.1969320475016,577.5090452336584,568.0012849047358,569.5213623046875,11337900.0
2024-10-25,MSFT,420.12336158504047,425.7937660019832,419.9363139175779,421.4917297363281,16899100.0
2024-10-25,NVDA,140.55287134358582,143.74432048434818,140.42322956503693,141.16123962402344,205122100.0
2024-10-25,SPY,568.3928919070939,571.2763607061805,565.0402695558583,565.9785766601562,47268200.0
2024-10-25,TLT,85.11020082074995,85.15596670820585,84.22239567410007,84.33222961425781,28667100.0
2024-10-25,XOM,112.7381047732611,112.9538297583736,111.9127368441859,112.07218170166016,10714600.0
2024-10-28,AAPL,231.38442210065006,232.78271346714027,230.62080565968694,231.4637451171875,36087100.0
2024-10-28,GLD,253.00999450683594,253.6300048828125,252.9499969482422,253.3300018310547,4029100.0
2024-10-28,JPM,215.65762021512975,217.86874396216535,215.2713877542694,217.7335662841797,6843000.0
2024-10-28,META,578.2144025704526,579.9530197603123,570.3856528873466,574.3993530273438,10925100.0
2024-10-28,MSFT,424.9470943239702,425.2227387354677,419.6704341057476,419.9559326171875,14882400.0
2024-10-28,NVDA,142.617310298629,142.75693502866474,139.67520798990546,140.14395141601562,173586700.0
2024-10-28,SPY,569.4387968461247,569.5658692170972,567.425266520915,567.728271484375,30174700.0
2024-10-28,TLT,84.45123643804222,84.46954559166562,83.67326499855403,84.10343933105469,33156500.0
2024-10-28,XOM,109.53980010231074,111.62198597470056,109.52103767411153,111.51881408691406,11844500.0
2024-10-29,AAPL,231.1662428522856,232.38603471678388,230.39271482775456,231.73150634765625,35417200.0
2024-10-29,GLD,254.49000549316406,256.2900085449219,254.22999572753906,256.0899963378906,8875500.0
2024-10-29,JPM,217.45355245759362,218.94050685947278,215.13620197943288,215.2230987548828,6580000.0
2024-10-29,META,576.3764798430535,589.8084987307076,571.6573758802128,589.4210815429688,13019100.0
2024-10-29,MSFT,421.34405104712135,426.4336641349943,419.1782518516455,425.2326354980469,17644100.0
2024-10-29,NVDA,139.91457158033694,141.8793009979601,138.52829188537018,140.87200927734375,157593600.0
2024-10-29,SPY,566.7703610094676,569.7613345267463,565.3824085036434,568.6470947265625,42899700.0
2024-10-29,TLT,83.44444900023029,84.25903175959523,83.27055393913969,84.23157501220703,46545200.0
2024-10-29,XOM,111.21868998713863,111.77206002242413,109.8024270686357,109.9993896484375,14731000.0
2024-10-30,AAPL,230.68031899274527,231.53318522639518,227.64570650368097,228.19114685058594,47070900.0
2024-10-30,GLD,256.760009765625,257.7099914550781,255.91000366210938,257.5,6386200.0
2024-10-30,JPM,214.87548602178538,218.5156474524891,213.94855766414204,216.68109130859375,7110900.0
2024-10-30,META,597.0708419557426,597.2894424740662,585.5463196507573,587.9505615234375,26864900.0
2024-10-30,MSFT,430.6372355196224,431.68074872313076,425.3802831426112,425.8035888671875,29749100.0
2024-10-30,NVDA,139.16657905851807,139.9544735111022,136.4438889013892,138.9671173095703,179418100.0
2024-10-30,SPY,568.1779762445088,570.1622147162088,566.2230897069062,566.9268798828125,41435800.0
2024-10-30,TLT,84.97293414355003,85.38480629831244,84.35056258887049,84.47869873046875,41951100.0
2024-10-30,XOM,110.35579131472224,110.92791655707099,109.24904421820466,109.44600677490234,12303700.0
2024-10-31,AAPL,227.43742665071557,227.92336713292326,223.5003599556127,224.035888671875,64370100.0
2024-10-31,GLD,255.52000427246094,255.60000610351562,252.1999969482422,253.50999450683594,9930800.0
2024-10-31,JPM,216.96110835965536,217.91701709128074,214.18030840692387,214.27685546875,7829900.0
2024-10-31,META,581.1947950319762,586.0629466302374,559.347841413134,563.8881225585938,26838400.0
2024-10-31,MSFT,408.9005934690843,409.6881704469,399.9814907408766,400.0307312011719,53971000.0
2024-10-31,NVDA,137.2317994926413,137.24176725497634,131.75648481507793,132.4047393798828,270039600.0
2024-10-31,SPY,562.5771834276276,562.6456116079135,555.6177928931281,555.8132934570312,60182500.0
2024-10-31,TLT,84.38716652064832,85.06446553198002,84.08513532142847,84.61598205566406,52173800.0
2024-10-31,XOM,109.87745175842478,111.30308859706028,109.43662772273068,109.5304183959961,20512000.0
2024-11-01,AAPL,219.1368672842602,223.4805363045207,218.44267740554844,221.06077575683594,65276700.0
2024-11-01,GLD,254.3300018310547,254.86000061035156,252.44000244140625,252.47000122070312,6473000.0
2024-11-01,JPM,215.86036059570225,218.36115478761525,215.0299792936343,215.26171875,6923500.0
2024-11-01,META,563.9180324207553,569.9386134322048,558.9008916842407,563.470947265625,15303200.0
2024-11-01,MSFT,402.6493843637014,409.0384470027673,401.162857168779,403.98822021484375,24230400.0
2024-11-01,NVDA,134.33951978002003,136.94253564166783,134.2098780275083,135.0376434326172,207127800.0
2024-11-01,SPY,558.4327703071272,562.5673353166255,557.7485482406672,558.1590576171875,45667500.0
2024-11-01,TLT,84.72709118306412,84.96585747157187,83.38629915300707,83.42302703857422,80402000.0
2024-11-01,XOM,112.48487603163163,112.50363130479639,107.71085398707507,107.81402587890625,20939300.0
2024-11-04,AAPL,219.15671602208408,220.94177147156717,217.88733586004025,220.16824340820312,44944500.0
2024-11-04,GLD,253.32000732421875,253.5800018310547,252.27000427246094,252.8300018310547,4581400.0
2024-11-04,JPM,214.98169019005127,216.0534611932713,211.6215492339804,212.21054077148438,8229600.0
2024-11-04,META,560.4306960625767,564.9908663460168,554.2611288203346,557.032958984375,12064600.0
2024-11-04,MSFT,403.42703719981586,404.0374205874987,399.26283871579096,402.1078796386719,19672300.0
2024-11-04,NVDA,136.84282779526694,138.58814473225323,135.207217103038,135.68592834472656,187528200.0
2024-11-04,SPY,558.2960015952809,559.5862337823984,555.0802349340614,556.9569091796875,38217000.0
2024-11-04,TLT,84.74545255377839,85.01177525807483,84.14852283769767,84.71790313720703,49747600.0
2024-11-04,XOM,108.86449816904357,111.33122800390267,108.73318979187357,111.24681854248047,14965400.0
2024-11-05,AAPL,219.9599772111233,222.0921350198155,219.30544885909725,221.59628295898438,28111300.0
2024-11-05,GLD,253.77999877929688,253.99000549316406,252.41000366210938,253.39999389648438,6029900.0
2024-11-05,JPM,212.45192606649232,214.3154624265246,212.42296047781522,213.8616485595703,5600700.0
2024-11-05,META,563.6100278854066,569.749823265765,562.9841208217535,568.7066650390625,9775400.0
2024-11-05,MSFT,402.0193362267301,408.44778544240023,401.7338376736444,405.061279296875,17626000.0
2024-11-05,NVDA,137.0821601293647,139.99434394500742,136.9624861371184,139.53558349609375,160537400.0
2024-11-05,SPY,557.866005538498,563.7306656122672,557.6509966384954,563.6915893554688,39478300.0
2024-11-05,TLT,84.51587905518369,85.3148473033974,84.12098766902729,85.16790771484375,46986000.0
2024-11-05,XOM,111.68764160431631,111.809568766107,110.68406635578881,111.57508850097656,10436700.0
2024-11-06,AAPL,220.76327216240406,224.19457534628128,219.35505401685137,220.8723602294922,54561100.0
2024-11-06,GLD,245.63999938964844,247.35000610351562,244.9499969482422,245.6999969482422,14600200.0
2024-11-06,JPM,226.90634163086352,239.4586073381028,226.68426720904813,238.5509796142578,23987800.0
2024-11-06,META,559.0896053301655,569.2729344365789,551.5588922903491,568.3291015625,18305400.0
2024-11-06,MSFT,406.00632872643234,413.91145024796907,404.1358522419557,413.6456298828125,26681800.0
2024-11-06,NVDA,142.577419626437,146.09797148430005,141.58009580907174,145.22032165527344,242043900.0
2024-11-06,SPY,575.9094848869298,578.5778854519942,572.1854290723838,577.7079467773438,68182000.0
2024-11-06,TLT,82.32101448732217,83.31283562728142,82.23836622889128,82.83528900146484,98895700.0
2024-11-06,XOM,113.62913868787086,114.3419607023416,111.89398614523262,113.48844909667969,20807700.0
2024-11-07,AAPL,222.7665321945981,225.9895710313294,222.70703236030374,225.59288024902344,42137700.0
2024-11-07,GLD,248.2899932861328,250.24000549316406,248.1199951171875,249.64999389648438,8821400.0
2024-11-07,JPM,236.07918035167899,236.1467765550335,227.11879382619438,228.2388458251953,16451100.0
2024-11-07,META,573.1377114647717,590.9311916079627,571.4686460744448,587.8513793945312,14653700.0
2024-11-07,MSFT,414.72850912180576,420.21189508853655,413.3502870767265,418.81396484375,19901800.0
2024-11-07,NVDA,145.9982707339075,148.5314671885647,145.77885821996583,148.4816131591797,207323300.0
2024-11-07,SPY,579.7020872739936,583.191567003201,579.6238751058823,582.1749877929688,47233200.0
2024-11-07,TLT,83.34038614442503,84.1393543521039,83.2485524094707,83.87303161621094,56221400.0
2024-11-07,XOM,113.76982471862422,113.95740606382884,112.18473587529752,113.62913513183594,12184400.0
2024-11-08,AAPL,225.53330763226646,227.01257809039103,224.77878865400953,225.3248291015625,38328800.0
2024-11-08,GLD,249.07000732421875,249.35000610351562,247.77999877929688,247.9600067138672,6267900.0
2024-11-08,JPM,231.09688077350958,231.09688077350958,227.65949319123993,228.8181610107422,9502100.0
2024-11-08,META,587.6923556403852,589.2422063251362,580.7180578780853,585.5067138671875,9415700.0
2024-11-08,MSFT,418.7057298172818,419.8673720771894,415.2207729945687,415.9689636230469,16891400.0
2024-11-08,NVDA,148.3718575159869,149.3691812590464,145.8685651814179,147.2349090576172,175665800.0
2024-11-08,SPY,582.722322897382,586.1140819812399,582.722322897382,584.69677734375,46444900.0
2024-11-08,TLT,84.48831854624271,85.03932791807753,84.34137897697248,84.93830871582031,56756200.0
2024-11-08,XOM,113.46968661465606,113.88236699195564,112.2316311712185,113.59161376953125,12836000.0
2024-11-11,AAPL,223.37892800863307,224.07388164377818,219.90414468405433,222.61447143554688,42005600.0
2024-11-11,GLD,242.72999572753906,242.72999572753906,241.05999755859375,242.13999938964844,11653800.0
2024-11-11,JPM,231.734152593889,233.76183232238978,230.7685936247478,231.04859924316406,9017100.0
2024-11-11,META,582.5459618099937,583.1818134340144,572.7600561464711,579.376708984375,10209100.0
2024-11-11,MSFT,415.9491808063806,418.2035763452128,409.53058722591055,411.50933837890625,24503300.0
2024-11-11,NVDA,148.28212306443757,148.45168153400843,143.18581210072784,144.87127685546875,182325600.0
2024-11-11,SPY,586.2802096893201,586.6320749270757,583.5335966542183,585.25390625,37586800.0
2024-11-11,TLT,84.71791551166802,84.76383588363706,84.13935665976942,84.52506256103516,22369200.0
2024-11-11,XOM,113.48845293334288,114.06996659056618,112.616186025393,112.9913558959961,11969700.0
2024-11-12,AAPL,222.9321731823864,223.96467356190874,221.75074442821315,222.61447143554688,40398300.0
2024-11-12,GLD,241.2899932861328,241.66000366210938,239.38999938964844,240.0500030517578,10145500.0
2024-11-12,JPM,232.26521962387952,233.14388184693877,230.53686076900374,231.30931091308594,6861000.0
2024-11-12,META,584.7117650187471,595.7594290937752,576.6048691782358,581.0159912109375,16287700.0
2024-11-12,MSFT,411.7456911405818,417.8394313280264,410.7120319666306,416.45135498046875,19401200.0
2024-11-12,NVDA,146.3871892091523,149.2495037052901,145.61924560605905,147.8931427001953,198634700.0
2024-11-12,SPY,585.1756086538937,585.7718346072201,580.9628314181381,583.435791015625,43006100.0
2024-11-12,TLT,83.90977250863064,84.35057727050227,83.11998971993982,83.25774383544922,57908400.0
2024-11-12,XOM,113.61036904992864,113.77919511749089,112.4004500916941,112.87879180908203,11972800.0
2024-11-13,AAPL,222.39605879884869,225.01703765642938,221.15506473467502,223.49806213378906,48566200.0
2024-11-13,GLD,241.30999755859375,241.47000122070312,237.58999633789062,237.6300048828125,8431700.0
2024-11-13,JPM,232.29419152794952,235.68329839480197,232.0334864664189,232.85421752929688,11472600.0
2024-11-13,META,578.820364505682,581.8306847991486,571.4287559968451,576.2273559570312,10757600.0
2024-11-13,MSFT,415.0829808583345,422.6533640239858,411.7062988498683,418.5876159667969,21502200.0
2024-11-13,NVDA,148.67108050956173,148.93037924410717,145.5095503668412,145.87857055664062,191903300.0
2024-11-13,SPY,583.8952929846365,585.7133231848053,581.5396809070076,583.7193603515625,47388600.0
2024-11-13,TLT,84.04751502762122,84.06588597880072,82.39448675118074,82.46795654296875,49009100.0
2024-11-13,XOM,113.08513753089439,114.47326379438152,111.42502046763641,113.92926788330078,15127900.0
2024-11-14,AAPL,223.3987876531247,227.2210402122622,223.3789275067786,226.5757293701172,44923900.0
2024-11-14,GLD,236.57000732421875,237.99000549316406,236.1300048828125,237.00999450683594,8262400.0
2024-11-14,JPM,234.07080953881766,235.87640014281013,232.7479984317867,233.5397491455078,10172200.0
2024-11-14,META,573.2468901583926,576.9824428535567,569.2828529077551,573.4058227539062,11053700.0
2024-11-14,MSFT,418.3906594438851,421.5113747579457,413.4684163916041,420.25128173828125,30246900.0
2024-11-14,NVDA,147.24491377788954,148.60127501764129,145.16051028397845,146.3672637939453,194463300.0
2024-11-14,SPY,583.846361756873,584.3252993650702,579.2817188550297,579.9658813476562,38904100.0
2024-11-14,TLT,83.16589032318272,83.59751654918243,82.89956760913047,82.94548797607422,53328300.0
2024-11-14,XOM,115.04511763685967,115.25314975776726,113.78743053752434,114.00492095947266,13041800.0
2024-11-15,AAPL,224.76884409236825,225.28510187679902,222.65420045885568,223.37893676757812,47923700.0
2024-11-15,GLD,237.57000732421875,237.8800048828125,236.3300018310547,236.58999633789062,7299500.0
2024-11-15,JPM,233.14388893789499,237.93305345699474,233.14388893789499,236.8612823486328,11518800.0
2024-11-15,META,567.5044802644791,568.8457355956763,547.9127777703728,550.4760131835938,17712900.0
2024-11-15,MSFT,413.2912534776132,416.2248913266483,407.2073678244848,408.54620361328125,28247600.0
2024-11-15,NVDA,144.4823175216733,144.85133773586546,139.70514243904907,141.6000518798828,250132900.0
2024-11-15,SPY,576.4177743775998,576.886987680586,570.689971552463,572.537353515625,75988800.0
2024-11-15,TLT,82.57813521830944,83.24853465276473,82.2016148833681,82.7250747680664,73722400.0
2024-11-15,XOM,113.85362196189949,114.64794608392222,112.6526702634422,112.82288360595703,19051700.0
2024-11-18,AAPL,223.6271499370396,228.08480645929455,223.5477244921184,226.377197265625,44633700.0
2024-11-18,GLD,240.4600067138672,241.5,240.4499969482422,241.08999633789062,6323400.0
2024-11-18,JPM,239.2268682839051,239.3910115292734,234.3218272931725,236.5908966064453,9051400.0
2024-11-18,META,553.4166047714235,556.2580474384864,546.5118608884317,550.7938232421875,14327300.0
2024-11-18,MSFT,408.41819885611204,411.89330132284374,405.69128696291637,409.29437255859375,24727000.0
2024-11-18,NVDA,139.12669362767247,141.17121080701085,136.78297621414575,139.7749481201172,221205300.0
2024-11-18,SPY,572.9967218779136,576.1929802203847,572.1366267509276,574.8832397460938,37001700.0
2024-11-18,TLT,82.3393709129973,83.19343079198305,82.11896158313303,82.87200927734375,36010600.0
2024-11-18,XOM,113.27679309369653,114.06166616294436,112.78506243229572,113.76851654052734,14239700.0
2024-11-19,AAPL,225.34467799276683,228.501774994788,225.02699136706502,226.63531494140625,36211800.0
2024-11-19,GLD,242.75,243.30999755859375,242.02999877929688,243.25,6579100.0
2024-11-19,JPM,233.90664645217612,236.70676140391376,233.2307581603698,234.71771240234375,6792700.0
2024-11-19,META,548.2703047139239,557.7780620636823,547.018490926951,557.4403076171875,9522400.0
2024-11-19,MSFT,406.68563392869004,411.4405385103304,405.1498961868294,411.2928771972656,18133500.0
2024-11-19,NVDA,140.9418317601378,146.73628163269873,140.61271302151263,146.61659240722656,227834900.0
2024-11-19,SPY,571.520745912538,577.7079174505996,570.8560917990914,576.984619140625,49412000.0
2024-11-19,TLT,83.40466879495278,83.63425663098893,83.22100132870975,83.29446411132812,29585100.0
2024-11-19,XOM,113.23896908374783,113.23896908374783,111.77324258973766,112.17986297607422,11584400.0
2024-11-20,AAPL,226.41689814964724,228.27342054954684,224.26253412411586,227.35012817382812,35169600.0
2024-11-20,GLD,243.74000549316406,245.2100067138672,243.50999450683594,244.6199951171875,6630700.0
2024-11-20,JPM,235.9826082126915,236.1853820806055,230.42099380614764,232.48728942871094,9015300.0
2024-11-20,META,559.2683729001642,562.6661102785154,550.595177235104,561.841552734375,9797300.0
2024-11-20,MSFT,410.3871084118776,410.8005900683197,404.19491792354364,409.028564453125,19191700.0
2024-11-20,NVDA,147.0155246522584,147.16511715506326,142.34804073132528,145.4995880126953,309871700.0
2024-11-20,SPY,577.0628263540408,577.4635517504902,571.4425288776818,577.1801147460938,50032600.0
2024-11-20,TLT,82.78937153534947,83.41385070291985,82.75263664237893,83.02814483642578,27755400.0
2024-11-20,XOM,112.69048807791629,113.91980737519177,112.18930638758016,113.77796173095703,11360900.0
2024-11-21,AAPL,227.230987838277,228.50176458087773,224.0838286281757,226.8735809326172,42108300.0
2024-11-21,GLD,246.22999572753906,246.80999755859375,245.69000244140625,246.66000366210938,7646400.0
2024-11-21,JPM,234.8529113632746,237.03508413180523,233.771489998293,236.33021545410156,8783500.0
2024-11-21,META,565.8155365001531,566.2923949021789,545.47865352332,559.4273681640625,11154700.0
2024-11-21,MSFT,413.80284233986384,414.0790385036892,404.71793020151534,407.26287841796875,20780200.0
2024-11-21,NVDA,148.95034787282623,152.48086819347145,140.3234860038813,146.2775115966797,400946600.0
2024-11-21,SPY,580.0149394425506,581.6961134603662,574.1991392606221,580.27880859375,46750300.0
2024-11-21,TLT,83.06487876951189,83.43222071949297,82.65162345482375,82.96385955810547,28365700.0
2024-11-21,XOM,114.4966554614185,115.88672996380872,113.7306917718865,115.3004379272461,14675400.0
2024-11-22,AAPL,226.41689485035167,229.05773399756174,226.41689485035167,228.21385192871094,38168300.0
2024-11-22,GLD,248.1999969482422,250.38999938964844,247.86000061035156,249.83999633789062,7503000.0
2024-11-22,JPM,235.21983634263424,240.56902689654652,234.65981033615955,239.9897003173828,7997300.0
2024-11-22,META,559.8844014593876,560.1626093179061,550.9827201972906,555.5031127929688,9164000.0
2024-11-22,MSFT,405.7832472742104,411.73135363774225,405.4774597411712,411.3367919921875,24814600.0
2024-11-22,NVDA,145.53949007763015,146.7662096056562,140.72242834878378,141.5701446533203,236406200.0
2024-11-22,SPY,580.2689646034843,582.7028485393122,579.7705186323628,582.0772705078125,38226400.0
2024-11-22,TLT,83.11999321151349,83.29447522578708,82.78938612298946,83.0097885131836,21547500.0
2024-11-22,XOM,115.19641273209176,116.51083518972126,115.0261993886434,115.16804504394531,13323400.0
2024-11-25,AAPL,229.79241557012372,231.56951255942457,228.08480637706975,231.19224548339844,90152800.0
2024-11-25,GLD,244.27000427246094,244.39999389648438,241.47999572753906,242.47999572753906,10733100.0
2024-11-25,JPM,240.99385046333052,245.55128980408418,240.48210540768852,241.66973876953125,10295400.0
2024-11-25,META,558.4437123587735,568.865529523388,552.7708927148353,561.4341430664062,13599800.0
2024-11-25,MSFT,412.698073057269,415.36138685697927,409.21601445717323,413.1025085449219,27691100.0
2024-11-25,NVDA,141.610046895497,141.66988390343687,135.45655935237875,135.65602111816406,344941900.0
2024-11-25,SPY,585.9966768325361,587.3064171117452,581.7741156946049,584.0515747070312,42441400.0
2024-11-25,TLT,84.67198224765215,85.20462765294687,84.47912932638282,85.1587142944336,56858000.0
2024-11-25,XOM,114.82762240913345,115.25315217548572,113.10657952667614,113.44700622558594,26580300.0
2024-11-26,AAPL,231.6489234928732,233.87279036398945,231.6489234928732,233.366455078125,45986200.0
2024-11-26,GLD,242.7100067138672,243.08999633789062,241.5800018310547,242.9499969482422,4945900.0
2024-11-26,JPM,241.86287360225722,242.35530337685785,239.78691296046713,241.36077880859375,6212100.0
2024-11-26,META,562.3183927344387,573.7435897599618,561.5236085472491,569.809326171875,10356600.0
2024-11-26,MSFT,413.8916059444426,423.21327891734404,413.16166540924917,422.1775207519531,23458900.0
2024-11-26,NVDA,137.33150030488406,138.9272246590056,135.30693397114106,136.5535888671875,190287700.0
2024-11-26,SPY,585.2930125321725,587.7659726175935,584.5794980426031,587.101318359375,45621300.0
2024-11-26,TLT,84.63526442640627,84.89240168533853,84.31383584627612,84.82811737060547,31122200.0
2024-11-26,XOM,113.03092551151803,113.17277116927244,111.44227001672235,111.55574798583984,14827300.0
2024-11-27,AAPL,232.78070364946953,233.99191506726265,232.12545514826604,233.2373809814453,33498400.0
2024-11-27,GLD,244.85000610351562,245.17999267578125,243.1999969482422,243.49000549316406,6930600.0
2024-11-27,JPM,240.76213237626226,242.53875732525523,240.20210641192003,241.1869659423828,5472300.0
2024-11-27,META,571.1506727838479,571.2400534262138,560.43081696294,565.4976806640625,7200200.0
2024-11-27,MSFT,419.33668746447955,421.4279216336492,416.28865548862075,417.2454833984375,18332400.0
2024-11-27,NVDA,134.64869500572706,136.85278753282546,131.44729379106425,134.97781372070312,226370900.0
2024-11-27,SPY,586.9155638447446,587.2967213513849,583.807301635719,585.3223266601562,34000200.0
2024-11-27,TLT,85.44340482536862,85.75564090073051,85.10361232588865,85.41585540771484,39442200.0
2024-11-27,XOM,111.66921690965505,112.27442552045656,111.04510612616527,111.26260375976562,11079100.0
2024-11-29,AAPL,233.1182385238603,236.0966241243161,232.28429419145726,235.62008666992188,28481400.0
2024-11-29,GLD,245.25,245.80999755859375,244.72999572753906,245.58999633789062,2708500.0
2024-11-29,JPM,241.25459296543534,243.09881434916647,240.8587102055902,241.11941528320312,5494800.0
2024-11-29,META,565.2990076473546,574.6974980400871,563.2126911011084,570.5844116210938,7130500.0
2024-11-29,MSFT,414.38481768654003,419.1097738504757,412.1259094010287,417.70904541015625,16271900.0
2024-11-29,NVDA,136.41396798376013,138.97709782710584,135.68592576491588,137.88003540039062,141863200.0
2024-11-29,SPY,586.1335489255529,589.7403166328984,585.8598958585202,588.9583740234375,30177400.0
2024-11-29,TLT,86.12298872311067,86.3158416663749,85.8107526263395,86.29747772216797,31905700.0
2024-11-29,XOM,111.05456410905455,112.05692756596119,110.59120115500892,111.5462875366211,9426500.0
2024-12-02,AAPL,235.5605532676808,239.0551819380818,235.45134517492735,237.86383056640625,48137100.0
2024-12-02,GLD,244.4600067138672,244.5800018310547,243.13999938964844,243.44000244140625,4765000.0
2024-12-02,JPM,240.9552533116239,241.63114167034325,236.59092247162565,237.76890563964844,8899700.0
2024-12-02,META,573.743694871793,590.6331196558978,571.8262556875883,588.9739990234375,12522400.0
2024-12-02,MSFT,415.84474493949193,427.1195090506518,415.58826631722377,425.126953125,20207200.0
2024-12-02,NVDA,138.45849496272686,140.07415499884576,137.45120318506554,138.259033203125,171682800.0
2024-12-02,SPY,589.3689531396692,590.6885373789082,588.8802314936704,590.0140991210938,31746000.0
2024-12-02,TLT,85.95190063174141,86.76285908532006,85.70308830761796,86.50482940673828,39406000.0
2024-12-02,XOM,111.63140595966166,111.7732444104627,110.46828016110155,111.44227600097656,12687300.0
2024-12-03,AAPL,238.0822139315433,241.01095673492534,237.17876666593097,240.90174865722656,38861000.0
2024-12-03,GLD,244.9600067138672,245.17999267578125,243.3000030517578,243.92999267578125,3557800.0
2024-12-03,JPM,239.68069795223073,240.4627983571973,236.20469451535047,236.38815307617188,6657700.0
2024-12-03,META,591.1297938679786,610.2049186716846,587.4041859234326,609.6585083007812,14907200.0
2024-12-03,MSFT,424.00247872359506,426.5967663628753,421.9309921220426,425.3440246582031,18302000.0
2024-12-03,NVDA,137.88998073031507,140.16387773764384,137.58081279252215,139.88462829589844,164414000.0
2024-12-03,SPY,589.7793678452039,590.5319584152645,588.7530645890204,590.28759765625,26906600.0
2024-12-03,TLT,86.560095060023,86.65224748627294,85.69384678555882,85.75835418701172,32768900.0
2024-12-03,XOM,112.26496896849113,112.26496896849113,110.88435281091847,111.27205657958984,11756600.0
2024-12-04,AAPL,241.12017980186528,242.35125137710352,239.51185632927692,241.25917053222656,44383900.0
2024-12-04,GLD,244.92999267578125,245.33999633789062,244.3699951171875,244.6699981689453,4608600.0
2024-12-04,JPM,236.2722889974968,236.89991119978995,233.88735704195787,235.01705932617188,7346300.0
2024-12-04,META,608.9729242025231,613.7615790081998,601.1640047609528,609.78759765625,14697000.0
2024-12-04,MSFT,427.1491277367897,433.69896602336337,426.7545660563865,431.4795227050781,26009400.0
2024-12-04,NVDA,141.61999054867616,145.39984134699782,139.91456002292938,144.7515869140625,231224300.0
2024-12-04,SPY,591.9688854405287,594.1974247464545,591.3042312735546,593.9530639648438,42787600.0
2024-12-04,TLT,85.3436657209325,86.79969797683684,85.27915831874836,86.67989349365234,35851100.0
2024-12-04,XOM,111.11129145729448,111.15857574374229,107.6692060693149,108.06636810302734,19520600.0
2024-12-05,AAPL,242.23213863223197,242.77816394602775,240.38553870781277,241.28897094726562,40033900.0
2024-12-05,GLD,244.16000366210938,244.3800048828125,242.14999389648438,242.86000061035156,4806200.0
2024-12-05,JPM,236.93852436784667,238.66686850941545,236.19503980642355,237.02542114257812,6572500.0
2024-12-05,META,613.0662512729785,615.8679160019296,603.1014617952826,604.96923828125,8081200.0
2024-12-05,MSFT,431.9727342727058,438.62119043191433,430.2465005729482,436.60888671875,21697800.0
2024-12-05,NVDA,144.73165063129176,146.1579148411047,143.57467148409813,144.68177795410156,172621200.0
2024-12-05,SPY,593.9530901421784,594.7546007001943,592.6237817496434,592.9756469726562,28762200.0
2024-12-05,TLT,86.36659666485788,86.98402582480021,86.31130660002167,86.85501098632812,23695800.0
2024-12-05,XOM,108.47299089652618,109.33351587031774,107.85833123161355,108.5391845703125,15751200.0
2024-12-06,AAPL,241.1599112680226,242.86752040520184,240.33588934668637,241.0904083251953,36870600.0
2024-12-06,GLD,242.7899932861328,243.86000061035156,242.44000244140625,242.9499969482422,3540700.0
2024-12-06,JPM,237.2378514526948,239.20760013056864,236.40747009501496,238.84068298339844,5519700.0
2024-12-06,META,606.1315803733008,625.6935091963624,604.5718457996734,619.7127075195312,16935500.0
2024-12-06,MSFT,436.29321828806303,440.04162946603964,435.7704172944161,437.5459899902344,18821000.0
2024-12-06,NVDA,144.22297517109268,145.32009789302302,140.9415450143936,142.068603515625,188505600.0
2024-12-06,SPY,593.7380822446739,595.3313193862531,593.3275728171593,594.0997314453125,31241500.0
2024-12-06,TLT,87.28812580373297,87.40792327485048,86.64304465034941,86.98401641845703,31761500.0
2024-12-06,XOM,108.3122494761231,108.529739911085,107.32879533156562,107.39498901367188,16171100.0
2024-12-09,AAPL,240.08767817050534,245.45870413211114,240.0082527322972,244.97222900390625,44649200.0
2024-12-09,GLD,246.27999877929688,247.11000061035156,245.25999450683594,245.36000061035156,4711500.0
2024-12-09,JPM,238.61859624597477,239.3331004642951,235.36465245379455,235.41293334960938,7076500.0
2024-12-09,META,619.8616946855406,622.3256047567189,602.2271495803348,609.5790405273438,11426000.0
2024-12-09,MSFT,436.5891402244184,442.2413029263077,434.51765390142566,439.9626770019531,19144400.0
2024-12-09,NVDA,138.6076455444956,139.58508599383495,136.77244688316378,138.44805908203125,189308600.0
2024-12-09,SPY,593.982457801793,594.1486064406603,590.4539021843977,591.0403442382812,34742700.0
2024-12-09,TLT,86.61540573450841,86.66148547399564,86.13620878543453,86.18228149414062,30509600.0
2024-12-09,XOM,108.40680444261103,108.69049575748583,106.61956791678135,106.76141357421875,17412600.0
2024-12-10,AAPL,245.11121388943334,246.4217108653419,243.57237825215392,245.98487854003906,36914800.0
2024-12-10,GLD,247.86000061035156,248.86000061035156,247.8300018310547,248.58999633789062,4642000.0
2024-12-10,JPM,235.49019112567362,239.4200234478752,233.87770931432982,234.49566650390625,9108300.0
2024-12-10,META,613.5431250969708,621.5209236734686,608.754469147132,615.2916870117188,10938900.0
2024-12-10,MSFT,438.35489731377754,443.51385110608015,435.602778974257,437.30926513671875,18469500.0
2024-12-10,NVDA,138.64753308216282,141.4502189353748,133.44114274667672,134.7178192138672,210020900.0
2024-12-10,SPY,591.7147950136848,592.1350884376395,588.5478885385655,589.2027587890625,37234500.0
2024-12-10,TLT,85.7214897251708,85.97952635548508,85.62012698030715,85.77678680419922,28706500.0
2024-12-10,XOM,107.41389090317223,107.68812391405827,105.67393868667152,106.54391479492188,20990900.0
2024-12-11,AAPL,246.17353693536344,248.99307203962232,244.48577275361333,244.71412658691406,45205800.0
2024-12-11,GLD,249.35000610351562,251.25999450683594,248.97000122070312,250.9600067138672,11033800.0
2024-12-11,JPM,235.59640731424383,235.85711238207702,233.83908277788504,235.14259338378906,7884400.0
2024-12-11,META,619.3153171410429,634.2475843876938,617.4873192834924,628.5647583007812,10837200.0
2024-12-11,MSFT,438.0194510528632,444.23391032066826,438.0194510528632,442.8923645019531,19200200.0
2024-12-11,NVDA,137.00186458417264,139.80453569143606,134.85747632446007,138.94677734375,184905200.0
2024-12-11,SPY,592.1155929499696,594.7057817338718,591.841880207483,593.7576904296875,28677700.0
2024-12-11,TLT,85.76757649058817,85.97031605851069,84.88290049210977,84.96583557128906,38748400.0
2024-12-11,XOM,105.91033825240235,106.27913260308,105.06872989166934,105.83468627929688,32392200.0
2024-12-12,AAPL,245.11120954102955,246.9478867446912,243.90992066775823,246.1735076904297,32777500.0
2024-12-12,GLD,247.80999755859375,248.24000549316406,246.8699951171875,247.27999877929688,10149600.0
2024-12-12,JPM,234.63081380840498,235.69293449672634,232.73831187283054,233.21144104003906,6113800.0
2024-12-12,META,627.3924153614809,632.5188255188012,623.1303414479055,626.68701171875,7474700.0
2024-12-12,MSFT,443.0106586987936,449.96493127669913,443.0106586987936,443.4545593261719,20834800.0
2024-12-12,NVDA,136.72258646567687,138.07904108019704,135.44592508954074,136.98190307617188,159211400.0
2024-12-12,SPY,592.8974892997352,593.4643633790662,590.6982421875,590.6982421875,31543800.0
2024-12-12,TLT,84.4497980828425,84.55116789291507,83.86001393193756,83.9337387084961,45368400.0
2024-12-12,XOM,105.52263755270522,106.26968462691676,104.75668109066488,105.7401351928711,14543300.0
2024-12-13,AAPL,246.03453629863122,247.4939314395242,244.46591792091505,246.34230041503906,33155300.0
2024-12-13,GLD,245.6699981689453,245.94000244140625,244.27000427246094,244.2899932861328,6602600.0
2024-12-13,JPM,233.7328690945859,234.3604765375674,230.9037736251097,231.6762237548828,10392700.0
2024-12-13,META,623.1403127082805,626.9752520036476,612.8775462996077,616.3150024414062,8453300.0
2024-12-13,MSFT,442.34980235220513,445.2991859531554,439.5286279530639,441.1956787109375,20177800.0
2024-12-13,NVDA,138.5777215546611,139.23600428177866,132.1944001851312,133.8999481201172,231514900.0
2024-12-13,SPY,592.7215354493896,593.4350498406591,589.2124883774769,590.5809326171875,35904700.0
2024-12-13,TLT,83.67570742687332,83.72178013825823,83.01219851205308,83.07670593261719,39486000.0
2024-12-13,XOM,105.81578622294595,105.81578622294595,104.25549840928083,104.81341552734375,13106100.0
2024-12-16,AAPL,246.20327957624434,249.56885459541954,245.86571770543418,249.23129272460938,51694800.0
2024-12-16,GLD,245.41000366210938,245.5399932861328,244.2899932861328,244.8800048828125,3310000.0
2024-12-16,JPM,232.3231531380507,232.3810843211176,229.33957934401576,231.32862854003906,9032000.0
2024-12-16,META,626.3871865458291,627.5505576969155,615.0522374855029,620.679931640625,10885600.0
2024-12-16,MSFT,441.19563274156513,446.03895383548615,439.2326684869306,445.45697021484375,23598800.0
2024-12-16,NVDA,133.83011579862796,134.0495433619733,130.07992554881972,131.6558074951172,237951100.0
2024-12-16,SPY,592.3306244931046,594.0705021581772,591.5584657830842,593.102783203125,43695200.0
2024-12-16,TLT,83.44532790114097,83.50983532566583,82.98455857431145,83.32552337646484,23482300.0
2024-12-16,XOM,104.20820570112713,104.39733563528968,102.2791308746542,102.57227325439453,20256100.0
2024-12-17,AAPL,248.27824960945253,252.00123197197036,247.98040799068028,251.65374755859375,51356400.0
2024-12-17,GLD,243.8000030517578,244.5500030517578,243.22999572753906,243.94000244140625,4421300.0
2024-12-17,JPM,230.43064038196303,230.78790721651086,228.4802218867217,230.150634765625,8083600.0
2024-12-17,META,622.5988247624721,628.7634772034443,613.0237415005263,615.9072265625,12897800.0
2024-12-17,MSFT,444.8849272856994,449.1068002031095,443.4644812477741,448.2880554199219,22733500.0
2024-12-17,NVDA,128.75340490862754,131.24688636654815,126.52922370948323,130.05001831054688,259410300.0
2024-12-17,SPY,590.5613981975558,591.5192734247074,589.2907339933267,590.6591186523438,55773500.0
2024-12-17,TLT,83.41764925487783,83.85077340900892,83.36235920312653,83.52823638916016,23839900.0
2024-12-17,XOM,101.40916086773758,102.28859533652992,100.98363108572235,102.13729858398438,17554000.0
2024-12-18,AAPL,250.34325221557475,252.44797328398425,245.95509905753715,246.2628631591797,56774100.0
2024-12-18,GLD,243.57000732421875,243.7100067138672,238.82000732421875,239.25999450683594,8015800.0
2024-12-18,JPM,230.7685845656322,230.8361807627836,221.62474030815744,222.43580627441406,11322400.0
2024-12-18,META,617.4582599722148,623.7819725142834,592.9190243301618,593.7840576171875,17075500.0
2024-12-18,MSFT,445.1907332778121,446.50265760588917,431.08492025325205,431.4499206542969,24444500.0
2024-12-18,NVDA,133.51097335742298,136.34356467427952,127.94552085179448,128.57388305664062,277444500.0
2024-12-18,SPY,590.3561165933274,592.7312963771194,572.674202761188,573.055419921875,108248700.0
2024-12-18,TLT,83.23313324976648,83.60318304249593,82.46528116502262,82.4837875366211,61328400.0
2024-12-18,XOM,101.72120936047223,102.91270272718931,100.52971599375515,100.63373565673828,17114500.0
2024-12-19,AAPL,245.71681628677703,250.18439476471843,245.30976661195103,247.9903106689453,60882300.0
2024-12-19,GLD,239.6699981689453,240.0500030517578,238.72999572753906,239.60000610351562,8111400.0
2024-12-19,JPM,224.2704073978834,228.2195404244562,224.2704073978834,224.9366455078125,11790800.0
2024-12-19,META,606.9088879422355,608.0324482730709,591.6066443741169,592.1734008789062,14958100.0
2024-12-19,MSFT,435.6224173363725,437.1612287919841,430.39440791706704,431.0947570800781,22963700.0
2024-12-19,NVDA,131.41643441707996,133.6805197239663,129.21220544602065,130.33924865722656,209719200.0
2024-12-19,SPY,578.020816522432,579.6238377441589,572.6350947579137,572.8794555664062,85919500.0
2024-12-19,TLT,81.47540434146578,81.7714427724331,80.9573388518012,81.23487091064453,99083300.0
2024-12-19,XOM,101.55099436065066,101.81576905679529,99.48952495050685,99.7732162475586,20565600.0
2024-12-20,AAPL,246.25292226826556,253.16278373693368,243.9198625662762,252.65646362304688,147495300.0
2024-12-20,GLD,241.41000366210938,242.9600067138672,241.1699981689453,242.10000610351562,9527800.0
2024-12-20,JPM,223.93242666437249,230.97135955828864,223.61379044750802,229.41680908203125,32348400.0
2024-12-20,META,587.2118506480338,599.6703586208927,576.6921729829667,581.9122314453125,48989400.0
2024-12-20,MSFT,427.22800034083093,437.7136411325363,422.80886164173944,430.6706237792969,64263700.0
2024-12-20,NVDA,129.4715507103484,134.92729028165732,127.88569988712847,134.3488006591797,306528600.0
2024-12-20,SPY,570.561034960996,584.27166262691,569.7175591199479,579.7603149414062,125716700.0
2024-12-20,TLT,81.90095357312538,82.25250403843573,81.67892652953262,81.69742584228516,45542400.0
2024-12-20,XOM,99.71647058500196,100.36895621936226,99.13963692279891,100.11363983154297,40141200.0
2024-12-23,AAPL,252.9344343151273,253.8080837794399,251.6239373953799,253.4308319091797,40858800.0
2024-12-23,GLD,241.60000610351562,241.6699981689453,240.64999389648438,240.9600067138672,5835500.0
2024-12-23,JPM,227.93950685968346,230.40167037895355,226.79048935961865,230.17959594726562,8611500.0
2024-12-23,META,586.2374121284414,597.6619341779531,582.9065418782488,596.428955078125,10205800.0
2024-12-23,MSFT,430.80874434392524,431.70638949616176,426.9518413679703,429.3389892578125,19152500.0
2024-12-23,NVDA,135.92464160150274,139.42548361528617,134.767662709215,139.30580139160156,176053500.0
2024-12-23,SPY,579.5052825841503,583.8302883719545,576.3374745859168,583.2320556640625,57635800.0
2024-12-23,TLT,81.55868055028309,81.62343874574174,80.89259222092905,80.9480972290039,32764600.0
2024-12-23,XOM,99.5840867165366,100.80394775551166,99.21529235761037,100.520263671875,12285100.0
2024-12-24,AAPL,253.64927033575188,256.34965954757746,253.45069916161225,256.3397521972656,23234700.0
2024-12-24,GLD,241.49000549316406,241.66000366210938,240.82000732421875,241.44000244140625,2421000.0
2024-12-24,JPM,231.18378496668848,234.13840789117347,230.8361978696138,233.964599609375,3729100.0
2024-12-24,META,599.2825325250086,604.5224960315429,595.8622098247831,604.2838745117188,4726100.0
2024-12-24,MSFT,428.74709084992185,433.6298778354008,428.2933464556966,433.363525390625,7164500.0
2024-12-24,NVDA,139.63497303105362,141.53001300601622,138.28848684636677,139.85440063476562,105157000.0
2024-12-24,SPY,584.5756905048978,589.7539893082886,583.997031715741,589.7147216796875,33160100.0
2024-12-24,TLT,80.5225151695614,81.30886643687062,80.46701018023252,81.29036712646484,22377600.0
2024-12-24,XOM,100.7282931323388,101.3618693863983,99.95287844747496,100.61482238769531,7807000.0
2024-12-26,AAPL,256.32983230675023,258.2260750496306,255.77386933789322,257.1538391113281,27237100.0
2024-12-26,GLD,242.38999938964844,243.55999755859375,242.1999969482422,243.07000732421875,4645100.0
2024-12-26,JPM,233.11487900329521,234.88185356471604,232.49692189437698,234.7659912109375,4451800.0
2024-12-26,META,602.0268537854263,602.8421845071757,595.5241740559009,599.9089965820312,6081400.0
2024-12-26,MSFT,433.1169230295789,434.9516783695283,430.7002140852734,432.16009521484375,8194200.0
2024-12-26,NVDA,139.3357437329122,140.482754358897,137.37087908554133,139.5651397705078,116205600.0
2024-12-26,SPY,587.9493315050056,590.8718961830699,586.5567076471659,589.75390625,41219100.0
2024-12-26,TLT,80.6798085719318,81.37364938220792,80.67055538485629,81.24413299560547,19981800.0
2024-12-26,XOM,100.72828833910785,101.21056062460109,100.17982959876825,100.69992065429688,9652400.0
2024-12-27,AAPL,255.9723714358678,256.8361287043752,251.2367492695516,253.74851989746094,42355300.0
2024-12-27,GLD,241.1999969482422,241.9499969482422,241.0500030517578,241.39999389648438,4728100.0
2024-12-27,JPM,234.36049582992294,235.0074186310496,231.7727898921543,232.86387634277344,5730200.0
2024-12-27,META,595.9914171621089,598.4175037774246,586.4362394954139,596.38916015625,8084200.0
2024-12-27,MSFT,428.69774687773787,429.3093219032342,420.55978930279264,424.6830139160156,18117700.0
2024-12-27,NVDA,138.1887488761999,138.65752461945982,134.35876491420703,136.6527557373047,170582600.0
2024-12-27,SPY,586.0271215733671,586.2625477535164,579.3777835694219,583.5458984375,64969300.0
2024-12-27,TLT,80.92959925131562,81.20713135439556,80.54104301402121,80.57804870605469,27262300.0
2024-12-27,XOM,100.52025451397019,102.11836085219853,100.01906563752439,100.69046783447266,11943900.0
2024-12-30,AAPL,250.41273247360002,251.67358663649517,248.94339979921563,250.38294982910156,35557500.0
2024-12-30,GLD,241.0800018310547,241.0800018310547,239.5800018310547,240.6300048828125,3522500.0
2024-12-30,JPM,230.54651531283838,232.54521468407714,228.94368391501692,231.07757568359375,5723800.0
2024-12-30,META,585.3921918428604,593.5354843785261,582.2402882439121,587.8679809570312,7025900.0
2024-12-30,MSFT,420.27373116896746,421.7434860363438,416.1702239850741,419.0604248046875,13158700.0
2024-12-30,NVDA,134.47843254273522,139.90425017541338,133.67054705312722,137.13150024414062,167734700.0
2024-12-30,SPY,576.5631199685903,580.338917958557,573.150128529516,576.88671875,56578800.0
2024-12-30,TLT,81.25339948031097,81.4476740920089,81.10537669533262,81.22564697265625,48519600.0
2024-12-30,XOM,100.52026832757856,100.76612643520365,99.77322127463374,100.00962829589844,11080800.0
2024-12-31,AAPL,250.6212497119267,251.4551941340452,247.63292614272083,248.6157989501953,39480700.0
2024-12-31,GLD,241.0500030517578,242.52000427246094,241.0500030517578,242.1300048828125,2522100.0
2024-12-31,JPM,231.78243385290807,233.12456023279114,230.79755957752477,231.4541473388672,4871000.0
2024-12-31,META,588.8922329910956,590.5824891387454,580.5202095603594,582.1707763671875,6019500.0
2024-12-31,MSFT,420.31326102478425,420.93470998738326,414.9471377359365,415.7757263183594,13246500.0
2024-12-31,NVDA,137.67010377599792,137.71000800391963,133.48105776544256,133.93984985351562,155659200.0
2024-12-31,SPY,578.5441278348751,579.2601035674252,573.1599137063401,574.7879638671875,57052700.0
2024-12-31,TLT,81.53090211410216,81.66967166027874,80.72605145088023,80.79080963134766,31917300.0
2024-12-31,XOM,100.39732598316387,102.03326564571944,100.02853162947589,101.72120666503906,12387800.0
2025-01-02,AAPL,247.13651085819407,247.30529937932678,240.07775127221439,242.09312438964844,55740700.0
2025-01-02,GLD,244.22000122070312,245.52999877929688,244.0800018310547,245.4199981689453,6241900.0
2025-01-02,JPM,232.62245857695913,234.90117826978482,231.20308575332456,231.73414611816406,9220900.0
2025-01-02,META,586.3567230754558,601.4600950104973,584.467595428158,595.8224487304688,12682300.0
2025-01-02,MSFT,419.7509500092328,420.2836247921959,409.21600045312425,412.89532470703125,16896500.0
2025-01-02,NVDA,135.64538180842524,138.51787711680194,134.27895893528864,137.94935607910156,198247200.0
2025-01-02,SPY,578.0342139844852,579.740679758371,569.3154835989945,573.375732421875,50204000.0
2025-01-02,TLT,81.22562119233889,81.52165961022065,80.67979616861503,81.0128402709961,27841300.0
2025-01-02,XOM,102.39260214217032,103.07345547948516,101.06872145456582,101.475341796875,12685400.0
2025-01-03,AAPL,241.60665893554688,242.42074318433572,240.14724866814672,241.60665893554688,40244100.0
2025-01-03,GLD,244.55999755859375,244.82000732421875,243.36000061035156,243.49000549316406,4872100.0
2025-01-03,JPM,235.4901756406523,236.4460843210158,231.9851918792467,234.90118408203125,9491100.0
2025-01-03,META,601.310965103985,606.0239224033938,593.0085500993464,601.1817016601562,11436800.0
2025-01-03,MSFT,415.36136467137544,418.2713132207811,413.8423008464514,417.6005554199219,16662900.0
2025-01-03,NVDA,139.6449446721197,144.52219430432945,139.36567593719187,144.09332275390625,229322500.0
2025-01-03,SPY,576.2100381173573,581.1823013188991,575.1311959956543,580.5448608398438,37888500.0
2025-01-03,TLT,81.15160935128377,81.29962503030733,80.65204320061814,80.7538070678711,21962200.0
2025-01-03,XOM,102.12783260545449,102.59118834441824,101.61719257667886,101.99544525146484,14237900.0
2025-01-06,AAPL,242.5498168429892,245.54806288478193,241.4478134561986,243.23484802246094,45045600.0
2025-01-06,GLD,242.3300018310547,243.7899932861328,242.0500030517578,243.19000244140625,3758900.0
2025-01-06,JPM,236.52199744283416,238.45338882592614,233.4938994273639,233.75595092773438,9917800.0
2025-01-06,META,608.3406674545436,627.3913686715185,602.1660620801258,626.6058959960938,14560800.0
2025-01-06,MSFT,422.1874771439142,428.4216545919118,419.7017112464551,422.0395202636719,20573600.0
2025-01-06,NVDA,148.20258376458906,151.76328315584956,147.43460231153736,149.04039001464844,265377400.0
2025-01-06,SPY,584.7816606701658,588.145567536734,582.1630605707853,583.88916015625,47679400.0
2025-01-06,TLT,80.53178255639543,80.69830461186143,80.18023207368229,80.39301300048828,30231500.0
2025-01-06,XOM,102.3547796694016,103.81104775430923,101.67392630871028,101.88196563720703,15623700.0
2025-01-07,AAPL,241.22937670987722,243.78086767976055,239.6111308132576,240.46493530273438,40856000.0
2025-01-07,GLD,245.52000427246094,245.77000427246094,243.80999755859375,244.55999755859375,5090300.0
2025-01-07,JPM,235.00792278474734,238.03602046971054,233.80444084898824,236.00758361816406,8753400.0
2025-01-07,META,628.0973257964102,628.4950081200654,604.7611474106166,614.3660888671875,12071500.0
2025-01-07,MSFT,423.1738758487943,424.8014616583564,415.085225621156,416.6339111328125,18139100.0
2025-01-07,NVDA,152.6310037262881,152.73074908393107,139.64494650562293,139.7746124267578,351782200.0
2025-01-07,SPY,585.9094391002772,586.2330977215739,575.4744864171694,577.288818359375,60393100.0
2025-01-07,TLT,80.11548705877414,80.27275595420285,79.36614121504934,79.48640441894531,41757200.0
2025-01-07,XOM,103.01671538870653,104.07581411863453,102.39259745322553,102.83704376220703,12625900.0
2025-01-08,AAPL,240.17702168463396,241.95413364050106,238.32049944087447,240.95140075683594,37628900.0
2025-01-08,GLD,245.72000122070312,246.4499969482422,244.50999450683594,245.86000061035156,6303300.0
2025-01-08,JPM,235.59998364793563,237.05580229045634,233.41625568415455,235.9687957763672,8675300.0
2025-01-08,META,609.9017074188795,612.9243479725116,599.3521717985726,607.2369384765625,10085800.0
2025-01-08,MSFT,417.70906128958796,421.171402275518,415.81515330470927,418.79412841796875,15054600.0
2025-01-08,NVDA,142.2082666228464,143.57468988273558,137.20135052761552,139.7447052001953,227349900.0
2025-01-08,SPY,577.3575056942733,579.2012884483527,573.92494033326,578.1322631835938,47304700.0
2025-01-08,TLT,79.0700845781852,79.74541888371749,78.94981434380182,79.58815002441406,44590800.0
2025-01-08,XOM,101.47534865240377,101.8536013336406,100.24603645659636,101.11601257324219,17858100.0
2025-01-10,AAPL,238.28079154222544,238.4297199246896,231.32130202918376,235.14356994628906,61710900.0
2025-01-10,GLD,248.00999450683594,249.0399932861328,247.5500030517578,248.2100067138672,12380100.0
2025-01-10,JPM,235.9299526770056,236.62874677173156,231.70808773150114,232.80479431152344,10256800.0
2025-01-10,META,606.5510096456386,626.3175775740942,593.9333786707956,612.3477172851562,19256600.0
2025-01-10,MSFT,418.8631375574346,418.94203783823525,409.3836345721572,413.2602844238281,20201100.0
2025-01-10,NVDA,137.09162690267476,139.55518814906236,133.87005266470834,135.55564880371094,207602500.0
2025-01-10,SPY,574.5917674597674,574.6604259424307,567.4029789022777,569.3056030273438,73105000.0
2025-01-10,TLT,78.89432234935582,79.42164106776806,78.78331234007757,79.06084442138672,47115800.0
2025-01-10,XOM,102.78976814712155,104.11364888576803,100.0285359189475,100.7472152709961,19304500.0
2025-01-13,AAPL,231.84746989306117,232.9792558543989,228.06492247356016,232.71119689941406,49630700.0
2025-01-13,GLD,246.33999633789062,246.7899932861328,245.14999389648438,245.74000549316406,8448600.0
2025-01-13,JPM,232.61069705427852,237.3372500960213,231.96043318189513,237.01698303222656,10005300.0
2025-01-13,META,603.6375693590503,605.4968995396566,595.0369383607565,604.860595703125,10785000.0
2025-01-13,MSFT,409.6006710891581,412.816407095229,406.690752709142,411.5242004394531,17604800.0
2025-01-13,NVDA,129.65108668370792,133.14196124495902,129.1723272147668,132.88262939453125,204808900.0
2025-01-13,SPY,564.6765795569504,570.5413429214275,564.2646286559713,570.1882934570312,47910100.0
2025-01-13,TLT,79.12559937406509,79.24586962334497,78.67229205246882,79.03308868408203,33258900.0
2025-01-13,XOM,101.30512678936894,103.66919683012816,101.30512678936894,103.34768676757812,17073400.0
2025-01-14,AAPL,233.05868390458076,234.41880854341963,230.7951119565212,231.59927368164062,39435300.0
2025-01-14,GLD,245.6199951171875,247.0399932861328,245.52000427246094,247.02999877929688,4914800.0
2025-01-14,JPM,235.51263136841433,240.42359041299397,235.05647368868276,240.1809539794922,12407400.0
2025-01-14,META,601.6191378912105,602.0367255311179,585.1933362682075,590.86083984375,13598000.0
2025-01-14,MSFT,412.1357932076061,414.03957499111027,405.14208486737954,410.0248718261719,16935900.0
2025-01-14,NVDA,135.69526562735138,136.02440701006375,129.71091005586072,131.41644287109375,195590500.0
2025-01-14,SPY,573.101074063849,573.7287574980859,567.2068596443902,570.972900390625,48420600.0
2025-01-14,TLT,78.84805945628229,78.96832263547901,78.53351467191098,78.903564453125,33412900.0
2025-01-14,XOM,102.8748837991852,103.79214422776434,101.96708167186347,103.75431823730469,11191200.0
2025-01-15,AAPL,232.94947976770305,237.2383625727966,232.74098609709984,236.1562042236328,39832000.0
2025-01-15,GLD,248.2100067138672,248.89999389648438,247.00999450683594,248.8800048828125,6345000.0
2025-01-15,JPM,243.02466018784034,246.19834907161936,236.50259128635952,244.917236328125,18448500.0
2025-01-15,META,606.7298993735042,618.9100357195088,603.0410362328,613.6004638671875,15524300.0
2025-01-15,MSFT,413.43787278736687,422.3353628905166,412.58953664498,420.5203552246094,19637800.0
2025-01-15,NVDA,133.30152233922777,136.094224818832,130.9476750631476,135.88478088378906,185217300.0
2025-01-15,SPY,578.9561398854404,582.4965717179379,577.8479067851994,581.3589477539062,56900200.0
2025-01-15,TLT,80.20798434185538,80.46702413925406,79.93045228895454,80.26349639892578,54120700.0
2025-01-15,XOM,104.06637481288595,105.65503030217259,103.51790878590812,105.44699096679688,14521100.0
2025-01-16,AAPL,235.63995285298606,236.29518618874627,226.38709407905125,226.6154327392578,71759100.0
2025-01-16,GLD,250.55999755859375,251.38999938964844,250.27000427246094,250.60000610351562,9236000.0
2025-01-16,JPM,246.51861866884337,249.46908602016472,244.8978090555052,246.78067016601562,15292300.0
2025-01-16,META,608.0125922329293,612.7355028021957,606.2328225183826,607.813720703125,8355300.0
2025-01-16,MSFT,422.87788427352234,423.6571336957602,418.6264203199314,418.8138122558594,15300000.0
2025-01-16,NVDA,138.27852927433761,138.38824308482273,133.14196273572836,133.2217559814453,209235600.0
2025-01-16,SPY,582.7221292073649,582.8986539701259,579.5445637592774,580.2409057617188,43319700.0
2025-01-16,TLT,80.15250258760378,80.85559669679043,79.81945838104772,80.52255249023438,34651100.0
2025-01-16,XOM,105.14438967108975,105.61720371624861,104.53918827045199,105.26731872558594,10366600.0
2025-01-17,AAPL,230.44762501944012,230.61639839146835,226.83385097126646,228.3230438232422,68488300.0
2025-01-17,GLD,249.6999969482422,250.80999755859375,249.14999389648438,249.27000427246094,8312900.0
2025-01-17,JPM,246.65449800073918,252.94363035716344,244.71340648745428,251.52664184570312,17678100.0
2025-01-17,META,620.4909048829862,621.4056409451063,600.2271312773192,609.2752685546875,17280600.0
2025-01-17,MSFT,428.1947089431654,428.57942688248704,422.3551241092644,423.20343017578125,26197500.0
2025-01-17,NVDA,136.33359221153037,138.13887032002236,135.1068036173015,137.35093688964844,201188800.0
2025-01-17,SPY,585.4583566167607,587.8120797540519,584.1343312340456,586.06640625,58070600.0
2025-01-17,TLT,80.88334301932319,80.92960190040775,80.52254633282936,80.66131591796875,29875600.0
2025-01-17,XOM,104.99309804403207,106.73305768613378,104.79451698749237,106.21295928955078,19298500.0
2025-01-21,AAPL,222.38613659782595,222.8031087860845,217.79942737812888,221.0359344482422,98070400.0
2025-01-21,GLD,251.9499969482422,253.36000061035156,251.8300018310547,253.1300048828125,7668100.0
2025-01-21,JPM,252.409816435987,256.4666901787651,251.85659830232555,255.28262329101562,13712100.0
2025-01-21,META,614.3064567694454,617.9555093172025,605.5367510281436,612.9442749023438,11674000.0
2025-01-21,MSFT,424.35752761269225,425.0480029513297,419.819993531564,422.68060302734375,26085700.0
2025-01-21,NVDA,138.79715528751996,141.46019165371834,136.7325453387914,140.46279907226562,197749000.0
2025-01-21,SPY,589.0968201243991,591.4407861448484,587.1353543049476,591.4309692382812,42532900.0
2025-01-21,TLT,81.30887742609616,81.56791015545568,81.06834400964269,81.38288879394531,30548600.0
2025-01-21,XOM,105.95763812192664,106.0805671853747,105.08765473240777,105.40917205810547,20416300.0
2025-01-22,AAPL,218.2064601780486,222.5052654056773,218.2064601780486,222.2173614501953,64126500.0
2025-01-22,GLD,254.2899932861328,254.67999267578125,253.77999877929688,254.42999267578125,5213800.0
2025-01-22,JPM,255.1564817205521,255.62235436148842,252.5845413063042,255.09825134277344,9021900.0
2025-01-22,META,619.7452202875946,630.0859318995294,615.897296296924,619.944091796875,12274000.0
2025-01-22,MSFT,431.6175824572203,441.1957044539868,430.0787709144918,440.1402587890625,27803800.0
2025-01-22,NVDA,144.2828338584672,147.40466270866227,143.2954095914058,146.68655395507812,237651400.0
2025-01-22,SPY,594.2456150117687,596.1090313180756,593.69640702557,594.755615234375,48196000.0
2025-01-22,TLT,81.2903805329034,81.39214440219698,80.78156118643547,80.95733642578125,25278400.0
2025-01-22,XOM,105.15385095801308,105.50373598261656,103.45172455906729,103.57465362548828,15718000.0
2025-01-23,AAPL,223.1208199792776,225.394314538592,220.69839703644928,222.04859924316406,60234800.0
2025-01-23,GLD,253.19000244140625,254.5399932861328,252.82000732421875,254.07000732421875,6511500.0
2025-01-23,JPM,256.8937411358266,258.99980869731013,256.03965618936724,258.11663818359375,10749700.0
2025-01-23,META,623.7821264288527,632.969420631798,617.6075811453132,632.8203125,9910200.0
2025-01-23,MSFT,435.9973147591307,440.6828062638951,435.50410512705025,440.6433410644531,18389300.0
2025-01-23,NVDA,144.67182587415004,146.84613483080005,143.34529164963172,146.83616638183594,155915500.0
2025-01-23,SPY,594.1280457618639,598.001953125,593.8534716457165,598.001953125,41152100.0
2025-01-23,TLT,80.1524794586038,80.47627038317859,80.05071558829276,80.32825469970703,31949000.0
2025-01-23,XOM,104.3122235489798,105.09709652933728,103.65028682733445,104.16092681884766,13726800.0
2025-01-24,AAPL,223.160517277336,224.00439930767484,219.81480209957203,221.1749267578125,54697900.0
2025-01-24,GLD,255.9600067138672,257.07000732421875,255.61000061035156,255.64999389648438,7341300.0
2025-01-24,JPM,255.92321545084891,259.2327800677332,255.26325143834285,257.0393371582031,7666300.0
2025-01-24,META,632.7705234115529,648.2815295995391,630.5830582601542,643.7972412109375,19065300.0
2025-01-24,MSFT,439.1143639891968,440.5841189283991,435.40541825453283,438.029296875,15549500.0
2025-01-24,NVDA,147.98313043457708,148.58157206293976,141.5100624088345,142.2481231689453,234657600.0
2025-01-24,SPY,598.0607394613536,599.0120815203885,595.1087237951253,596.2561645507812,34604700.0
2025-01-24,TLT,80.22649588704166,80.74456139902126,80.11547882385464,80.68905639648438,21110400.0
2025-01-24,XOM,104.24603230419048,104.6904786338881,102.51553848743177,102.75194549560547,14235900.0
2025-01-27,AAPL,222.4059977899183,230.47741293083342,222.36627749626697,228.20391845703125,94863400.0
2025-01-27,GLD,253.86000061035156,254.25999450683594,251.9199981689453,252.99000549316406,5799800.0
2025-01-27,JPM,256.38911286643724,258.13608356694,254.53536671960657,258.0196228027344,7522300.0
2025-01-27,META,623.0363611550106,660.0838730741682,621.5349631376207,656.1166381835938,28399200.0
2025-01-27,MSFT,418.2516444520013,429.2896784954125,417.74856099112463,428.6583557128906,35647800.0
2025-01-27,NVDA,124.47460659166907,128.06521102414737,116.39571998533557,118.11123657226562,818830900.0
2025-01-27,SPY,583.3498201579582,588.1358022067521,583.1831123008667,587.8219604492188,70361100.0
2025-01-27,TLT,81.55867212295543,81.8084516915969,81.27187980860327,81.64192962646484,42864200.0
2025-01-27,XOM,103.08291530619552,104.44461478641809,102.49662332047798,104.17984008789062,15926700.0
2025-01-28,AAPL,229.18679454547646,238.4594987479956,229.147074251248,236.54339599609375,75707600.0
2025-01-28,GLD,254.22999572753906,255.25,253.88999938964844,255.17999267578125,5332000.0
2025-01-28,JPM,258.0195941318063,259.4559828890109,257.02961850864546,259.2716064453125,7375400.0
2025-01-28,META,662.2017426693867,678.6872024447362,655.7089547113195,670.4842529296875,20950100.0
2025-01-28,MSFT,428.69779052094407,442.29064589853647,425.52151949148305,441.1266784667969,23491700.0
2025-01-28,NVDA,121.49238479939024,128.6636397113665,115.94688462361518,128.65367126464844,579666400.0
2025-01-28,SPY,589.0477377122166,593.7062185767892,585.7426729191386,592.8726196289062,44433300.0
2025-01-28,TLT,81.2626201755928,81.59566427943643,81.09610518178364,81.58641815185547,25519100.0
2025-01-28,XOM,104.40680595227781,104.84179402906241,101.92925763886623,102.16566467285156,15862000.0
2025-01-29,AAPL,232.43322998057818,238.13188043636077,232.32402189200354,237.63548278808594,45486100.0
2025-01-29,GLD,254.5500030517578,254.82000732421875,253.3000030517578,254.1999969482422,5671800.0
2025-01-29,JPM,259.3395063870375,262.7073011271936,257.78662735417487,258.7280578613281,7684900.0
2025-01-29,META,671.1503434079071,677.1658269410399,661.8735372244253,672.6318359375,21377800.0
2025-01-29,MSFT,440.6236493565717,440.81107143600383,434.4190633922574,436.3228454589844,23581400.0
2025-01-29,NVDA,126.17016667976266,126.55914919357254,119.73698731182846,123.3774642944336,467120600.0
2025-01-29,SPY,592.0880784150642,592.4902124528912,587.6747800612517,590.2149047851562,37177400.0
2025-01-29,TLT,81.8084481023731,81.98422334622094,81.06834849912072,81.4198989868164,25342800.0
2025-01-29,XOM,101.85360381646873,102.86542561506421,101.62665508802237,102.76140594482422,12345500.0
2025-01-30,AAPL,236.95045561956258,239.05517683623282,235.50098294542886,235.87823486328125,55658300.0
2025-01-30,GLD,257.20001220703125,258.2900085449219,256.45001220703125,258.04998779296875,12981200.0
2025-01-30,JPM,260.7177106689235,261.75620173432395,258.76690422515134,260.3294982910156,8753500.0
2025-01-30,META,692.8459111464791,706.7362084668212,672.244049664603,683.0819091796875,29322900.0
2025-01-30,MSFT,413.0827588425547,417.1172097708342,407.54896156269734,409.3540954589844,54586300.0
2025-01-30,NVDA,122.77903527699785,124.67408285834512,117.79207196266405,124.32499694824219,392925500.0
2025-01-30,SPY,592.3234809305729,594.9125703683252,589.1458559611356,593.3826293945312,39281300.0
2025-01-30,TLT,81.78993918663116,82.06747121168497,81.56790509685361,81.72517395019531,25094900.0
2025-01-30,XOM,103.30041352394316,103.87724725271856,102.78977347480249,103.61247253417969,14346300.0
2025-01-31,AAPL,245.40906406001392,245.40906406001392,231.75812916176676,234.2996826171875,100959800.0
2025-01-31,GLD,259.0799865722656,259.989990234375,257.8599853515625,258.55999755859375,8961100.0
2025-01-31,JPM,261.3000557826277,262.8432200467561,259.0968978658329,259.4268798828125,7193800.0
2025-01-31,META,687.0592005065746,701.2776349208885,681.670127966761,685.2495727539062,19303900.0
2025-01-31,MSFT,413.2899333042713,414.976701732093,409.27519987674,409.42315673828125,34161900.0
2025-01-31,NVDA,123.45725307095627,127.51664059137909,118.87922475402188,119.75692749023438,388161100.0
2025-01-31,SPY,595.7952876097377,598.2079122989969,589.4695478929073,590.2247314453125,66566900.0
2025-01-31,TLT,81.76219971122825,82.02123954625117,80.88333749555613,81.18862915039062,48790100.0
2025-01-31,XOM,104.53919162046263,104.53919162046263,100.33114215495786,101.02145385742188,20376500.0
2025-02-03,AAPL,228.33297872450572,230.15971829856622,224.0738787357251,226.3672332763672,73063300.0
2025-02-03,GLD,259.75,261.3900146484375,259.5199890136719,259.94000244140625,11521100.0
2025-02-03,JPM,254.11796573208338,260.2712514893426,253.99181967172157,258.9512939453125,8381400.0
2025-02-03,META,672.0551542315792,699.9849793278047,671.3989450157673,693.4822998046875,21415700.0
2025-02-03,MSFT,406.010204945589,409.7684602096033,403.11012968787463,405.3394470214844,25679100.0
2025-02-03,NVDA,114.45081126895413,118.26085104341853,112.71535011762803,116.3558349609375,371235700.0
2025-02-03,SPY,581.2510332049959,588.724214170116,579.1130423640303,586.2528076171875,65857200.0
2025-02-03,TLT,82.23957520854603,82.72235125451195,81.5154075979503,81.84963989257812,70657200.0
2025-02-03,XOM,100.84178133142986,101.4658993486214,99.59355251161668,101.2673110961914,14623200.0
2025-02-04,AAPL,225.61272492539547,231.45036595591674,225.01704170433482,231.12274169921875,45067300.0
2025-02-04,GLD,261.8299865722656,262.5400085449219,261.3500061035156,262.5,9850400.0
2025-02-04,JPM,261.8920656979003,261.8920656979003,258.97071346699056,260.04803466796875,5626000.0
2025-02-04,META,698.4935859738144,703.6738947719398,687.6656779551747,700.1739501953125,13826300.0
2025-02-04,MSFT,407.08537575034575,408.2986823038951,404.1754268282418,406.76971435546875,20532100.0
2025-02-04,NVDA,116.65503370463425,120.88397605738155,116.39570950659508,118.34062957763672,256550000.0
2025-02-04,SPY,586.3115788306599,590.695426254437,585.7721876960313,590.1854858398438,33457800.0
2025-02-04,TLT,81.28331803860722,82.1188918543785,81.21832880664068,82.10032653808594,33414000.0
2025-02-04,XOM,100.90797096488379,104.28386290229066,100.73775762288976,103.98126220703125,14835700.0
2025-02-05,AAPL,226.88350440739822,230.99367626573292,226.625383087866,230.7951202392578,39620300.0
2025-02-05,GLD,264.45001220703125,265.989990234375,263.8900146484375,264.1300048828125,12681100.0
2025-02-05,JPM,260.98947222246505,262.66852710369653,260.4265390771867,262.4646911621094,5704400.0
2025-02-05,META,699.5374965368071,714.0443134481347,695.0234109441928,700.8499755859375,17778200.0
2025-02-05,MSFT,406.74994863541014,408.20982973334895,404.82641922275565,407.67718505859375,16316700.0
2025-02-05,NVDA,121.44253659311748,124.67408679210826,120.44514389878061,124.50453186035156,262230800.0
2025-02-05,SPY,589.0673886644034,592.7255030106178,587.0470814039787,592.578369140625,30653100.0
2025-02-05,TLT,83.04732558423702,83.72507660189136,82.9916225439599,83.4558334350586,48331200.0
2025-02-05,XOM,103.7732293986677,104.02855303499118,103.1680279701107,103.9056167602539,13364400.0
2025-02-06,AAPL,229.62361584180033,232.11554171369926,228.7698112868805,231.5397186279297,29925300.0
2025-02-06,GLD,263.6600036621094,263.7200012207031,261.489990234375,263.42999267578125,8731400.0
2025-02-06,JPM,264.4251993255983,268.8217703532776,263.20230221236784,268.7441101074219,7264400.0
2025-02-06,META,701.8543038374813,714.8000689545609,699.4878723496911,707.929443359375,13080700.0
2025-02-06,MSFT,408.3775613386283,412.5205341470821,408.3775613386283,410.1728515625,16309800.0
2025-02-06,NVDA,127.08777312720079,128.43425932928383,124.88353622330139,128.344482421875,251483600.0
2025-02-06,SPY,594.3143418590737,594.7655005585997,591.0190935628144,594.6380004882812,35771500.0
2025-02-06,TLT,83.42795685265212,83.69719993860262,83.14014845328508,83.41867065429688,22509900.0
2025-02-06,XOM,104.74721282484425,105.01199473124828,102.11836807795724,102.5344467163086,13411400.0
2025-02-07,AAPL,230.92419948813392,232.31410688860944,225.622660920367,225.99000549316406,39707200.0
2025-02-07,GLD,265.2200012207031,266.3500061035156,263.260009765625,263.8999938964844,9154000.0
2025-02-07,JPM,269.10318646976515,270.3454837389774,266.61859193134063,267.6764831542969,6857900.0
2025-02-07,META,712.7119725933773,720.8751716095816,707.6907856196146,710.4450073242188,16427100.0
2025-02-07,MSFT,410.82391537114063,412.96442836557605,402.5577169319091,404.185302734375,22886800.0
2025-02-07,NVDA,128.88305586640928,130.03005111642076,124.6740584360869,129.50143432617188,228186300.0
2025-02-07,SPY,595.1969654236844,596.4130645632996,588.4887264849536,589.1948852539062,50788500.0
2025-02-07,TLT,82.85235172899274,83.04731943883127,82.57382946492149,82.88020324707031,31171200.0
2025-02-07,XOM,102.86542460568305,103.76377563852515,102.43043654102506,102.96944427490234,10051600.0
2025-02-10,AAPL,228.16662274990708,229.18037646801733,225.8111004860379,226.2583465576172,33115600.0
2025-02-10,GLD,268.0,268.6600036621094,267.239990234375,268.3699951171875,13250300.0
2025-02-10,JPM,268.01617572204907,268.04529090684423,261.6493986180838,263.05670166015625,8627400.0
2025-02-10,META,714.4618902748606,717.0868483333172,707.273143990759,713.3085327148438,12904300.0
2025-02-10,MSFT,408.0914590052598,409.8176925215145,405.33937124502273,406.6217041015625,20817900.0
2025-02-10,NVDA,129.75081827828257,134.64802029874645,129.6211675706223,133.2217559814453,216989100.0
2025-02-10,SPY,592.3921407355843,593.8337894109928,591.1269569453736,593.1962890625,26048700.0
2025-02-10,TLT,82.87093879067695,83.12160958101701,82.4902824208198,82.62954711914062,22736100.0
2025-02-10,XOM,104.02854588101921,104.99308333689818,103.90560961473618,104.93634796142578,12142200.0
2025-02-11,AAPL,226.80494431220234,233.79196667406026,226.7353801285285,231.1979217529297,53718400.0
2025-02-11,GLD,267.70001220703125,268.3599853515625,266.7099914550781,267.3900146484375,7169500.0
2025-02-11,JPM,262.299718167667,268.08416285966723,261.71738476219014,266.890380859375,7196400.0
2025-02-11,META,709.2518608628535,719.5328566627956,705.990537952229,715.6948852539062,12998000.0
2025-02-11,MSFT,404.07678288840276,406.88805357704496,403.741373863551,405.8523254394531,18140600.0
2025-02-11,NVDA,132.23433823730105,134.12937845518158,130.67840791626125,132.45376586914062,178902400.0
2025-02-11,SPY,590.940628411795,594.1868520894046,590.8229452462591,593.6474609375,30056700.0
2025-02-11,TLT,82.19316728613886,82.33243194986575,82.05390262241197,82.10032653808594,21513000.0
2025-02-11,XOM,105.5320958105176,106.39262085505797,104.79450703780869,105.5982894897461,12713100.0
2025-02-12,AAPL,229.78661520122571,235.51141262786788,229.26978984120754,235.4219512939453,45243300.0
2025-02-12,GLD,267.1499938964844,268.42999267578125,266.3500061035156,267.6700134277344,9328600.0
2025-02-12,JPM,266.0071803987953,268.3073988294126,265.2016404153094,267.33685302734375,6683900.0
2025-02-12,META,711.2205129173935,722.9532034161431,708.5358993293338,721.2430419921875,12016500.0
2025-02-12,MSFT,401.6797299133385,405.17166210079324,398.87830316572246,403.4848937988281,19121700.0
2025-02-12,NVDA,129.68100547013307,131.89521852186024,128.7434538800678,130.79808044433594,160278600.0
2025-02-12,SPY,587.6551022307518,592.9019987358204,586.9783942084163,591.7349243164062,45076100.0
2025-02-12,TLT,81.04193197885981,81.32974044252884,80.64271035991781,80.9862289428711,48536200.0
2025-02-12,XOM,104.9972107308782,105.1689465732232,102.25898015546105,102.42117309570312,18244100.0
2025-02-13,AAPL,235.4617298072221,240.85852795215618,234.1299251101732,240.05348205566406,53614100.0
2025-02-13,GLD,268.3999938964844,270.3900146484375,268.2200012207031,270.30999755859375,8347500.0
2025-02-13,JPM,267.3853283146615,268.812031614192,265.74510378599365,268.1811828613281,8398700.0
2025-02-13,META,717.4050792825848,724.8424002660025,713.9448849935358,724.4049072265625,12569100.0
2025-02-13,MSFT,401.472636502677,405.4183135199023,400.84131373042015,404.9645690917969,23891700.0
2025-02-13,NVDA,131.21697039655388,136.14409236479662,130.82798788427175,134.93724060058594,197430000.0
2025-02-13,SPY,592.8335121773658,598.1883363356536,591.5782049635822,597.9823608398438,40921300.0
2025-02-13,TLT,81.78468586436315,82.5274262548563,81.76612054208462,82.33245849609375,42718100.0
2025-02-13,XOM,102.23036646446549,103.43251745185245,101.62928733122097,103.16536712646484,15460000.0
2025-02-14,AAPL,239.77517912233392,244.04889519264196,239.51677402617887,243.10470581054688,40896200.0
2025-02-14,GLD,270.07000732421875,270.2099914550781,265.45001220703125,266.2900085449219,11546700.0
2025-02-14,JPM,269.20026178200214,271.0054922240324,268.30737630553097,268.4432373046875,5688600.0
2025-02-14,META,721.9987138789817,736.6844367741571,721.4816601081104,732.4686279296875,16901200.0
2025-02-14,MSFT,402.25188608897315,403.3566707547541,400.3678218416371,402.8831787109375,22758500.0
2025-02-14,NVDA,136.1241301373402,138.88691174540978,135.14668970558725,138.4879608154297,195479600.0
2025-02-14,SPY,598.1881861265014,599.2179436285784,597.3349533511362,597.9528198242188,26910400.0
2025-02-14,TLT,82.98232421077147,83.26085353802803,82.74093968266382,82.76879119873047,27460700.0
2025-02-14,XOM,103.53746012355337,105.16895438659107,103.13674555467838,103.27031707763672,15733500.0
2025-02-18,AAPL,242.6574585849239,243.6811607859394,240.36158248040348,242.9755096435547,48822500.0
2025-02-18,GLD,269.67999267578125,271.010009765625,269.6000061035156,270.70001220703125,8185900.0
2025-02-18,JPM,268.6082414686908,271.72368491952835,267.89001749911944,271.70428466796875,7919800.0
2025-02-18,META,731.8024756909897,732.7967725329612,702.4110634697961,712.284423828125,21938700.0
2025-02-18,MSFT,402.4590098668831,405.0237056562673,400.9793811541372,404.0767517089844,21423100.0
2025-02-18,NVDA,140.90166414837108,143.06600437599374,137.57036112568994,139.03652954101562,219176600.0
2025-02-18,SPY,599.1101412981178,599.7083740234375,596.6583089558027,599.7083740234375,26749000.0
2025-02-18,TLT,82.20246076947723,82.48098303831442,81.73824990478623,81.79395294189453,29429200.0
2025-02-18,XOM,103.64240396169457,105.89404846866529,103.34663950429557,105.08307647705078,20060300.0
2025-02-19,AAPL,243.16433914739287,244.50607717853558,241.67350900245088,243.373046875,32204200.0
2025-02-19,GLD,270.67999267578125,271.3299865722656,269.239990234375,270.8500061035156,9342500.0
2025-02-19,JPM,270.18056269758443,271.99547872654324,269.0547259396898,271.0249328613281,7007200.0
2025-02-19,META,700.0844219380573,702.9679072184475,691.4241347921043,699.75634765625,17535500.0
2025-02-19,MSFT,402.3406422459273,409.84727742582396,402.11375500738893,409.1370544433594,24114200.0
2025-02-19,NVDA,139.1462426003846,140.99142508356047,136.86222013681927,138.86697387695312,167536000.0
2025-02-19,SPY,598.3255406648384,601.4148133650798,597.8155404050764,601.12060546875,31011100.0
2025-02-19,TLT,81.6546655630592,82.11887629868384,81.59896254143823,81.89605712890625,20584300.0
2025-02-19,XOM,105.67461956478333,106.9817133714116,105.00675466763045,105.2357406616211,10964700.0
2025-02-20,AAPL,243.44266597431312,245.27141427762965,242.79663037338946,244.3272247314453,32316900.0
2025-02-20,GLD,270.2300109863281,271.8399963378906,270.1700134277344,270.989990234375,7356900.0
2025-02-20,JPM,270.47167738640707,270.52990776080935,257.9128132494212,258.94158935546875,13846700.0
2025-02-20,META,693.3034063210538,701.6057615774716,689.6841508587038,690.8773193359375,12587400.0
2025-02-20,MSFT,410.47144681938056,414.4447923675228,407.75335474991726,411.30169677734375,23508700.0
2025-02-20,NVDA,139.6649119502666,140.29327428157626,136.4333538136822,139.7447052001953,143903600.0
2025-02-20,SPY,599.7574359511714,599.8947529370754,595.3245635051746,598.6198120117188,36554000.0
2025-02-20,TLT,82.11889960323663,82.4067151576429,82.11889960323663,82.20246124267578,27913400.0
2025-02-20,XOM,105.49332984213783,107.25838817420404,104.90179367112641,106.85767364501953,16325800.0
2025-02-21,AAPL,244.44645306890683,247.1697083342209,243.72091995824803,244.0489044189453,53197400.0
2025-02-21,GLD,270.79998779296875,271.510009765625,269.510009765625,270.739990234375,8917400.0
2025-02-21,JPM,260.41687498668233,261.2709600914064,255.09827295553427,256.45703125,12835600.0
2025-02-21,META,692.60739083408,699.8557937983946,678.4684565577635,679.6516723632812,15660400.0
2025-02-21,MSFT,412.4976421272199,413.1993956224997,403.15730762956775,403.47357177734375,27524800.0
2025-02-21,NVDA,139.67487215272783,141.09118323158302,133.68054728393315,134.07949829101562,228217600.0
2025-02-21,SPY,598.4039822903428,598.5412992676794,587.9199448031515,588.3809204101562,76519800.0
2025-02-21,TLT,82.50883180190702,83.49295645105144,82.46240788765519,83.19586181640625,46912300.0
2025-02-21,XOM,106.20890571888805,106.71457038413944,105.48379796238122,105.60783386230469,14710000.0
2025-02-24,AAPL,243.432668958948,247.33865168523945,242.92579218735634,245.58941650390625,51326400.0
2025-02-24,GLD,271.45001220703125,272.32000732421875,270.3800048828125,272.2099914550781,5374400.0
2025-02-24,JPM,257.67016901902093,259.1357025074417,250.99280984837583,253.6424102783203,10372800.0
2025-02-24,META,682.3660300531769,683.3503741651774,658.671920559191,664.3195190429688,15677000.0
2025-02-24,MSFT,403.77011965609864,404.62012670611466,394.6867476536957,399.31243896484375,26443700.0
2025-02-24,NVDA,136.20396396001723,138.22867021014434,129.74086261032588,129.94033813476562,251381100.0
2025-02-24,SPY,590.420875386549,591.4114252530362,584.997393388531,585.7035522460938,50737200.0
2025-02-24,TLT,82.93593007129513,83.61367409201088,82.8709408215923,83.4372787475586,26218000.0
2025-02-24,XOM,105.83680034939073,106.72410095655721,105.25480708667392,106.16118621826172,13153500.0
2025-02-25,AAPL,246.48393846255715,248.47171215983582,243.41283173998391,245.52980041503906,48013300.0
2025-02-25,GLD,271.4599914550781,271.67999267578125,266.45001220703125,268.6199951171875,10079800.0
2025-02-25,JPM,254.50621867157093,255.2535282245515,245.88776780849437,249.81846618652344,9608400.0
2025-02-25,META,662.1719101710918,664.1903621078898,638.1994252892501,653.750244140625,20579700.0
2025-02-25,MSFT,396.4460551720573,397.2565479767241,392.0971142682963,393.2831726074219,29387400.0
2025-02-25,NVDA,129.6410992372649,129.8605268493821,124.11555036059914,126.29983520507812,271428700.0
2025-02-25,SPY,585.6446767168586,586.3704094872951,578.200887648266,582.7907104492188,58266500.0
2025-02-25,TLT,84.45852531363471,84.95058769372461,84.30069532064279,84.87631225585938,50125100.0
2025-02-25,XOM,106.18982523150925,106.9817114561347,103.89047338362401,104.69190979003906,14497000.0
2025-02-26,AAPL,242.83637220684057,243.48239258336395,237.66816369812489,238.89064025878906,44433600.0
2025-02-26,GLD,267.0799865722656,269.0799865722656,266.6600036621094,269.0299987792969,7276000.0
2025-02-26,JPM,249.5855472014318,253.22509374318383,249.36231101747035,251.16754150390625,5943600.0
2025-02-26,META,655.8879894912211,679.1147510461686,654.2473752935454,669.8578491210938,14488700.0
2025-02-26,MSFT,393.3919357776839,398.9170718958632,389.6755530638089,395.09197998046875,19619000.0
2025-02-26,NVDA,129.65109883362112,133.3813382599071,128.15500959573998,130.93772888183594,322553800.0
2025-02-26,SPY,584.4480717821488,588.0277703322722,580.4564822296608,583.0848388671875,43321600.0
2025-02-26,TLT,84.87630648275059,85.47049577866579,84.6720525841619,85.37765502929688,32220200.0
2025-02-26,XOM,104.70144632846328,104.82548222718026,103.53745967986977,104.4343032836914,10446400.0
2025-02-27,AAPL,237.94645181292123,240.9778097055873,235.61081167459415,235.84934997558594,41153600.0
2025-02-27,GLD,266.489990234375,266.6700134277344,264.45001220703125,264.92999267578125,9374600.0
2025-02-27,JPM,252.5165975848914,255.87470735773962,250.2649242342284,251.4198760986328,8204400.0
2025-02-27,META,678.5578477009615,684.7224998566809,653.8197390305947,654.4859008789062,12500000.0
2025-02-27,MSFT,396.6141373782218,401.03227411101483,387.61974690299365,387.9755554199219,21127400.0
2025-02-27,NVDA,134.64801060127058,134.6579790491402,119.69709659183455,119.83673095703125,443175800.0
2025-02-27,SPY,585.3504695068715,586.4979702201956,573.3855747451564,573.77783203125,74196700.0
2025-02-27,TLT,84.77416229248047,85.21980771543113,84.61633234232252,84.77416229248047,53373600.0
2025-02-27,XOM,104.95904171314652,106.18027108011471,104.26255547277496,105.09261322021484,15293200.0
2025-02-28,AAPL,235.5014815283524,240.61005923211764,228.7927454203557,240.36158752441406,56833400.0
2025-02-28,GLD,262.55999755859375,263.3999938964844,261.25,263.2699890136719,11504500.0
2025-02-28,JPM,253.0503667238304,257.0101797673479,250.29402075476108,256.8548889160156,10467100.0
2025-02-28,META,654.2871303913403,665.811058519774,638.9351833547679,664.3892211914062,17534200.0
2025-02-28,MSFT,388.10398215130573,393.01631660620876,382.0846478468725,392.38372802734375,32845700.0
2025-02-28,NVDA,117.71227346912306,124.76383897645573,116.09650229748219,124.59428405761719,389091100.0
2025-02-28,SPY,574.2780198233005,583.2615078706541,571.2181376161361,582.73193359375,88744100.0
2025-02-28,TLT,85.27553954356483,85.86044980147904,84.92274181521844,85.81402587890625,49388600.0
2025-02-28,XOM,105.05445820591811,106.4569664335721,104.31980757281275,106.21844482421875,18821700.0
2025-03-03,AAPL,240.31188380351972,242.5381957053339,234.66661403302143,236.5748748779297,47184000.0
2025-03-03,GLD,265.07000732421875,266.8800048828125,265.07000732421875,266.739990234375,7725600.0
2025-03-03,JPM,256.22406802064074,258.47574118143245,250.2261026277376,252.94361877441406,9058300.0
2025-03-03,META,669.8379661322937,677.3648013727483,647.1282576387357,651.314208984375,10843800.0
2025-03-03,MSFT,394.1925506012372,394.1925506012372,381.6794393165997,383.9823913574219,23007700.0
2025-03-03,NVDA,123.18796891235903,123.37746834229016,111.98724605192426,113.76260375976562,411381400.0
2025-03-03,SPY,584.6933298193593,585.8310134980443,568.727029424783,572.5224609375,74249200.0
2025-03-03,TLT,85.13414524967456,86.34488799858076,85.09689064278041,86.2145004272461,42904200.0
2025-03-03,XOM,106.57145850890615,107.01034470192397,101.61975455294244,102.81236267089844,18706900.0
2025-03-04,AAPL,236.25684921580154,238.60242278275774,233.24535811530478,234.4877166748047,53798100.0
2025-03-04,GLD,269.010009765625,269.3999938964844,267.5199890136719,269.05999755859375,8481300.0
2025-03-04,JPM,247.76090247214182,249.6534784144641,238.70570941047404,242.87905883789062,13465600.0
2025-03-04,META,641.8286224275595,646.0444317102432,620.0933060541167,636.3500366210938,21495200.0
2025-03-04,MSFT,378.9514121108331,388.02488953137174,376.5792652913011,384.1009521484375,29342900.0
2025-03-04,NVDA,110.36149568941593,118.99891188150963,109.82290275774469,115.68756866455078,398163300.0
2025-03-04,SPY,568.5407303426414,574.1112864169365,561.2244408531591,565.74560546875,109648200.0
2025-03-04,TLT,86.09342258817168,86.41939149494256,85.00374494898153,85.15276336669922,56722000.0
2025-03-04,XOM,101.47663286516655,103.95725611727569,101.07591831317775,102.60245513916016,19394900.0
2025-03-05,AAPL,233.98082285378285,235.1039197629907,227.82866128733946,234.2988739013672,47227600.0
2025-03-05,GLD,267.9700012207031,270.260009765625,267.9599914550781,269.6199951171875,6990400.0
2025-03-05,JPM,243.84960154438141,245.5965867262712,240.53033710346665,244.12135314941406,7861400.0
2025-03-05,META,637.3442702985346,655.7387617190071,634.0232921722067,652.7260131835938,13770000.0
2025-03-05,MSFT,384.82253320835395,397.00948665687173,384.29868393839774,396.36700439453125,23433100.0
2025-03-05,NVDA,117.27342459632162,117.971596377653,114.2114295961939,116.99415588378906,284337900.0
2025-03-05,SPY,565.5788471805596,573.611051865237,562.038415848593,571.8261108398438,71230500.0
2025-03-05,TLT,85.27382601520004,85.49735361690915,84.3890523515973,84.47286987304688,50215900.0
2025-03-05,XOM,100.98049804898663,101.44800561189773,98.9101323701564,100.59886932373047,24822200.0
2025-03-06,AAPL,233.00682927336524,236.4059203890797,231.73465535282332,233.89138793945312,45170400.0
2025-03-06,GLD,268.25,269.510009765625,268.1600036621094,268.25,6136400.0
2025-03-06,JPM,240.80209946195242,242.015281613365,236.66758002130527,239.27833557128906,9983200.0
2025-03-06,META,644.3042980636187,646.8496953321902,620.5505339914102,624.3487548828125,13446500.0
2025-03-06,MSFT,389.70521049036057,397.4838909032578,388.12376908504734,392.2849426269531,23304600.0
2025-03-06,NVDA,113.2339891683523,115.04924353236196,109.93262184934352,110.28170776367188,321181900.0
2025-03-06,SPY,564.392249084706,568.9918895864693,559.1355341853182,561.6756591796875,80094900.0
2025-03-06,TLT,84.26798301895377,84.56601272550827,83.5694752280677,84.19347381591797,42827500.0
2025-03-06,XOM,100.58932808495122,103.14627989358989,99.56845594189966,102.67877960205078,17150200.0
2025-03-07,AAPL,233.67273718007357,239.89446338205195,233.32487071745646,237.60853576660156,46273600.0
2025-03-07,GLD,269.0899963378906,270.3399963378906,267.6400146484375,268.3900146484375,10431200.0
2025-03-07,JPM,238.00690553291304,239.45302388235442,232.36803767756697,235.143798828125,20498700.0
2025-03-07,META,621.803533616568,631.1697947193975,597.1847292529826,622.0918579101562,21375700.0
2025-03-07,MSFT,387.76795648683793,390.2191619837315,381.0666253730808,388.7464599609375,22034100.0
2025-03-07,NVDA,110.95993136050063,113.18412029909872,107.27955007853643,112.39617919921875,341755500.0
2025-03-07,SPY,559.9004915315724,566.2654391000913,554.7320094861279,564.82373046875,81158800.0
2025-03-07,TLT,84.88267625934358,84.90130711510918,83.81162943168673,83.92339324951172,36903600.0
2025-03-07,XOM,103.43251743063102,105.33114746271542,103.32756733688295,104.0145034790039,19625000.0
2025-03-10,AAPL,234.10009611136832,234.71631625547707,222.84930513729455,226.08937072753906,72071200.0
2025-03-10,GLD,267.6199951171875,268.44000244140625,265.6400146484375,266.0400085449219,7593900.0
2025-03-10,JPM,229.25260968443942,230.5143072655119,221.9638018922669,225.380126953125,18887200.0
2025-03-10,META,604.6021195261419,606.6304633422532,583.5230132390974,594.57958984375,21999900.0
2025-03-10,MSFT,381.3631423753148,381.91664235119805,372.8431639999478,375.7490539550781,32840100.0
2025-03-10,NVDA,109.61344182887889,111.55835424093472,105.18501650973491,106.70105743408203,366487400.0
2025-03-10,SPY,556.6541208727356,558.566501823716,544.8853280215288,549.7791748046875,99326600.0
2025-03-10,TLT,84.82679782060978,85.33903266423232,84.66847107470406,84.79885864257812,41440800.0
2025-03-10,XOM,104.26256813965618,107.40151349531523,104.07175375754828,106.6668701171875,22749100.0
2025-03-11,AAPL,222.44182022291236,224.45940937640347,216.12069905845206,219.48997497558594,76137400.0
2025-03-11,GLD,268.4700012207031,269.7300109863281,268.44000244140625,269.1600036621094,8436600.0
2025-03-11,JPM,224.9239788967364,226.44774284176466,220.01301974210133,222.39085388183594,18143000.0
2025-03-11,META,591.6563759772822,611.4230037979147,589.9462143877115,602.255615234375,17401500.0
2025-03-11,MSFT,374.6024872406928,381.5212666884101,372.5367409966354,376.0356750488281,30380200.0
2025-03-11,NVDA,106.71102843945867,111.94733940770921,104.4968157267925,108.4764175415039,354865700.0
2025-03-11,SPY,548.6220367842027,553.1530182295099,541.3842228164132,545.2090454101562,88102100.0
2025-03-11,TLT,84.72433945276784,85.20863506132315,83.95132245884597,84.19347381591797,40555700.0
2025-03-11,XOM,106.781352242652,106.9530880924127,103.79506431642064,104.14807891845703,19904700.0
2025-03-12,AAPL,218.79423505763873,220.39439337943787,213.59621144659917,215.65354919433594,62547500.0
2025-03-12,GLD,268.4700012207031,271.2300109863281,268.3599853515625,270.3299865722656,7236200.0
2025-03-12,JPM,227.10769746005099,227.4182791975453,220.56621400526214,221.18736267089844,16054000.0
2025-03-12,META,626.3076684168919,629.7180996475525,605.8748176968612,616.026611328125,15747000.0
2025-03-12,MSFT,378.5067033632867,380.75035405096787,374.55311473502826,378.8229675292969,24253600.0
2025-03-12,NVDA,113.83292501602207,116.46628328215824,112.59603885298675,115.44884490966797,323857500.0
2025-03-12,SPY,551.3387021334682,552.2605936285714,543.0221047200753,548.102294921875,69588200.0
2025-03-12,TLT,83.82094695847303,84.17485506539651,83.61605017345796,83.69055938720703,32734600.0
2025-03-12,XOM,104.04313204500157,105.07353989632306,103.44205291270346,104.11945343017578,14051500.0
2025-03-13,AAPL,214.62983690242842,215.51439548794804,207.14587101812543,208.39816284179688,61368300.0
2025-03-13,GLD,271.57000732421875,275.3500061035156,271.54998779296875,275.1300048828125,13741500.0
2025-03-13,JPM,222.54614892341084,222.74025511632564,217.62547474110963,218.5572052001953,16467900.0
2025-03-13,META,616.7126625470211,616.9612367761815,583.1650942894606,587.2715454101562,16480300.0
2025-03-13,MSFT,378.71423026442886,380.8491715851453,373.07049136146827,374.3751525878906,20473000.0
2025-03-13,NVDA,116.73559490158165,117.46376184203,113.50374766538481,115.28924560546875,299033100.0
2025-03-13,SPY,547.7295658893665,548.337615563181,539.0893105175023,540.7957763671875,74079400.0
2025-03-13,TLT,83.4297702051919,84.48218602633644,83.24349720216509,84.42630767822266,38675400.0
2025-03-13,XOM,103.35619421708729,105.73186760818771,102.6883292871863,103.68058013916016,17767800.0
2025-03-14,AAPL,209.95857893569573,212.64207016591416,208.29878985935505,212.1848907470703,60107600.0
2025-03-14,GLD,276.2699890136719,276.29998779296875,274.6600036621094,275.239990234375,13365000.0
2025-03-14,JPM,221.40087868737876,226.27302221151962,220.87679052941755,225.59364318847656,11962100.0
2025-03-14,META,599.8953822688998,605.926179590697,591.914068126194,604.6722412109375,12364500.0
2025-03-14,MSFT,375.3734195488383,385.7021804869834,375.10656321193693,384.0515441894531,19952800.0
2025-03-14,NVDA,118.31162236591584,121.57339292473429,117.85278046649132,121.36392211914062,277593500.0
2025-03-14,SPY,545.3953858640715,552.9666753566005,540.8644044287432,551.96630859375,62660300.0
2025-03-14,TLT,83.83025961807132,84.20279856892373,83.690556623303,83.9792709350586,24658000.0
2025-03-14,XOM,103.93818066446423,107.029418738358,103.33710153960851,106.76227569580078,15890100.0
2025-03-17,AAPL,212.00598815128762,213.904315554563,208.6864099217596,212.6917724609375,48073400.0
2025-03-17,GLD,275.5400085449219,276.7900085449219,275.3900146484375,276.7300109863281,8583400.0
2025-03-17,JPM,224.37076354224342,228.72851937201781,223.67198421387434,227.03976440429688,9586000.0
2025-03-17,META,604.5329526398591,610.1457299210977,595.1185141446371,601.9852905273438,15473900.0
2025-03-17,MSFT,382.2131776873556,388.15342385678485,381.0962841175908,384.1899719238281,22474300.0
2025-03-17,NVDA,122.43123309193861,122.58085727393843,117.73308248243704,119.22930908203125,255501500.0
2025-03-17,SPY,551.9466761244148,558.7333912461695,551.5151512314662,556.2227172851562,49008700.0
2025-03-17,TLT,84.56601863058607,84.91992671133579,84.17484884012786,84.39837646484375,26700300.0
2025-03-17,XOM,106.66686435946447,109.24289477438126,106.60007860142149,108.53687286376953,19908800.0
2025-03-18,AAPL,212.85080057479257,213.83473880015984,210.19712464056028,211.38978576660156,42432400.0
2025-03-18,GLD,279.8999938964844,280.2099914550781,278.9700012207031,279.9599914550781,9596500.0
2025-03-18,JPM,227.4182844946614,229.2137852248078,226.6418449421928,228.04913330078125,10344900.0
2025-03-18,META,597.1586575199055,597.3577059716481,571.8909842088232,579.5538940429688,20297700.0
2025-03-18,MSFT,382.57889637930924,382.8754034622388,376.6781641211092,379.070068359375,19486900.0
2025-03-18,NVDA,117.70315237486467,118.72058305537905,114.25185746421572,115.13961791992188,299686900.0
2025-03-18,SPY,553.9180162778352,554.1338086762437,548.2886181319476,550.2108764648438,66041400.0
2025-03-18,TLT,83.9513273255397,84.7709072896788,83.93270357649547,84.48219299316406,23654700.0
2025-03-18,XOM,108.85172217048452,109.28106545063756,107.40151393486391,108.4223861694336,15998700.0
2025-03-19,AAPL,212.91044076829724,217.4226803637017,212.443312738742,213.92420959472656,54385400.0
2025-03-19,GLD,279.8500061035156,281.4800109863281,279.05999755859375,281.1099853515625,8822200.0
2025-03-19,JPM,228.79645015668714,235.19234280757902,227.97148038251137,232.0671844482422,10120600.0
2025-03-19,META,581.4646990631072,589.4659367740201,572.0005129037568,581.2457275390625,20537500.0
2025-03-19,MSFT,381.0567221702146,385.158563988563,379.54447585576617,383.3201599121094,19185500.0
2025-03-19,NVDA,116.97497890401499,120.14697923880557,115.38898254172027,117.22434997558594,273426200.0
2025-03-19,SPY,551.9859243939003,559.9494708906026,550.8090329217521,556.2030639648438,66556000.0
2025-03-19,TLT,84.45425000841315,84.9571764769976,84.17484404622554,84.919921875,31378700.0
2025-03-19,XOM,108.95667865551498,110.50230145233859,108.60367129855524,110.11112976074219,17315000.0
2025-03-20,AAPL,212.6818553101102,216.16045933121794,210.92267131595005,212.7911834716797,48862900.0
2025-03-20,GLD,279.489990234375,280.8999938964844,279.42999267578125,280.75,5863300.0
2025-03-20,JPM,229.59228927901535,234.63912397597252,229.2428922333378,231.97012329101562,8328500.0
2025-03-20,META,579.9519523821848,607.2597338403973,576.7176126648797,583.1763305664062,24336500.0
2025-03-20,MSFT,381.2642891356356,387.24410971121733,378.8328407062668,382.3515319824219,18470500.0
2025-03-20,NVDA,116.25680439544837,119.89761619602571,116.17700382075364,118.23181915283203,248829700.0
2025-03-20,SPY,552.4761870923602,559.5766824998958,551.760211493224,554.5945434570312,62958200.0
2025-03-20,TLT,85.869880975061,85.90713557342237,84.9012898400177,84.97579193115234,35645800.0
2025-03-20,XOM,109.45279860950036,111.12244989548778,108.96621248229262,110.57862091064453,16230800.0
2025-03-21,AAPL,210.26669685360034,217.5021918152461,209.9884097524224,216.93568420410156,94127800.0
2025-03-21,GLD,279.4599914550781,279.4599914550781,276.5899963378906,278.489990234375,9359300.0
2025-03-21,JPM,230.8054781658387,235.16323383404452,229.53406562636874,234.51296997070312,19326900.0
2025-03-21,META,580.6087578221687,594.6607153580624,578.1506887401925,593.376953125,25015900.0
2025-03-21,MSFT,378.77352451177876,387.194656647968,378.3583844724842,386.7202453613281,39675900.0
2025-03-21,NVDA,116.64582513098318,117.6931791575635,115.1296446207881,117.4039077758789,266498500.0
2025-03-21,SPY,550.1543252489805,555.6727731535583,548.9247213465745,554.777587890625,83763000.0
2025-03-21,TLT,85.05962094554772,85.16206931993395,84.39836777806563,84.47286987304688,29192100.0
2025-03-21,XOM,110.1969985961914,110.66449897632948,109.09979758724859,110.1969985961914,41102800.0
2025-03-24,AAPL,219.64898417718916,220.1260455978378,217.24377992596973,219.38063049316406,44299500.0
2025-03-24,GLD,278.9100036621094,279.0899963378906,276.8599853515625,277.25,7870100.0
2025-03-24,JPM,238.24957590512537,241.36503440089746,237.21109961277028,240.7535858154297,9422700.0
2025-03-24,META,612.00679359665,619.5403255261868,609.2501818946967,615.8681030273438,15741300.0
2025-03-24,MSFT,390.81219242783766,390.81219242783766,385.2870564688155,388.51910400390625,21004500.0
2025-03-24,NVDA,119.57842622721644,121.91254366285413,119.03978374206928,121.10458374023438,228452500.0
2025-03-24,SPY,561.4863200959835,565.7653777464658,560.8961342321084,564.7128295898438,58766800.0
2025-03-24,TLT,84.00721337372535,84.06309883715562,83.54154144348166,83.60673522949219,27985600.0
2025-03-24,XOM,110.36872233598935,111.54225188833725,110.27331514550545,110.48321533203125,14207500.0
2025-03-25,AAPL,219.4204082670252,222.73005335992565,218.73462390108503,222.38218688964844,34493600.0
2025-03-25,GLD,278.7799987792969,279.9599914550781,278.2699890136719,278.4700012207031,5090200.0
2025-03-25,JPM,241.96675395701018,244.4028332211237,240.32652930123646,243.733154296875,9287700.0
2025-03-25,META,623.7399580748611,630.8256453980655,618.1868283737851,623.2921142578125,15312500.0
2025-03-25,MSFT,389.3493790004213,391.7610400507305,388.08423198363494,390.5749816894531,15775000.0
2025-03-25,NVDA,120.24675110401866,120.9848874515059,118.6208466122723,120.38639831542969,167447200.0
2025-03-25,SPY,565.9130116144462,567.0048857087957,564.3292958517305,566.0704345703125,38355700.0
2025-03-25,TLT,83.42046975990637,83.89545712094082,83.36459140175754,83.59742736816406,22333800.0
2025-03-25,XOM,111.08428842590106,112.238732185605,110.63586661859827,111.2369384765625,12081800.0
2025-03-26,AAPL,222.1436424317859,223.64442126802376,219.12223310716143,220.17575073242188,34466100.0
2025-03-26,GLD,278.92999267578125,279.0199890136719,277.7799987792969,278.239990234375,3717500.0
2025-03-26,JPM,245.1598570425021,247.16887900045046,242.42291097853027,243.63609313964844,12779300.0
2025-03-26,META,621.8789578468637,623.729980786782,603.6870115810134,608.0359497070312,12609800.0
2025-03-26,MSFT,390.4168262767483,390.7232269425197,384.061440622416,385.4451904296875,16108400.0
2025-03-26,NVDA,118.43133002412056,118.54104631031402,112.42646947850851,113.47383117675781,293463300.0
2025-03-26,SPY,565.8047238585734,566.926137079624,557.9352585138073,559.3124389648438,51848300.0
2025-03-26,TLT,83.2528169883156,83.44839832254415,82.97341102193832,83.04792022705078,25095600.0
2025-03-26,XOM,112.27689806972457,113.70802780007672,112.27689806972457,112.83980560302734,14110800.0
2025-03-27,AAPL,220.03662935170198,223.61462840697533,219.21170137047196,222.48159790039062,37094800.0
2025-03-27,GLD,280.54998779296875,282.07000732421875,279.5899963378906,281.9700012207031,8476300.0
2025-03-27,JPM,242.18025576276096,243.25756203065194,239.89946755301614,240.81178283691406,8022500.0
2025-03-27,META,599.099230390641,611.2902031020785,597.2083613471389,599.6764526367188,10436500.0
2025-03-27,MSFT,385.60336562359333,387.6888690270636,382.9050306805178,386.0481262207031,13766800.0
2025-03-27,NVDA,111.0698805170997,114.16208047077859,110.38162149260253,111.1496810913086,236902100.0
2025-03-27,SPY,557.925492752828,561.5848258877031,555.7220517439531,557.8271484375,42164200.0
2025-03-27,TLT,82.74990829356952,82.91755048830122,82.54501148827627,82.80579376220703,23674500.0
2025-03-27,XOM,112.67761406618247,113.60307913478755,111.87618490106198,112.47725677490234,12740800.0
2025-03-28,AAPL,220.31490521146458,222.44182255065115,216.34929105853038,216.5679473876953,39818600.0
2025-03-28,GLD,283.82000732421875,284.6400146484375,282.8599853515625,284.05999755859375,9563700.0
2025-03-28,JPM,239.6665652294854,242.16086005777964,234.00828183952703,235.69703674316406,11978400.0
2025-03-28,META,597.4173079437737,598.8503715033947,571.1544577963756,573.9608764648438,17602800.0
2025-03-28,MSFT,383.5771397086297,384.6149747790714,372.5565178920864,374.4048156738281,21632000.0
2025-03-28,NVDA,111.20953292547101,112.58606625933987,108.79562251910656,109.39411163330078,229872500.0
2025-03-28,SPY,556.3023922676962,557.0303082338021,546.0130443195492,546.5933837890625,71662700.0
2025-03-28,TLT,83.70915788526189,84.13757507669358,83.64396411929592,83.95130920410156,39869400.0
2025-03-28,XOM,112.67759989189898,113.02107157062996,111.85708502371956,112.32459259033203,10233400.0
2025-03-31,AAPL,215.683368745432,224.24073468961828,214.90813825561798,220.77207946777344,65299300.0
2025-03-31,GLD,287.5299987792969,288.3900146484375,285.8500061035156,288.1400146484375,13925100.0
2025-03-31,JPM,232.35836101622476,238.61837812715723,230.36873927152533,238.0748748779297,13603000.0
2025-03-31,META,560.7847448534282,575.9115149817139,550.6338819554302,573.582763671875,21124700.0
2025-03-31,MSFT,368.2174858935481,372.694923815259,362.9789628551185,371.034423828125,35184700.0
2025-03-31,NVDA,104.86553641067388,110.68087252083329,103.38926370156523,108.10736083984375,299212700.0
2025-03-31,SPY,540.8585640195936,551.5610423029548,537.9468400615768,550.2625732421875,95328200.0
2025-03-31,TLT,84.96652362885541,85.06896494061256,84.15625172044149,84.7802505493164,38824300.0
2025-03-31,XOM,112.3818397493789,114.40450557061007,112.3818397493789,113.46949768066406,21652300.0
2025-04-01,AAPL,218.46624988397502,222.31258685550372,217.56180927777046,221.82559204101562,36412700.0
2025-04-01,GLD,288.5400085449219,289.1300048828125,285.9100036621094,287.57000732421875,15923600.0
2025-04-01,JPM,235.47379373127083,238.45337614807622,233.78505368597595,236.48316955566406,8054700.0
2025-04-01,META,568.0894064880564,587.0674633156228,567.2534273427501,583.1763305664062,12836600.0
2025-04-01,MSFT,370.30297052308924,378.4078388750376,368.89946352111616,377.7554931640625,19689500.0
2025-04-01,NVDA,108.2470125996811,109.92278683325367,106.20217397842941,109.87291717529297,222614000.0
2025-04-01,SPY,548.3541875419536,553.7545984642982,544.6456828297712,551.8167114257812,54609600.0
2025-04-01,TLT,85.29057630491295,85.90747595099143,85.25318779929046,85.51490020751953,39800100.0
2025-04-01,XOM,113.7461834775741,113.8034263331196,112.51541112963413,113.57444763183594,12425400.0
2025-04-02,AAPL,219.96705040499884,223.81338775742097,219.66888130946384,222.52133178710938,35905900.0
2025-04-02,GLD,288.2799987792969,289.0299987792969,287.3599853515625,288.1600036621094,11074800.0
2025-04-02,JPM,234.4838551459041,239.9674326166383,234.34797933558323,238.57955932617188,7758800.0
2025-04-02,META,572.1397763325173,589.8042481703526,570.5972571371435,581.1163330078125,13470800.0
2025-04-02,MSFT,373.5844861787052,380.61197570359644,372.25014394283687,377.70611572265625,16092600.0
2025-04-02,NVDA,107.02010369655069,111.69830803370559,106.52136148952614,110.14222717285156,220601200.0
2025-04-02,SPY,545.9934471475059,558.1616057346027,545.7573727429839,555.3089599609375,76014500.0
2025-04-02,TLT,86.3374285365034,86.3374285365034,84.73910744347293,85.45881652832031,43488400.0
2025-04-02,XOM,112.95428489821445,113.38362085359178,112.25780592357113,113.22142791748047,12614600.0
2025-04-03,AAPL,204.2834701562562,206.22156139646,200.01970279192506,201.94784545898438,103419000.0
2025-04-03,GLD,282.7799987792969,289.0899963378906,282.45001220703125,286.4200134277344,20524400.0
2025-04-03,JPM,227.36974842028587,228.21411845193424,220.6050436132751,221.9541015625,17188500.0
2025-04-03,META,543.5879742637874,549.8974512876792,527.7447028262635,529.058349609375,34777500.0
2025-04-03,MSFT,370.4413834397649,373.1001742376296,365.06450042697054,368.7808532714844,30198000.0
2025-04-03,NVDA,103.24961220285616,105.36427425680411,101.344413349133,101.54391479492188,338769400.0
2025-04-03,SPY,536.2155597389653,539.02887941269,527.9428100585938,527.9428100585938,125986000.0
2025-04-03,TLT,86.47763611412265,86.67392756291498,85.84204574358527,85.85139465332031,57467400.0
2025-04-03,XOM,109.11886669436157,110.14927449790741,107.0771223338016,107.26793670654297,21204600.0
2025-04-04,AAPL,192.70471987275084,198.65810753704542,186.19475800144227,187.22840881347656,125910900.0
2025-04-04,GLD,283.6400146484375,284.0299987792969,278.0199890136719,279.7200012207031,21517200.0
2025-04-04,JPM,210.25535885692955,212.58925038559218,204.02513159690807,205.34344482421875,27170700.0
2025-04-04,META,504.17885089088094,515.5040213149615,491.8187135649183,502.2979736328125,38589800.0
2025-04-04,MSFT,359.90502676066706,370.2436515761853,355.30898645827625,355.664794921875,49209900.0
2025-04-04,NVDA,98.66118836013088,99.87811296890389,91.87829121020437,94.07275390625,532273800.0
2025-04-04,SPY,515.1253487932553,517.2894637749819,496.8190194100305,497.0354309082031,217965100.0
2025-04-04,TLT,87.53381985402777,87.94507907435674,86.75802455691849,86.78606414794922,92794200.0
2025-04-04,XOM,104.82547362994622,105.7413956850887,99.06279099712759,99.54936981201172,30841300.0
2025-04-07,AAPL,176.11674047268428,192.96311894309866,173.55251067175698,180.3507080078125,160466300.0
2025-04-07,GLD,278.8599853515625,280.1400146484375,272.5799865722656,273.7099914550781,19807000.0
2025-04-07,JPM,200.9393169780438,216.83712407913987,197.41406528016333,209.40577697753906,22914400.0
2025-04-07,META,482.76261076491693,536.7711064416472,479.5780174272365,513.7625122070312,36606100.0
2025-04-07,MSFT,346.8087713756296,366.6953157485582,340.7894367933375,353.707763671875,50425000.0
2025-04-07,NVDA,87.23998007579976,101.49403230771996,86.40209687721266,97.39437103271484,611041300.0
2025-04-07,SPY,481.20796639726615,514.6335008889374,473.9385334512268,496.1501159667969,256611400.0
2025-04-07,TLT,85.87942478681157,86.16918390763448,83.93527251277749,84.1689453125,124987600.0
2025-04-07,XOM,95.78073040169923,100.94234117352013,93.9393434106729,98.21365356445312,35068500.0
2025-04-08,AAPL,185.55865310846366,189.17640027021665,168.17558356470508,171.36595153808594,120859500.0
2025-04-08,GLD,277.8699951171875,278.32000732421875,274.239990234375,275.20001220703125,12639500.0
2025-04-08,JPM,218.27260941397304,222.4911845873146,208.24370556467724,211.77871704101562,19485700.0
2025-04-08,META,540.632294131454,544.7921450836128,500.4369029130687,507.9903564453125,28034200.0
2025-04-08,MSFT,363.98712785508354,369.3145725706382,346.18608632628985,350.4460754394531,35868900.0
2025-04-08,NVDA,103.54885717389794,105.58372634261488,94.2223791915971,96.05775451660156,476243400.0
2025-04-08,SPY,513.3449138965836,516.4140007584771,481.17849041906084,488.3790588378906,165816600.0
2025-04-08,TLT,83.44921905025798,84.30913313824917,82.45844878066497,82.5799560546875,73861900.0
2025-04-08,XOM,100.61796339017117,100.75153492046304,94.46410825610165,96.14329528808594,27147800.0
2025-04-09,AAPL,170.8988481608281,199.38365014436008,170.8392173737498,197.63441467285156,184395900.0
2025-04-09,GLD,282.2200012207031,285.8699951171875,281.0400085449219,285.3800048828125,25342200.0
2025-04-09,JPM,207.5113154920403,231.9048767833682,206.04652973562588,228.83859252929688,24022400.0
2025-04-09,META,506.8160385676343,585.0572285137947,499.6905358471851,582.9474487304688,39216600.0
2025-04-09,MSFT,349.43788571366844,388.6673652686905,349.0029886182402,385.9591369628906,50199700.0
2025-04-09,NVDA,98.64122793388745,114.81044852614636,97.28464859296416,114.04238891601562,612918300.0
2025-04-09,SPY,485.38869689536773,539.6683349609375,485.0050459934576,539.6683349609375,241867300.0
2025-04-09,TLT,81.57049040436125,83.10339039239578,80.280619233879,83.06600189208984,131353500.0
2025-04-09,XOM,94.80756878383878,101.68653089754434,93.62449639945632,100.94234466552734,30063300.0
2025-04-10,AAPL,187.9141823452429,193.58926741380884,181.88128226075605,189.25592041015625,121880000.0
2025-04-10,GLD,288.80999755859375,292.8599853515625,287.2300109863281,292.3500061035156,19837800.0
2025-04-10,JPM,224.60048894505405,224.9422782580252,214.9329086419956,221.77833557128906,18896400.0
2025-04-10,META,572.717028666801,578.4990311252001,532.7206791716873,543.65771484375,28173500.0
2025-04-10,MSFT,377.6269854135807,379.44563241847453,363.5324334212975,376.92523193359375,38024400.0
2025-04-10,NVDA,109.09486759895934,110.58111717003517,98.9005761841806,107.29939270019531,437812400.0
2025-04-10,SPY,523.4866909882965,524.7950065034121,501.0095530572283,516.0205688476562,162331200.0
2025-04-10,TLT,82.009785164184,82.42105148023144,80.71056526335373,80.77599334716797,78592000.0
2025-04-10,XOM,98.94830347620935,99.01508923561397,93.30965642047127,95.34185791015625,33999300.0
2025-04-11,AAPL,184.96235041538483,198.32017705332044,184.92258644836306,196.9386749267578,87435900.0
2025-04-11,GLD,297.9599914550781,299.2699890136719,296.80999755859375,297.92999267578125,21080100.0
2025-04-11,JPM,220.9971025358475,232.97905393688654,219.71785872027854,230.65492248535156,20284500.0
2025-04-11,META,532.9297054758875,544.7624292142713,526.0430658483261,540.9508666992188,17642300.0
2025-04-11,MSFT,376.2234920445777,385.52428234575257,374.4937970946495,383.94287109375,23839200.0
2025-04-11,NVDA,108.22706011361765,111.26939065397997,107.20962934859612,110.65094757080078,313417300.0
2025-04-11,SPY,514.4761933704091,527.6772059586904,511.5841621734685,525.2278442382812,97866300.0
2025-04-11,TLT,80.26193489819022,81.5985435825655,79.44875099724766,81.21531677246094,94814100.0
2025-04-11,XOM,95.69488526258942,99.15821686877186,94.25421251307542,98.40448760986328,22884600.0
2025-04-14,AAPL,210.14743595954587,211.63826622013798,199.9302804535287,201.28196716308594,101352900.0
2025-04-14,GLD,295.5400085449219,296.5799865722656,294.5299987792969,296.2300109863281,12427600.0
2025-04-14,JPM,231.53378705459363,234.1508635519738,228.14524845049638,229.20965576171875,13017800.0
2025-04-14,META,553.490102125213,555.0824290396921,525.7345350359763,528.9190673828125,14130900.0
2025-04-14,MSFT,388.6575040815548,390.0709046779098,379.75203666792555,383.3102722167969,19251200.0
2025-04-14,NVDA,113.82294410726054,114.00249160148302,108.79562187923341,110.4314956665039,264705000.0
2025-04-14,SPY,535.172792794898,535.3990807406135,525.149059337469,530.3232421875,68034000.0
2025-04-14,TLT,81.69201371799855,81.98176571304501,81.14989110115907,81.79483032226562,37596400.0
2025-04-14,XOM,100.20770669188589,100.26494955415065,98.00376914546212,98.64300537109375,18020000.0
2025-04-15,AAPL,200.6259945192588,202.26590170954893,198.57859009217825,200.90428161621094,51343900.0
2025-04-15,GLD,296.92999267578125,298.0199890136719,296.0899963378906,297.7799987792969,7924100.0
2025-04-15,JPM,230.5572900044825,233.04741393456666,227.3542929260278,227.65701293945312,10912900.0
2025-04-15,META,529.5460182448087,535.3479434505276,515.0064309742874,519.007080078125,15558700.0
2025-04-15,MSFT,384.0021677861047,387.3429548173336,379.702634359307,381.2544250488281,17199900.0
2025-04-15,NVDA,110.69084593782598,113.33418114021705,110.22202704858428,111.9177474975586,228966900.0
2025-04-15,SPY,530.8643368073726,534.3662468687544,528.0510170471207,528.8379516601562,56892900.0
2025-04-15,TLT,81.45833051497321,82.43041011141183,81.35551392383174,82.0845718383789,22553900.0
2025-04-15,XOM,98.88151766868603,100.5702547371125,98.27090293182614,98.3663101196289,13164900.0
2025-04-16,AAPL,197.1473753495745,199.4730666932086,191.19398828729797,193.08238220214844,59732400.0
2025-04-16,GLD,304.6499938964844,308.05999755859375,303.79998779296875,307.4700012207031,20778100.0
2025-04-16,JPM,226.55352634462056,228.09643576900157,222.5790672431111,224.21963500976562,9322300.0
2025-04-16,META,506.05972448726374,510.89629171463736,493.24178266268706,499.88958740234375,18735100.0
2025-04-16,MSFT,376.25315416820064,377.18221973337427,363.730149078798,367.2982482910156,21967800.0
2025-04-16,NVDA,104.28700420641553,106.52136728458446,100.19731179816195,104.2271499633789,397016900.0
2025-04-16,SPY,523.0046778330362,529.1133721339063,511.80051174858437,517.0828857421875,83484800.0
2025-04-16,TLT,82.06587709072075,82.72015797365486,81.7574273325689,82.54256439208984,35607300.0
2025-04-16,XOM,99.17728689155166,100.74198813969231,98.93876527105336,99.4062728881836,13607000.0
2025-04-17,AAPL,195.9944894564487,197.61452992177487,193.2314851467638,195.7758331298828,52164700.0
2025-04-17,GLD,306.30999755859375,307.1300048828125,302.7300109863281,306.1199951171875,18287800.0
2025-04-17,JPM,225.38170933973876,228.83859723978307,225.13757837531108,226.5144805908203,9557900.0
2025-04-17,META,502.8154217219696,504.85553152235843,495.6103178269469,499.0635986328125,14593500.0
2025-04-17,MSFT,369.41339637295704,369.9767899290697,362.6330071079686,363.5126647949219,21120200.0
2025-04-17,NVDA,104.1872406628714,104.20719461222582,99.79831546993584,101.23468780517578,292517500.0
2025-04-17,SPY,519.0306499479765,522.5030206369137,515.3614705598376,517.8206787109375,79868100.0
2025-04-17,TLT,82.29020918972236,82.43975606460555,81.53311164489386,81.81351470947266,31758400.0
2025-04-17,XOM,99.88331650638631,103.56609092311609,99.66387341189419,102.01092529296875,17916500.0
2025-04-21,AAPL,192.08851517151226,192.6152739871965,188.64966000796989,191.97918701171875,46742500.0
2025-04-21,GLD,315.0199890136719,316.4100036621094,313.95001220703125,315.5899963378906,20372300.0
2025-04-21,JPM,225.21571062759392,226.36800167119193,221.02641477455015,223.6142120361328,8716200.0
2025-04-21,META,488.96252020860095,491.1220774583302,477.48807856000866,482.3246765136719,16166000.0
2025-04-21,MSFT,358.6102367890087,360.25097956592975,351.54320368031085,354.9531555175781,20807300.0
2025-04-21,NVDA,98.52153569265882,99.18985605733366,94.80092295909544,96.66622161865234,288501100.0
2025-04-21,SPY,512.6562995153043,513.1875268574667,500.16354114488826,505.4951171875,69368100.0
2025-04-21,TLT,80.94423600337143,81.38354189714504,80.36473216999019,80.3834228515625,39343200.0
2025-04-21,XOM,100.76107263792318,100.78015116451047,99.33948583635168,100.51300811767578,16926500.0
2025-04-22,AAPL,194.92107095045932,200.35763286451953,194.7719939992729,198.51895141601562,52976400.0
2025-04-22,GLD,317.489990234375,317.6300048828125,310.3599853515625,311.1099853515625,35242300.0
2025-04-22,JPM,226.53401321401216,230.4498836423457,225.93833303093191,230.05926513671875,10701400.0
2025-04-22,META,489.4999049556232,504.43758854395816,484.0164453354945,497.869384765625,17399400.0
2025-04-22,MSFT,359.1637542302739,363.5028019496421,355.68457702509073,362.5638427734375,19485000.0
2025-04-22,NVDA,98.53150383378456,99.55891150664588,97.03527729423074,98.64122772216797,241004800.0
2025-04-22,SPY,511.6530596521891,520.6635725020783,510.71854848453165,518.6470336914062,75948100.0
2025-04-22,TLT,81.14990682546846,81.33684225247008,80.75733815008742,80.83211517333984,32552100.0
2025-04-22,XOM,101.26673029899442,103.93817514079996,101.26673029899442,103.32756042480469,13147000.0
2025-04-23,AAPL,204.7406939661261,206.72846769395255,201.56025903470575,203.34925842285156,52929200.0
2025-04-23,GLD,304.17999267578125,304.739990234375,300.5899963378906,303.6499938964844,25421500.0
2025-04-23,JPM,234.5805730456871,240.99632733668028,234.36573659509583,235.22508239746094,14126800.0
2025-04-23,META,525.9832078416969,532.7603901449021,514.0310705693126,517.7630004882812,18173900.0
2025-04-23,MSFT,371.6965961898571,375.9763723537339,368.69186067990836,370.0459899902344,20545500.0
2025-04-23,NVDA,104.25706634151078,104.53636836662163,101.76335533667917,102.45162200927734,247526000.0
2025-04-23,SPY,531.6119789480975,536.5303956362238,525.1688650945055,526.6837158203125,90590700.0
2025-04-23,TLT,83.07535699597162,83.24360170877495,81.4770357899042,81.61724090576172,44082200.0
2025-04-23,XOM,103.8141490716372,104.28165669460046,101.58159016988695,102.44026947021484,14235700.0
2025-04-24,AAPL,203.6374845300284,207.5534013078127,201.69940812530302,207.09620666503906,47311000.0
2025-04-24,GLD,306.9800109863281,308.5,304.7099914550781,308.07000732421875,10845000.0
2025-04-24,JPM,234.11184368965115,239.7073214295824,232.0025485026731,238.8968048095703,9055200.0
2025-04-24,META,516.2304339699675,531.3273797107081,515.0063802713869,530.5809936523438,13910000.0
2025-04-24,MSFT,371.3408006891215,383.9428636514652,370.8367085183124,382.8061828613281,22232300.0
2025-04-24,NVDA,103.21967869312851,106.27197821529161,102.85060676252529,106.1622543334961,220815000.0
2025-04-24,SPY,527.9624225863133,538.4976913582739,526.7131857388315,537.769775390625,64150400.0
2025-04-24,TLT,82.28086566599075,82.57996656645766,82.02850217824252,82.4771499633789,24190800.0
2025-04-24,XOM,103.0127094122616,103.8809242480913,102.04908011348446,103.64240264892578,9849600.0
2025-04-25,AAPL,205.10842646651815,208.46776890662989,204.9394675201618,208.00064086914062,38222300.0
2025-04-25,GLD,301.7799987792969,305.3699951171875,301.010009765625,304.7300109863281,10691600.0
2025-04-25,JPM,238.9065494767277,239.85377878556818,236.07463632488924,237.83238220214844,8588600.0
2025-04-25,META,544.1652897007194,547.2105429836915,533.6661359116496,544.633056640625,17098900.0
2025-04-25,MSFT,382.5096738423667,387.60980644654984,380.1375268589871,387.30340576171875,18973200.0
2025-04-25,NVDA,106.58121941198394,111.6384656226484,105.46404162040706,110.73075866699219,251064700.0
2025-04-25,SPY,537.7304480905381,542.0586181694788,534.8187241892716,541.6553344726562,61119600.0
2025-04-25,TLT,83.09405807720562,83.29034239466145,82.81364783448086,83.08470916748047,22513900.0
2025-04-25,XOM,103.17490186198036,103.76643804557389,102.48795849499471,103.58515930175781,11245800.0
2025-04-28,AAPL,208.71621839949725,210.2070485309222,206.19175271644127,208.85536193847656,38743100.0
2025-04-28,GLD,304.1499938964844,309.1099853515625,302.9700012207031,309.07000732421875,9375500.0
2025-04-28,JPM,238.81868556081264,241.04515888837096,235.18601541572858,237.51014709472656,7394300.0
2025-04-28,META,552.9626595605006,555.7989025202155,537.9851902333166,547.091064453125,15179000.0
2025-04-28,MSFT,387.41210451108003,388.18305301396595,382.1538550582223,386.62139892578125,16579400.0
2025-04-28,NVDA,109.41405834561021,110.09234799288485,105.75328507903306,108.45647430419922,207708500.0
2025-04-28,SPY,542.393043710064,544.5177728075638,536.1269871108482,541.86181640625,47613800.0
2025-04-28,TLT,82.86971645534615,83.68289314946888,82.82297904783526,83.60811614990234,20130500.0
2025-04-28,XOM,103.75689563700179,104.23393883533282,102.73602348373741,103.64240264892578,13890900.0
2025-04-29,AAPL,207.41425458581946,210.94255602883885,207.096203506044,209.91885375976562,36827600.0
2025-04-29,GLD,305.80999755859375,306.95001220703125,304.0,306.05999755859375,6852100.0
2025-04-29,JPM,236.50431250866183,239.49247309158469,236.01605058594708,238.87725830078125,7216800.0
2025-04-29,META,543.3690382317375,553.8881127992523,541.498092361692,551.7683715820312,11835000.0
2025-04-29,MSFT,386.75978890275064,390.5157161336794,385.8504804253008,389.468017578125,14974000.0
2025-04-29,NVDA,107.39914041879526,109.92277466025524,107.16972327513623,108.74574279785156,170444300.0
2025-04-29,SPY,539.9535089190233,546.3868353532918,539.5993973829874,545.2752685546875,47775100.0
2025-04-29,TLT,83.4866173807454,84.31849197508646,83.46792669451288,84.30914306640625,22129500.0
2025-04-29,XOM,102.79326757842871,103.83322554847031,102.58336740397435,103.38480377197266,9483100.0
2025-04-30,AAPL,208.0205233254963,212.2743578831654,205.4065960245207,211.20095825195312,52286500.0
2025-04-30,GLD,304.6099853515625,306.07000732421875,303.44000244140625,303.7699890136719,8331900.0
2025-04-30,JPM,235.5473233123009,239.4631785682675,232.83257331348125,238.87725830078125,12991700.0
2025-04-30,META,535.8057152188378,546.454108106064,526.9485760464694,546.3546142578125,29244000.0
2025-04-30,MSFT,385.77135703314644,392.05757796403765,379.979364791359,390.673828125,36461100.0
2025-04-30,NVDA,104.20719367744803,108.64599609375,103.81817538074749,108.64599609375,235044600.0
2025-04-30,SPY,538.6354556420874,547.4394329210733,532.6841838633078,545.49169921875,93101500.0
2025-04-30,TLT,83.91656776165229,84.16893835793178,83.49595960935623,83.62681579589844,42630600.0
2025-04-30,XOM,102.48795926603573,102.48795926603573,99.3680999431229,100.78014373779297,20379300.0
2025-05-01,AAPL,207.80187477964563,213.2483707428857,207.62296725165953,212.01596069335938,57365700.0
2025-05-01,GLD,297.4100036621094,297.94000244140625,295.32000732421875,297.4599914550781,14969100.0
2025-05-01,JPM,237.13905420831426,242.61735374261244,236.4847850001896,241.09397888183594,8689600.0
2025-05-01,META,589.2271342412649,590.0929373673761,567.7510984695718,569.452880859375,31159000.0
2025-05-01,MSFT,426.1078502028247,431.91962985286955,419.9699127886788,420.464111328125,58938100.0
2025-05-01,NVDA,112.79553450528941,114.6508560442669,111.02001354244473,111.32923126220703,236121500.0
2025-05-01,SPY,551.2265660956555,554.8662060499098,548.7575115851928,549.3575439453125,63186100.0
2025-05-01,TLT,83.73750800331781,83.75626745905093,82.83690382344655,83.20277404785156,29932800.0
2025-05-01,XOM,100.27448447242551,102.01092152083714,100.1599987570128,100.92326354980469,18610300.0
2025-05-02,AAPL,204.83013207172814,205.72463931330321,200.92416412992952,204.09466552734375,101010600.0
2025-05-02,GLD,300.1700134277344,300.8500061035156,297.0299987792969,297.9800109863281,8678400.0
2025-05-02,JPM,245.36136125795574,247.66595799036438,243.60363036252463,246.58201599121094,7165000.0
2025-05-02,META,580.6485318124143,601.4279232408973,575.5432466322495,594.1431884765625,24739300.0
2025-05-02,MSFT,426.7305579775838,434.3412277785372,425.0008630376841,430.2294921875,30757400.0
2025-05-02,NVDA,113.8927727544179,115.10970497913567,113.08481279973248,114.21196746826172,190194800.0
2025-05-02,SPY,555.5154232826195,559.1058911654948,553.2037916578166,557.5123291015625,60717300.0
2025-05-02,TLT,82.28342606968593,82.62115362545043,82.12394560095487,82.30219268798828,32090400.0
2025-05-02,XOM,102.7741992690237,103.99542882822168,99.74974680146273,101.33352661132812,16581900.0
2025-05-05,AAPL,201.85841873478097,202.85230555244996,196.99831280299983,197.6741485595703,69018500.0
2025-05-05,GLD,305.9200134277344,307.6499938964844,304.67999267578125,306.8800048828125,8924000.0
2025-05-05,JPM,245.28325170363556,249.16982732673011,244.7071062124704,246.630859375,5450700.0
2025-05-05,META,588.3711262803923,600.3034024537155,585.216418206306,596.3823852539062,13887700.0
2025-05-05,MSFT,427.84743296236513,434.40051033348516,427.0962415401901,431.1091613769531,20136100.0
2025-05-05,NVDA,112.62596928442517,114.38153638068397,112.3765981799359,113.53367614746094,133163200.0
2025-05-05,SPY,553.3907039776933,557.4041485271615,552.5349043366007,554.3153686523438,38659200.0
2025-05-05,TLT,81.94570897982531,82.00200168455414,81.45788420217715,81.84251403808594,22862800.0
2025-05-05,XOM,99.8451473632858,99.85469026583064,98.33768904168315,98.52850341796875,19624000.0
2025-05-06,AAPL,196.9982938696683,199.42336473268145,195.81556624383157,197.29644775390625,51216500.0
2025-05-06,GLD,313.1199951171875,315.6199951171875,311.3999938964844,315.4800109863281,11445300.0
2025-05-06,JPM,244.1309371228921,246.7187190961668,243.15441337440055,243.39854431152344,6369900.0
2025-05-06,META,589.6749204940905,593.1580557272168,583.7535784495642,584.4800415039062,10600700.0
2025-05-06,MSFT,427.1852727603517,432.65110795280134,426.1672248726853,428.2823791503906,15104200.0
2025-05-06,NVDA,111.19957883323038,114.4513729240336,110.54123539005728,113.25439453125,158525600.0
2025-05-06,SPY,548.8263293740373,554.157875203981,547.872185543118,549.68212890625,48264700.0
2025-05-06,TLT,81.42973928492606,82.11457061767578,81.2796349527588,82.11457061767578,21095200.0
2025-05-06,XOM,99.12003137282029,101.11407565064965,98.72885975029475,99.90238189697266,16303400.0
2025-05-07,AAPL,197.9524407308952,198.2207944248892,192.0686324392914,195.05029296875,68536700.0
2025-05-07,GLD,312.1000061035156,313.260009765625,310.0799865722656,310.75,7888300.0
2025-05-07,JPM,243.98448584012095,246.5234388677099,242.98842735746476,243.5352783203125,8724100.0
2025-05-07,META,587.5152719752582,600.1740108662416,583.8430502093112,593.9342041015625,13139100.0
2025-05-07,MSFT,428.80620435216304,433.0365428333408,426.1078693467033,428.3218994140625,23295300.0
2025-05-07,NVDA,112.76562607090563,117.38397657859393,111.99755874213628,116.76553344726562,206758800.0
2025-05-07,SPY,551.0101522781708,554.6202527049248,546.9671688153295,551.9938354492188,55588000.0
2025-05-07,TLT,82.48041411981333,82.75247276524071,82.386602521444,82.46165466308594,23161600.0
2025-05-07,XOM,100.16952652055463,100.45575534483078,99.29176880212314,99.80697631835938,12332200.0
2025-05-08,AAPL,196.51131984408346,198.82707814993435,193.48989516366862,196.28273010253906,50478900.0
2025-05-08,GLD,309.760009765625,310.4800109863281,303.04998779296875,304.6300048828125,11927600.0
2025-05-08,JPM,245.66411138304096,249.87292678022158,245.64457673393773,247.51950073242188,8320100.0
2025-05-08,META,603.3685499681508,608.3544188381045,593.745162186447,595.1284790039062,14622800.0
2025-05-08,MSFT,432.8487322038109,438.5221520354275,430.60508165893515,433.0859680175781,23491300.0
2025-05-08,NVDA,117.95252869863282,118.38144728921775,115.55856464909375,117.07474517822266,198428100.0
2025-05-08,SPY,556.0170826268422,561.0043636579312,552.5348657113146,555.8400268554688,65130800.0
2025-05-08,TLT,82.57423170550611,82.61175777904803,81.51414696807196,81.54228973388672,25483700.0
2025-05-08,XOM,100.50346484879086,102.45934501601036,100.50346484879086,101.199951171875,19196500.0
2025-05-09,AAPL,197.78348851905432,199.3140676367793,196.33240700583877,197.3163604736328,36453900.0
2025-05-09,GLD,307.7900085449219,308.57000732421875,306.010009765625,306.8399963378906,6913100.0
2025-05-09,JPM,248.52531868880288,249.51160240858812,246.41602360630893,247.13865661621094,5087600.0
2025-05-09,META,600.8109394870412,604.0452793268493,588.8588608245773,589.6350708007812,10427300.0
2025-05-09,MSFT,434.89474938101273,435.626153625383,430.82255791751214,433.6394958496094,15324200.0
2025-05-09,NVDA,117.05479580716789,117.9325869721132,114.92017974547274,116.35655975341797,132972200.0
2025-05-09,SPY,557.2368112120467,558.2401872369107,553.577538715433,555.1317749023438,37603400.0
2025-05-09,TLT,81.61733622744903,81.90815433054598,81.54228408556395,81.66424560546875,17007900.0
2025-05-09,XOM,102.22081792069234,102.80281121617001,101.49571020714443,102.38301086425781,10992100.0
2025-05-12,AAPL,209.95529571222096,210.25385583490154,205.75559149327006,209.77615356445312,63775800.0
2025-05-12,GLD,298.3299865722656,299.4700012207031,296.82000732421875,298.19000244140625,14375900.0
2025-05-12,JPM,256.7281061698435,257.4116847639064,252.62672400889193,253.94500732421875,9603900.0
2025-05-12,META,627.8798729663799,637.304273026421,618.0375744395401,636.348876953125,21965100.0
2025-05-12,MSFT,440.7658165502587,444.1560114514232,434.67728663767485,444.04730224609375,22821900.0
2025-05-12,NVDA,121.66317455201767,122.69058227539062,119.9774234659773,122.69058227539062,225023300.0
2025-05-12,SPY,571.9821994255728,573.4872634297448,567.6244903747194,573.4774169921875,78993600.0
2025-05-12,TLT,81.03570322596079,81.41095682600384,80.85746331289984,80.90436553955078,32115000.0
2025-05-12,XOM,105.20710816636254,105.3693083927101,103.34664252653981,104.14807891845703,14244600.0
2025-05-13,AAPL,209.4178625594749,212.3735786127325,207.99474788922345,211.9058380126953,51909300.0
2025-05-13,GLD,299.0199890136719,300.29998779296875,297.239990234375,299.4599914550781,10233600.0
2025-05-13,JPM,254.90201286940857,257.4800500721763,254.27705311794927,256.8355407714844,8589000.0
2025-05-13,META,642.4294524194285,657.7353489578065,639.7325493918635,652.8689575195312,18570800.0
2025-05-13,MSFT,442.5844751269483,445.4409573721911,440.19254074927665,443.9287109375,23618800.0
2025-05-13,NVDA,124.66559728217729,130.88989748886456,124.1568781333485,129.60313415527344,330430100.0
2025-05-13,SPY,573.890562385163,579.4680890959,573.3299158219985,577.2646484375,67947200.0
2025-05-13,TLT,80.801183879924,80.9512882075199,80.21016419409378,80.57603454589844,53912200.0
2025-05-13,XOM,104.30073176130546,105.43609698068799,104.01450291099157,104.4343032836914,13350800.0
2025-05-14,AAPL,211.40822571910564,212.9109724892217,209.56713314477625,211.3087158203125,49325800.0
2025-05-14,GLD,293.6700134277344,294.79998779296875,291.9599914550781,293.1600036621094,14800600.0
2025-05-14,JPM,256.8257411230891,260.3803018066779,256.1324176187488,259.4037780761719,8643100.0
2025-05-14,META,658.0239835535567,659.4769096738539,651.1572068855135,656.182861328125,12348200.0
2025-05-14,MSFT,442.940276452347,448.6334230518337,442.940276452347,447.6845703125,19902800.0
2025-05-14,NVDA,132.8649261154048,135.099296769805,131.34874548490453,134.99954223632812,281180800.0
2025-05-14,SPY,578.2188228927168,579.3697154326957,575.9858428026291,578.00244140625,66283500.0
2025-05-14,TLT,80.44466366236156,80.55724186163096,79.92868919575014,80.04126739501953,42119800.0
2025-05-14,XOM,103.8618483150062,103.8618483150062,102.97454765280234,103.49929809570312,15494900.0
2025-05-15,AAPL,209.93535780893234,211.93569971673273,208.53213606160298,210.43295288085938,45029500.0
2025-05-15,GLD,294.1000061035156,297.8999938964844,293.75,297.8399963378906,13497700.0
2025-05-15,JPM,260.7025759874391,263.19269990894253,258.5444666020599,261.2103576660156,9214600.0
2025-05-15,META,651.1274396850997,654.1428083166323,635.5030765781057,640.7775268554688,14341800.0
2025-05-15,MSFT,446.3577257423833,451.72468655623493,446.02105738415105,448.69464111328125,21992300.0
2025-05-15,NVDA,133.9521641466833,135.9571173935552,132.32627503661865,134.49081420898438,226632600.0
2025-05-15,SPY,576.0054901792878,581.3271894858746,575.5529743261593,580.8255615234375,71268100.0
2025-05-15,TLT,80.33210861341894,80.9794209203729,80.19139477048756,80.74488830566406,59448000.0
2025-05-15,XOM,102.53642575423892,104.6162366244776,102.03573462592806,104.54883575439453,15004300.0
2025-05-16,AAPL,211.33859654598928,211.54759317457453,208.76105751069144,210.24388122558594,54737900.0
2025-05-16,GLD,292.6199951171875,294.5799865722656,291.7799987792969,294.239990234375,14173000.0
2025-05-16,JPM,261.2201279945288,262.1575825394603,258.495618128322,261.2787170410156,8932900.0
2025-05-16,META,634.8859798905997,637.3540104501689,623.1328893923761,637.2545166015625,18519000.0
2025-05-16,MSFT,447.6251542704443,449.91254071320964,444.3376746324017,449.82342529296875,23849800.0
2025-05-16,NVDA,135.87731640314823,136.00699423634137,133.12426513669956,135.0593719482422,226542500.0
2025-05-16,SPY,581.6027001482121,584.7996705930015,579.664873035907,584.5045776367188,76052100.0
2025-05-16,TLT,81.49539692616202,81.51415638641714,80.86684406841869,80.96066284179688,31778200.0
2025-05-16,XOM,104.61623035246984,104.8473179865941,103.4607774895616,104.17330932617188,14042500.0
2025-05-19,AAPL,206.90999202317107,208.47243269467637,203.2775387890809,207.7758026123047,46140500.0
2025-05-19,GLD,297.8500061035156,298.5799865722656,296.4800109863281,298.0299987792969,11656300.0
2025-05-19,JPM,259.3159365208725,262.02092707612434,255.78092440576629,258.66168212890625,12145000.0
2025-05-19,META,625.2228121555676,639.9017400971427,624.7749683074427,637.3441162109375,9592400.0
2025-05-19,MSFT,446.46663650360125,455.0913715701619,446.3874026485213,454.37841796875,21336500.0
2025-05-19,NVDA,132.05695004104146,135.52819125301625,132.05695004104146,135.2289581298828,193154600.0
2025-05-19,SPY,578.5040593733968,585.8226647003453,578.5040593733968,585.1439208984375,68168500.0
2025-05-19,TLT,79.65664443356859,80.79178119814033,79.58159229441526,80.72611236572266,49361900.0
2025-05-19,XOM,103.5763334686216,103.5763334686216,101.79501842338946,102.51717376708984,16802700.0
2025-05-20,AAPL,206.67113760639387,207.46729276724128,204.04383620537516,205.8650360107422,42496600.0
2025-05-20,GLD,298.3500061035156,303.67999267578125,298.29998779296875,303.5799865722656,12851000.0
2025-05-20,JPM,256.3570217379832,260.3998446453458,256.14218530617444,259.4428405761719,8436300.0
2025-05-20,META,632.9454374753022,636.2693098905639,629.2135066030082,634.0301513671875,6743500.0
2025-05-20,MSFT,451.13050930908776,453.8535912700005,449.87295142774695,453.6852722167969,15441800.0
2025-05-20,NVDA,133.95219175288827,134.24147079199417,132.28639440284374,134.04197692871094,161514200.0
2025-05-20,SPY,583.4127091135157,584.3570065824167,579.9796042324612,583.1765747070312,60614500.0
2025-05-20,TLT,80.14448547363281,80.30396593404382,79.79737462682586,80.14448547363281,35493100.0
2025-05-20,XOM,102.44013703873874,102.75788713734026,100.88990972317289,101.05359649658203,12429300.0
2025-05-21,AAPL,204.1831685508297,206.04416933851562,199.74462882701684,201.11798095703125,59211800.0
2025-05-21,GLD,304.54998779296875,306.4599914550781,303.6700134277344,305.82000732421875,12414500.0
2025-05-21,JPM,258.1440649815309,259.413533964149,254.60905369653722,254.91177368164062,7464000.0
2025-05-21,META,628.7456601662759,643.4942563973034,627.1334710926182,632.4378051757812,11464600.0
2025-05-21,MSFT,450.12052955644793,453.2991005803846,447.38753565613104,448.1401062011719,19216900.0
2025-05-21,NVDA,132.72526966841644,137.0543482410567,130.26148202288624,131.46844482421875,270608700.0
2025-05-21,SPY,578.8384555269332,582.9109177576073,572.3264785482603,573.3494873046875,95197700.0
2025-05-21,TLT,79.44089790358315,79.79738494779227,78.57781948663373,78.77482604980469,77053100.0
2025-05-21,XOM,100.64918835125309,101.07285513703019,99.79223133176284,99.81149291992188,16716100.0
2025-05-22,AAPL,199.74461200022,201.77479312617928,198.73946027881726,200.3914794921875,46742400.0
2025-05-22,GLD,305.0899963378906,305.2799987792969,302.1000061035156,303.1099853515625,9704200.0
2025-05-22,JPM,253.34932586607096,256.1421695061678,252.79270017238227,254.5504608154297,6514100.0
2025-05-22,META,630.9947479726117,640.150428905794,627.6708761460998,633.5026245117188,8228400.0
2025-05-22,MSFT,450.4967994491365,455.74490907390424,449.4570590917957,450.40765380859375,18025600.0
2025-05-22,NVDA,131.89733771424724,133.91226015482565,131.21905573210503,132.49583435058594,187344000.0
2025-05-22,SPY,573.1527690961759,577.0481757894836,571.9231652201731,573.5758056640625,70860400.0
2025-05-22,TLT,78.35264135190073,79.20634338054049,78.14625869322818,79.18758392333984,61747900.0
2025-05-22,XOM,99.23377273169237,99.62855452083215,98.1072121345256,99.1471176147461,13417400.0
2025-05-23,AAPL,192.7384848883374,196.74910019358438,192.5295034494263,194.33079528808594,78432900.0
2025-05-23,GLD,308.8599853515625,310.25,307.4700012207031,309.75,13339500.0
2025-05-23,JPM,250.78105621865066,255.83944197772107,249.99007438301427,254.58949279785156,6671800.0
2025-05-23,META,620.9932602026271,629.4025560827494,619.6497894649584,624.0385131835938,8454100.0
2025-05-23,MSFT,445.57541331723985,449.24908978205974,444.5158796844098,445.7734375,16883500.0
2025-05-23,NVDA,129.67298375994758,132.3462348885888,128.83510044085753,130.95973205566406,198821300.0
2025-05-23,SPY,566.5818333658885,572.3167232636762,566.2080289447406,569.6607666015625,76029000.0
2025-05-23,TLT,79.52530661499374,79.57221599543725,79.0937675129063,79.31892395019531,47139200.0
2025-05-23,XOM,98.79084376076683,99.62854655498961,98.28052185650168,99.20487976074219,12061600.0
2025-05-27,AAPL,197.34620772495165,199.77447409530296,196.48038197740732,199.2470245361328,56288500.0
2025-05-27,GLD,303.80999755859375,304.8800048828125,302.739990234375,304.5,9578500.0
2025-05-27,JPM,255.8883394576745,259.0717872108682,255.8394953803926,259.0620422363281,7506600.0
2025-05-27,META,632.3481771649191,639.981262122007,629.7010214066802,639.2249145507812,9508400.0
2025-05-27,MSFT,452.0118204825961,456.4380677238799,451.65532857824905,456.18060302734375,20974300.0
2025-05-27,NVDA,133.81253901253905,135.31875034213425,132.97465568903243,135.15914916992188,192953600.0
2025-05-27,SPY,576.507266661779,581.6617574386509,568.9919119990551,581.50439453125,72588500.0
2025-05-27,TLT,80.06943205863935,80.70736104760863,79.88180883256432,80.4259262084961,56773400.0
2025-05-27,XOM,99.64781173749995,100.0040777032438,99.07971969752009,99.67669677734375,13043600.0
2025-05-28,AAPL,199.6252046868552,201.75491117265972,198.93852099816252,199.45602416992188,45339700.0
2025-05-28,GLD,304.6400146484375,304.989990234375,303.05999755859375,303.80999755859375,8803300.0
2025-05-28,JPM,259.989670011101,260.45841213292607,256.728084308059,257.3042297363281,5535400.0
2025-05-28,META,639.5035627304547,647.7436941279635,639.4538158071571,640.4788818359375,9042900.0
2025-05-28,MSFT,456.7054113344306,457.9926743719098,452.45739496057166,452.8831787109375,17086300.0
2025-05-28,NVDA,135.68778777349254,136.9047198340945,134.4509017652276,134.47085571289062,304021100.0
2025-05-28,SPY,581.9076603733905,583.0979387188073,577.4122207207761,578.14013671875,68445500.0
2025-05-28,TLT,80.12572866239387,80.24768304955712,79.71294895604491,80.07881927490234,34806800.0
2025-05-28,XOM,100.41811123496409,100.55291298162369,98.01092669297955,98.31904602050781,14292400.0
2025-05-29,AAPL,202.60081106845576,202.8297005493605,197.55518975609246,198.98826599121094,51396800.0
2025-05-29,GLD,305.739990234375,306.8900146484375,304.4599914550781,305.6099853515625,9487900.0
2025-05-29,JPM,258.5834722711684,259.1791672441841,256.3667741282984,258.16357421875,5081200.0
2025-05-29,META,648.5100063761854,650.1719423650428,636.4185276452218,641.9417724609375,8858800.0
2025-05-29,MSFT,457.0321797296883,457.2005290082406,450.8532686393741,454.1902770996094,13974800.0
2025-05-29,NVDA,141.8921589021039,143.12904506361895,137.56308016740775,138.83985900878906,369241900.0
2025-05-29,SPY,583.3831371525944,583.5208672055215,576.5072014152614,580.4222412109375,69973300.0
2025-05-29,TLT,80.46344451253722,80.92313358043032,80.34149013225773,80.81993865966797,38933200.0
2025-05-29,XOM,98.4827206989057,99.03155841315875,97.97239881412659,98.87750244140625,13825300.0
2025-05-30,AAPL,198.4110493394953,200.98860329086406,195.83351057352263,199.88394165039062,70819900.0
2025-05-30,GLD,303.6400146484375,304.0199890136719,301.5,303.6000061035156,9553300.0
2025-05-30,JPM,257.265230909512,259.10107079095377,256.56213251620557,257.80230712890625,10977700.0
2025-05-30,META,639.4041102133804,646.280787614279,629.7309752425916,644.3700561523438,16241000.0
2025-05-30,MSFT,455.22010105843367,457.16090743162863,451.081023612945,455.85382080078125,34770500.0
2025-05-30,NVDA,138.37103486307464,139.26876471984463,132.58562239610197,134.79006958007812,333170900.0
2025-05-30,SPY,579.3204944032111,581.4846092815853,573.7233350319688,579.7730102539062,90601200.0
2025-05-30,TLT,80.76364745440054,81.12014160809946,80.56664091768832,80.94189453125,49042100.0
2025-05-30,XOM,98.36718191063541,98.58863875047982,97.43319323492992,98.50198364257812,28645800.0
2025-06-02,AAPL,199.31667499872813,201.15778278546435,199.15744093584797,200.72984313964844,35423300.0
2025-06-02,GLD,309.2099914550781,311.7200012207031,308.7200012207031,311.6700134277344,13593200.0
2025-06-02,JPM,256.84529442949264,258.8081169206428,255.75159247660167,258.4468078613281,6011200.0
2025-06-02,META,641.2850258933295,670.0159111420195,641.1556474381308,667.6672973632812,15766300.0
2025-06-02,MSFT,452.66535029783114,457.58667299374565,452.41779739511384,457.44805908203125,16626500.0
2025-06-02,NVDA,135.14916370580715,137.7725372671851,135.05937854437917,137.03440856933594,197663100.0
2025-06-02,SPY,578.1696356443219,583.1175308206884,575.51367904973,583.0388793945312,61630500.0
2025-06-02,TLT,80.31101464784851,80.48050705012797,79.84020321751807,80.18860626220703,46213100.0
2025-06-02,XOM,99.89815267598877,99.99443858283324,98.42495699745116,99.2241439819336,17290500.0
2025-06-03,AAPL,200.38153417950807,202.78989241693247,199.99341064507593,202.29229736328125,46381600.0
2025-06-03,GLD,309.55999755859375,309.55999755859375,307.1499938964844,308.9100036621094,9315100.0
2025-06-03,JPM,257.53863293425644,260.32170192801004,256.70858174263634,260.01898193359375,6998400.0
2025-06-03,META,668.2146512733183,672.3247558564644,661.825602850503,663.6367797851562,11585000.0
2025-06-03,MSFT,456.9529759669727,459.5968543955761,456.3489311405408,458.43829345703125,15743800.0
2025-06-03,NVDA,138.43088175862894,141.64278269656361,137.60296789247522,140.86474609375,225578800.0
2025-06-03,SPY,582.6749573775863,587.3376063335356,582.1929021565289,586.36376953125,63606200.0
2025-06-03,TLT,80.45223840427182,80.73472087794349,79.93434309319149,80.0473403930664,33731300.0
2025-06-03,XOM,99.07971642388539,100.77437638479212,98.41533114485188,99.94630432128906,19194300.0
2025-06-04,AAPL,201.93404589483336,205.24803106286797,201.12794426741362,201.844482421875,43604000.0
2025-06-04,GLD,309.4100036621094,311.8800048828125,308.739990234375,310.8999938964844,7462500.0
2025-06-04,JPM,259.67722274650265,260.8490334291481,257.9780510648975,258.0171203613281,5915700.0
2025-06-04,META,666.0948954485151,685.6800602730475,665.3485093161423,684.6351318359375,14031900.0
2025-06-04,MSFT,459.4582001214203,461.1316602074749,458.48778183720145,459.3294677734375,14162700.0
2025-06-04,NVDA,141.83229805086768,142.03179187100486,139.1889554677409,141.56297302246094,167120800.0
2025-06-04,SPY,587.2195824432733,588.1934192676081,585.7735368258813,586.2063598632812,57314200.0
2025-06-04,TLT,80.78181430179112,81.59161041862824,80.64998769523729,81.34678649902344,57441500.0
2025-06-04,XOM,100.06183435395616,101.02470806562889,98.50198364257812,98.50198364257812,15648500.0
2025-06-05,AAPL,202.5212149488215,203.76520275563243,199.18732155240895,199.66502380371094,55126100.0
2025-06-05,GLD,311.239990234375,312.20001220703125,307.6499938964844,309.3299865722656,10817800.0
2025-06-05,JPM,258.5249103385397,258.5249103385397,254.1989169051607,255.80043029785156,8173800.0
2025-06-05,META,688.3272230223918,691.034148340669,678.9625916503563,681.3211669921875,13083100.0
2025-06-05,MSFT,460.40879598021155,465.05289099241804,459.487906406924,463.1021728515625,20131700.0
2025-06-05,NVDA,141.8123566062966,143.63775490128222,138.48076233301106,139.63784790039062,231397900.0
2025-06-05,SPY,587.8785767379185,589.2262178754949,581.405924678812,583.373291015625,92278700.0
2025-06-05,TLT,81.61985855447381,81.8552642370624,81.18671296059217,81.40328216552734,37664700.0
2025-06-05,XOM,99.15674478935911,99.22414565990444,97.95315256808973,98.0494384765625,13924800.0
2025-06-06,AAPL,202.0236053289331,204.7106157617459,201.07817770068002,202.93917846679688,46607700.0
2025-06-06,GLD,309.0899963378906,309.20001220703125,305.1000061035156,305.17999267578125,7787500.0
2025-06-06,JPM,258.1245116003273,260.3900538690605,258.0561775861971,259.4916687011719,7738100.0
2025-06-06,META,692.8154042615656,699.4234232021835,688.5361364760571,694.3480224609375,11728000.0
2025-06-06,MSFT,465.4885869985769,468.7067748339504,464.19141216551986,465.7757568359375,15285600.0
2025-06-06,NVDA,142.1515008770834,142.9095987862069,141.15401644541944,141.36349487304688,153986200.0
2025-06-06,SPY,588.8918048716712,591.0264408134955,587.1211869788787,589.364013671875,66588700.0
2025-06-06,TLT,80.78181661421141,80.91364322453884,80.30158700001206,80.36750030517578,38130100.0
2025-06-06,XOM,98.94490779654164,100.62030605089956,98.86787613409805,100.39884185791016,15487800.0
2025-06-09,AAPL,203.40692547634254,205.0091823144686,199.05794913802782,200.48106384277344,72862600.0
2025-06-09,GLD,305.3900146484375,307.6099853515625,305.05999755859375,306.6199951171875,7159000.0
2025-06-09,JPM,259.75534818459647,261.61073756854347,257.1675659016327,260.47796630859375,8285000.0
2025-06-09,META,695.0945213210746,701.7920736580201,690.5962813164961,690.7156982421875,12773200.0
2025-06-09,MSFT,465.10242514198006,468.7958952647425,464.0329796350046,468.12255859375,16469900.0
2025-06-09,NVDA,142.8297985646697,144.63524295526028,141.58294302195193,142.27120971679688,185114500.0
2025-06-09,SPY,589.9344673159251,591.4395314497265,588.7245561772476,589.8951416015625,53016400.0
2025-06-09,TLT,80.07558950057013,80.64056164306122,80.07558950057013,80.45223999023438,26560800.0
2025-06-09,XOM,100.45660692748456,101.92017160326094,99.9751701156164,101.07284545898438,17087300.0
2025-06-10,AAPL,199.63515466910712,203.36711781582227,199.60530017876516,201.6951904296875,54672600.0
2025-06-10,GLD,308.30999755859375,308.6000061035156,305.8699951171875,306.7099914550781,7071700.0
2025-06-10,JPM,259.63819567346815,262.5872873090316,259.60890114666654,262.2943420410156,7538100.0
2025-06-10,META,697.9705137722557,699.8414598328936,688.2277088511383,699.0155029296875,10850100.0
2025-06-10,MSFT,466.5778015728124,468.1720277278758,462.38919566775553,466.3104553222656,15375900.0
2025-06-10,NVDA,142.3310452201821,143.92701105784593,141.17395971410352,143.5978546142578,155881900.0
2025-06-10,SPY,590.4262447121249,593.623214804717,589.3147380391201,593.2396240234375,66247000.0
2025-06-10,TLT,81.07372005102204,81.14905159770547,80.52757711358468,80.86656188964844,24857000.0
2025-06-10,XOM,102.14165097032053,103.65336249072229,101.99721843603626,103.23932647705078,17634800.0
2025-06-11,AAPL,202.5211970741936,203.51638723180633,197.45568281643992,197.8238983154297,60989900.0
2025-06-11,GLD,307.5,308.6199951171875,305.8500061035156,308.3699951171875,9248800.0
2025-06-11,JPM,262.3723842570994,263.2903189321121,259.55024622096454,261.8548278808594,7434100.0
2025-06-11,META,700.3191821519877,705.454291870014,688.6556236044764,690.7952880859375,9582500.0
2025-06-11,MSFT,465.4192790589967,470.81594475736864,465.0628173622344,467.99383544921875,16399200.0
2025-06-11,NVDA,144.25623511410478,144.6353103750697,141.52293261104455,142.4805908203125,167694000.0
2025-06-11,SPY,594.3315085062023,595.1873080200999,589.4918043518763,591.5476684570312,73658200.0
2025-06-11,TLT,80.80065190531646,81.35621310494021,80.70649106009554,81.11138916015625,36334800.0
2025-06-11,XOM,103.75927438115305,105.32875590402932,102.50753560359485,105.25172424316406,22648200.0
2025-06-12,AAPL,198.12244911144163,198.71955406677787,196.410720905765,198.2418670654297,43904600.0
2025-06-12,GLD,311.739990234375,313.1000061035156,311.1499938964844,312.20001220703125,11531400.0
2025-06-12,JPM,260.5951716975012,261.9916236200851,258.9155790822762,261.9427795410156,6618000.0
2025-06-12,META,689.959273477418,692.0292678599332,683.6896426147513,690.0189819335938,7322700.0
2025-06-12,MSFT,470.37032681118086,475.7174938929388,468.88500933710617,474.1826477050781,18950600.0
2025-06-12,NVDA,141.62267765562083,144.645263671875,141.50297610137997,144.645263671875,162365000.0
2025-06-12,SPY,590.2197163908625,593.898681640625,589.7377212700143,593.898681640625,64129000.0
2025-06-12,TLT,81.81760743718498,82.10950821671854,81.54453595335819,82.08126068115234,43017800.0
2025-06-12,XOM,104.87620285765611,106.09905658468342,104.20219419829387,105.65613555908203,17469400.0
2025-06-13,AAPL,198.7693188209708,199.4062398916536,194.758703844025,195.50509643554688,51447300.0
2025-06-13,GLD,317.260009765625,317.6000061035156,315.0400085449219,316.2900085449219,16592900.0
2025-06-13,JPM,258.85693405632503,260.75139274608847,256.5425772552077,258.7300109863281,7098300.0
2025-06-13,META,684.6351288995007,691.2232256070356,677.728566821259,679.57958984375,9274400.0
2025-06-13,MSFT,471.7467626653197,474.48963821321644,468.1324959807857,470.3109436035156,16814500.0
2025-06-13,NVDA,142.13144281545507,143.22875794239724,140.50544068193668,141.62269592285156,180820600.0
2025-06-13,SPY,588.7343748466453,592.0296894370186,585.7636324727854,587.2588500976562,89506000.0
2025-06-13,TLT,81.66693369114435,81.8081713381424,80.77238788409707,81.290283203125,49374000.0
2025-06-13,XOM,108.17886193405955,108.35217949904542,106.57086457044517,107.95740509033203,28540200.0
2025-06-16,AAPL,196.35101387226533,197.73432753277095,195.61456771612566,197.4656219482422,43020700.0
2025-06-16,GLD,314.79998779296875,314.8699951171875,311.6499938964844,311.7799987792969,12848400.0
2025-06-16,JPM,260.73183404829985,265.3508019866292,260.58536145007355,264.012939453125,8566000.0
2025-06-16,META,696.4958041665155,704.2841189203066,690.6993839035827,699.2744750976562,13720300.0
2025-06-16,MSFT,470.5584575569121,475.98482813726486,470.3505215770748,474.45001220703125,15626100.0
2025-06-16,NVDA,142.9993260342438,145.82238955213242,142.84968384945327,144.33604431152344,183133700.0
2025-06-16,SPY,590.6033640975234,594.5872686908244,590.42624830293,592.8461303710938,79984100.0
2025-06-16,TLT,81.05487795450955,81.38444443918306,80.4710693359375,80.4710693359375,36496600.0
2025-06-16,XOM,107.66853882162069,108.95879342336029,107.00415360562788,108.30403900146484,22986100.0
2025-06-17,AAPL,196.2514839890114,197.43576263348734,194.27106541566712,194.69898986816406,38856200.0
2025-06-17,GLD,312.6600036621094,313.0,310.1199951171875,311.94000244140625,8234100.0
2025-06-17,JPM,261.87440467845437,264.2375756229939,261.51306583381086,263.19268798828125,6739300.0
2025-06-17,META,699.1549233609281,703.108804504359,693.238994654824,694.4042358398438,10066100.0
2025-06-17,MSFT,470.74663593423935,474.0539393845567,469.4395492382731,473.3608093261719,15414100.0
2025-06-17,NVDA,144.13653073401778,144.8647406282524,143.42826095310537,143.76742553710938,139108000.0
2025-06-17,SPY,590.4164759991057,591.9313264126861,587.0227571759267,587.7802124023438,82209400.0
2025-06-17,TLT,80.97955181143877,81.60102623878208,80.74414613756831,81.45036315917969,34521600.0
2025-06-17,XOM,109.71946201611948,110.6630815332449,108.9106515838495,109.76760864257812,19451700.0
2025-06-18,AAPL,194.9975546383106,196.6197193940347,194.13174409281177,195.6344757080078,45394700.0
2025-06-18,GLD,312.8900146484375,312.9800109863281,309.8599853515625,310.260009765625,9370800.0
2025-06-18,JPM,263.66138654029504,271.20015034008526,263.3879611092617,267.5284118652344,9586400.0
2025-06-18,META,695.3504625385165,698.7466767941418,692.0837870797185,692.9502563476562,10068300.0
2025-06-18,MSFT,473.3211507460615,476.29178558337986,469.81579317674493,475.5392150878906,17526500.0
2025-06-18,NVDA,143.65770976302605,145.29369730081095,142.76988753620614,145.12411499023438,161494100.0
2025-06-18,SPY,588.675394655937,591.4100028153547,586.7375074721152,587.6917114257812,76605000.0
2025-06-18,TLT,81.80819828104977,82.00593823598172,81.30913927326732,81.59162902832031,38589000.0
2025-06-18,XOM,110.35496516988461,110.9615730102809,108.74696771079476,108.98768615722656,17968900.0
2025-06-20,AAPL,197.28649906078425,200.72984844555882,195.9131318065836,200.03321838378906,96813500.0
2025-06-20,GLD,309.3299865722656,310.8900146484375,309.25,310.1300048828125,8794700.0
2025-06-20,JPM,269.1006625666469,270.79002961674195,267.3819711943445,268.5440368652344,13969700.0
2025-06-20,META,697.9100487923474,698.975719664775,675.919516070965,679.5845947265625,22538600.0
2025-06-20,MSFT,477.5097592999014,478.7277002496467,472.2022093150259,472.7270202636719,37576200.0
2025-06-20,NVDA,145.09416929186932,145.84233449814036,142.30101614416546,143.4980926513672,242956200.0
2025-06-20,SPY,590.3564623402502,591.421997724495,584.9104595060545,586.3114624023438,94051400.0
2025-06-20,TLT,81.11138196528269,81.723438180945,80.93247134642459,81.44094848632812,26001900.0
2025-06-20,XOM,109.23802764537137,110.76900077896947,108.9780549564968,110.44161987304688,36273300.0
2025-06-23,AAPL,200.6602023375907,201.3269779408771,198.00304635957568,200.53082275390625,55814300.0
2025-06-23,GLD,310.3399963378906,312.6700134277344,310.30999755859375,311.0799865722656,12687900.0
2025-06-23,JPM,268.60267120020006,272.0107301972778,265.72191367124316,271.7373046875,8094600.0
2025-06-23,META,680.9190925233933,696.2168257788314,675.9991112929321,695.698974609375,11080100.0
2025-06-23,MSFT,473.52910172023695,482.97572926336846,467.8849134818946,481.24285888671875,24864000.0
2025-06-23,NVDA,142.1513937655616,144.42581484809375,141.68254233682853,143.8173065185547,154308900.0
2025-06-23,SPY,587.0612559769497,592.4875080391681,583.9535295622766,592.102783203125,87426000.0
2025-06-23,TLT,81.85526055154307,82.3354901339247,81.70459747314453,81.70459747314453,36851800.0
2025-06-23,XOM,112.36735173929239,112.60807015119846,107.03303819605986,107.59149932861328,26631100.0
2025-06-24,AAPL,201.61555699715424,202.4614746491071,199.23705328583006,199.33657836914062,54064000.0
2025-06-24,GLD,305.07000732421875,306.3399963378906,303.5400085449219,306.19000244140625,12035200.0
2025-06-24,JPM,273.6317365805569,276.0730461780452,272.94818777394573,274.6571044921875,9267900.0
2025-06-24,META,702.0332271284436,710.2995766217482,699.2644647708578,709.3135986328125,13823200.0
2025-06-24,MSFT,484.1640031375646,487.0356109071577,482.0350238939456,485.3126220703125,22305600.0
2025-06-24,NVDA,145.20390562225958,147.59804349475166,145.1440548392029,147.53817749023438,187566100.0
2025-06-24,SPY,596.2266992885851,599.699459496435,595.3189919942236,598.6438598632812,67735300.0
2025-06-24,TLT,81.42211924129361,82.47673210927023,81.3844534697214,82.2978286743164,32959100.0
2025-06-24,XOM,105.19396005659019,106.82121908923851,103.9037127225486,104.31774139404297,24828300.0
2025-06-25,AAPL,200.48105886821313,202.690382284235,199.65504919597097,200.5905303955078,39525700.0
2025-06-25,GLD,305.30999755859375,307.3599853515625,305.1199951171875,307.1199951171875,6733200.0
2025-06-25,JPM,274.8914587952529,277.60619385702887,274.3153133103271,277.391357421875,6826900.0
2025-06-25,META,710.4290095357688,713.6758068849103,702.5211869424851,705.8078002929688,9320400.0
2025-06-25,MSFT,487.2237477118272,489.71907018583636,484.59969288856837,487.45147705078125,17495100.0
2025-06-25,NVDA,148.90483162044157,154.0721520137232,148.8948463426075,153.9324951171875,269146500.0
2025-06-25,SPY,599.7587556505753,600.4493816787314,597.4205388336513,598.9793701171875,62114800.0
2025-06-25,TLT,82.02475481380367,82.40140533447266,81.7328540726905,82.40140533447266,26345300.0
2025-06-25,XOM,104.09627706097525,105.18432170537307,103.70149531492034,104.34662628173828,17483200.0
2025-06-26,AAPL,200.4611428555203,201.66532960796235,198.50063224789568,200.03321838378906,50799100.0
2025-06-26,GLD,305.7699890136719,307.2799987792969,304.8599853515625,306.7799987792969,6787500.0
2025-06-26,JPM,278.0163428990485,282.61576173740934,277.79173169250225,281.97125244140625,8942100.0
2025-06-26,META,711.4647766700988,725.2685892925924,708.1681941037551,723.1472778320312,13964800.0
2025-06-26,MSFT,488.15453290095326,493.1650012559548,487.9861836300842,492.5807800292969,21578900.0
2025-06-26,NVDA,155.59842060814296,156.33661581991106,153.6232685600938,154.64077758789062,198145700.0
2025-06-26,SPY,600.8242007377552,604.0996909412141,600.2125189749694,603.6655883789062,78548400.0
2025-06-26,TLT,82.47672723499267,82.81571197509766,82.10949496388076,82.81571197509766,30467500.0
2025-06-26,XOM,104.89547343554061,106.33978412607817,104.51995324369237,105.90648651123047,18304800.0
2025-06-27,AAPL,200.91892502298623,202.2425296541318,199.03801637565215,200.11282348632812,73188600.0
2025-06-27,GLD,300.0299987792969,302.3599853515625,299.8900146484375,301.2200012207031,13301300.0
2025-06-27,JPM,279.10025150036057,281.92241945147737,278.34833893885445,280.3697204589844,17868600.0
2025-06-27,META,723.5756288277632,732.4494922418124,722.9182695895095,730.6567993164062,18775700.0
2025-06-27,MSFT,492.67982816744995,494.4126986738237,488.204082081207,491.0856018066406,34539200.0
2025-06-27,NVDA,155.65825141530053,158.32173282582838,154.88016085316636,157.36407470703125,263234500.0
2025-06-27,SPY,604.6620460106875,608.1249909093486,602.6395460052738,606.664794921875,86258400.0
2025-06-27,TLT,82.45791403398832,83.01347526024908,82.14717676424988,82.28842163085938,74993500.0
2025-06-27,XOM,105.85835191696557,106.01240791078341,104.34664028777212,105.31913757324219,22002100.0
2025-06-30,AAPL,201.03834688076608,206.39247448465787,198.30157410241034,204.1831512451172,91912800.0
2025-06-30,GLD,302.3900146484375,304.9200134277344,301.95001220703125,304.8299865722656,8192100.0
2025-06-30,JPM,283.5825215764878,285.77970025058426,282.13728534359143,283.1040344238281,12689200.0
2025-06-30,META,741.5324738401788,744.8689334249254,731.2742298621163,735.0986938476562,15402100.0
2025-06-30,MSFT,492.17479474651304,495.8583832017286,490.4815111095117,492.5411682128906,28369000.0
2025-06-30,NVDA,158.01250107649778,158.2718747820143,155.57848281781088,157.603515625,194580300.0
2025-06-30,SPY,609.1016996773074,610.9169938229498,606.7930496988761,609.5653686523438,92502500.0
2025-06-30,TLT,82.73097327800082,83.2771161832232,82.49556759650959,83.09820556640625,53695200.0
2025-06-30,XOM,104.6066163081471,104.79918814306156,103.72077411370918,103.79780578613281,19199000.0
2025-07-01,AAPL,205.6759415551798,209.17901505124104,205.1484920031366,206.82041931152344,78788900.0
2025-07-01,GLD,308.55999755859375,309.0,307.3599853515625,307.54998779296875,9335600.0
2025-07-01,JPM,284.0610273166312,284.2953834962509,279.86195702454677,283.59228515625,9338300.0
2025-07-01,META,733.8936388421646,734.7601081154477,712.4708030563903,716.30517578125,13431200.0
2025-07-01,MSFT,491.61036068604886,493.1748817381986,486.1741086010328,487.2336120605469,19945400.0
2025-07-01,NVDA,155.9076636637482,156.81544119896878,151.1194180014287,152.92498779296875,213143600.0
2025-07-01,SPY,608.0954226976304,610.532334615444,607.2667196950123,609.3681640625,70030100.0
2025-07-01,TLT,83.29477636373717,83.46490101632179,82.85056880330949,83.30422973632812,38960600.0
2025-07-01,XOM,104.11553572393119,105.56947714029376,103.17192356475611,105.184326171875,15536900.0
2025-07-02,AAPL,207.90519262679368,212.31387801499196,207.13889190503232,211.418212890625,67941800.0
2025-07-02,GLD,308.0400085449219,309.3999938964844,306.9599914550781,309.25,8316400.0
2025-07-02,JPM,285.18402779363225,285.9457151893501,282.89896560647867,285.14495849609375,8158700.0
2025-07-02,META,712.4309163210858,717.3807446486052,709.911140766825,710.6780395507812,9336700.0
2025-07-02,MSFT,485.1937811955959,488.66943364597034,483.9164299655294,486.28302001953125,16319600.0
2025-07-02,NVDA,152.6057523429847,157.21446053326332,152.59578228626097,156.8653106689453,171224100.0
2025-07-02,SPY,608.9635746030316,612.1699961712587,608.3420172970813,612.1305541992188,66510400.0
2025-07-02,TLT,82.40636873042371,82.78441717176608,82.32130278355342,82.77497100830078,39382200.0
2025-07-02,XOM,105.91611884569635,107.22562781184375,104.78955825377581,106.92713928222656,11892200.0
2025-07-03,AAPL,211.12959751601144,213.61757304735917,210.79123648824356,212.5228729248047,34955800.0
2025-07-03,GLD,307.04998779296875,307.57000732421875,306.1499938964844,307.1400146484375,5275800.0
2025-07-03,JPM,286.66583810355576,290.83605832396694,285.74348111805267,290.4435729980469,6541600.0
2025-07-03,META,723.6651210497029,726.0753568432323,711.524523245933,716.095947265625,8601700.0
2025-07-03,MSFT,488.9763901568408,495.2345347518064,488.6100166980764,493.9571533203125,13984800.0
2025-07-03,NVDA,157.98258221790178,160.5861981093371,157.38405910191088,158.95021057128906,143716100.0
2025-07-03,SPY,614.1037538406599,617.8824153010514,614.0840027457131,616.9550170898438,51065800.0
2025-07-03,TLT,82.38748007272449,82.5008989565191,82.08503692675227,82.19845581054688,26729100.0
2025-07-03,XOM,106.74418416289659,108.29441148300808,106.5130965205741,108.03443145751953,11223600.0
2025-07-07,AAPL,211.65703516300363,215.18996325511674,207.79570768244494,208.94017028808594,50229000.0
2025-07-07,GLD,305.07000732421875,307.7099914550781,304.5299987792969,307.3699951171875,7351600.0
2025-07-07,JPM,289.7076857742013,290.4828645965253,284.6347217587213,286.4892578125,8825700.0
2025-07-07,META,714.691699254539,724.053627417977,710.6183091744663,715.4386596679688,9457100.0
2025-07-07,MSFT,492.51144569917784,493.8680307430937,490.3824968234557,492.8481140136719,13981600.0
2025-07-07,NVDA,157.8129946008361,158.92027983286837,156.9550977974466,157.8529052734375,140139000.0
2025-07-07,SPY,615.0014790783108,615.6625385416997,609.5851029977032,612.357421875,74814500.0
2025-07-07,TLT,81.79201892253495,81.81091845790324,81.20603237476543,81.4139633178711,38314700.0
2025-07-07,XOM,107.39893742867832,107.89000509111263,106.12794439060524,106.98490142822266,15415900.0
2025-07-08,AAPL,209.08947184941582,210.41306148236814,207.44739887083225,208.99989318847656,42848900.0
2025-07-08,GLD,306.29998779296875,306.45001220703125,302.7699890136719,304.1600036621094,11840500.0
2025-07-08,JPM,283.83993409983367,284.2618850781592,275.048135846527,277.4717712402344,15440900.0
2025-07-08,META,718.6455832818111,719.9801184048647,711.9129709064391,717.7492065429688,7770700.0
2025-07-08,MSFT,492.37283752871576,493.3234624825612,489.27347018920887,491.7589111328125,11846600.0
2025-07-08,NVDA,158.94022243433284,159.82804456030718,158.0025195823342,159.60858154296875,138133000.0
2025-07-08,SPY,613.0184402574613,613.7682592313246,611.2130216520668,612.0220336914062,59024600.0
2025-07-08,TLT,80.87523613855258,81.31945093164988,80.75237113206623,81.30999755859375,31407000.0
2025-07-08,XOM,106.7730676374945,110.21052656958359,106.73455180664708,109.95055389404297,17913400.0
2025-07-09,AAPL,208.52219391164948,210.31353924447487,206.22330706177223,210.12445068359375,48749400.0
2025-07-09,GLD,303.5799865722656,305.5400085449219,303.2300109863281,305.5199890136719,10644100.0
2025-07-09,JPM,281.7891623646238,281.8088060970764,277.1774068900867,277.8446350097656,11273800.0
2025-07-09,META,719.7910143882187,734.5410524810821,719.7910143882187,729.810302734375,11418000.0
2025-07-09,MSFT,495.40288075164045,501.8194631786975,494.8483646402868,498.58148193359375,18659500.0
2025-07-09,NVDA,160.8256093227867,164.01777813022636,160.7657585360006,162.48155212402344,183656400.0
2025-07-09,SPY,614.4194576258184,616.3432624074327,612.5843521193799,615.692138671875,66113300.0
2025-07-09,TLT,81.46123858620061,82.16063690185547,81.45178521129908,82.16063690185547,29821900.0
2025-07-09,XOM,109.69057524305732,110.02757958450402,109.06470583971705,109.57503509521484,10652100.0
2025-07-10,AAPL,209.49746585002458,212.45318170934252,209.01977884626095,211.38833618164062,44443600.0
2025-07-10,GLD,306.1099853515625,306.510009765625,304.82000732421875,306.20001220703125,7053700.0
2025-07-10,JPM,277.687634657396,282.89795501811136,277.687634657396,282.78021240234375,8410900.0
2025-07-10,META,728.5851937618205,732.8179695463292,716.6836120454662,724.2926635742188,9913600.0
2025-07-10,MSFT,498.125990037999,499.50239882384955,492.87788004768845,496.5713806152344,16492100.0
2025-07-10,NVDA,163.91802564623063,164.0975779997467,161.214648514871,163.6985626220703,167704100.0
2025-07-10,SPY,615.8301939872533,618.4643754376677,614.6561481365566,617.428466796875,57529000.0
2025-07-10,TLT,82.06612824067624,82.283505396878,81.7447783778045,82.21734619140625,24525500.0
2025-07-10,XOM,109.48837117973027,110.99045185082323,108.87213257896681,110.66307830810547,14901700.0
2025-07-11,AAPL,209.55720483784353,211.10969909895366,208.8506131239295,210.1443634033203,39765800.0
2025-07-11,GLD,308.8599853515625,310.2799987792969,308.5199890136719,309.1400146484375,9187300.0
2025-07-11,JPM,280.16028588065166,281.9853860406829,278.3253938002881,281.4751281738281,7384700.0
2025-07-11,META,719.5718788034793,722.2210717075307,706.8237663261808,714.6021118164062,10873900.0
2025-07-11,MSFT,493.59080845907414,500.08659454551145,492.9273533491097,498.3933410644531,16459500.0
2025-07-11,NVDA,163.31947923241253,167.47927598463818,163.07009082840767,164.51654052734375,193633300.0
2025-07-11,SPY,614.38979053738,616.48135905139,613.1960537313187,615.2579956054688,63670200.0
2025-07-11,TLT,81.49902991939148,81.53682899043663,80.94139627552747,81.08316802978516,40764800.0
2025-07-11,XOM,110.58603986843431,111.4622584369624,110.25866634578192,111.1445083618164,11683900.0
2025-07-14,AAPL,208.92025854176603,209.89555581124029,206.54175471753558,207.61656188964844,38840100.0
2025-07-14,GLD,309.07000732421875,309.3800048828125,307.7300109863281,308.010009765625,5772900.0
2025-07-14,JPM,281.6812326297011,283.8693527089549,279.90521169280953,283.2806396484375,9079900.0
2025-07-14,META,714.6916780207232,725.0495530943306,713.6459456305495,717.9982299804688,8939400.0
2025-07-14,MSFT,496.6109349689791,499.0369655948213,496.1257409313552,498.09625244140625,12058800.0
2025-07-14,NVDA,164.96543236823985,165.08514914967665,161.62363697338392,163.6686248779297,136975800.0
2025-07-14,SPY,614.8042291186631,616.7774117864018,613.4624793566222,616.43212890625,51898500.0
2025-07-14,TLT,80.84688097320851,81.16822354003774,80.63895003664341,80.91304016113281,24609500.0
2025-07-14,XOM,110.95194424017892,110.95194424017892,109.01656596677141,109.6905746459961,13220300.0
2025-07-15,AAPL,208.21368905566166,210.87084499335577,207.9151289669034,208.10421752929688,42296300.0
2025-07-15,GLD,307.7300109863281,308.739990234375,305.7900085449219,306.7300109863281,8149000.0
2025-07-15,JPM,282.5937831680985,286.46964738040805,280.121098345475,281.1709899902344,12526100.0
2025-07-15,META,720.9661812972705,721.5338176914017,706.9432281110463,707.5109252929688,11529500.0
2025-07-15,MSFT,498.0962552049,503.3245715280963,497.8685258646023,500.8688659667969,14927200.0
2025-07-15,NVDA,170.77121644956358,171.97824787505814,168.78607915204378,170.28240966796875,230627400.0
2025-07-15,SPY,619.1057784945341,619.4411858079188,613.7189684346675,613.7979125976562,74317300.0
2025-07-15,TLT,81.17767908208927,81.19658582817897,80.2419970533533,80.34596252441406,40455000.0
2025-07-15,XOM,109.44022624554029,109.82536984150762,108.41957514702587,108.71807098388672,10959300.0
2025-07-16,AAPL,209.28849593835915,211.37838618562168,207.63647661047767,209.149169921875,47490500.0
2025-07-16,GLD,307.1099853515625,311.0899963378906,305.7300109863281,308.260009765625,17693100.0
2025-07-16,JPM,282.9862680414337,285.2725470105113,277.6974624718264,280.4547119140625,9979800.0
2025-07-16,META,710.4788478373293,711.0763918410653,696.4360166593995,700.0612182617188,13067600.0
2025-07-16,MSFT,500.2351113436526,501.7600457375481,496.9773367906475,500.6708068847656,15154400.0
2025-07-16,NVDA,170.64152069930245,171.32983513615645,168.48680121561864,170.9507598876953,158831500.0
2025-07-16,SPY,615.3763700559891,616.3530856848711,609.7626638597798,615.8499145507812,88987500.0
2025-07-16,TLT,80.60114522534589,80.96030128989014,79.57095110734662,80.4593734741211,65987700.0
2025-07-16,XOM,108.68918603391911,109.28617040231443,107.93814568583247,108.06332397460938,11158900.0
2025-07-17,AAPL,209.5571995447156,210.78127919114968,208.58190225319882,209.0098419189453,48068100.0
2025-07-17,GLD,305.5,307.6700134277344,305.1199951171875,307.5899963378906,6642300.0
2025-07-17,JPM,278.11937245969557,284.85058472552134,278.11937245969557,284.4580993652344,8509500.0
2025-07-17,META,701.5352858666428,703.0391759141442,694.2847608340729,698.5673217773438,11803300.0
2025-07-17,MSFT,500.7302212088446,508.34495123446135,500.67081092720053,506.6913146972656,17503100.0
2025-07-17,NVDA,171.59918390717252,173.7339481189201,170.4120926228971,172.5767822265625,160841100.0
2025-07-17,SPY,616.0275671883336,619.9739319743786,615.8104858123922,619.6187133789062,68885700.0
2025-07-17,TLT,80.54444857527062,80.79963198786689,80.32706423721247,80.44048309326172,31875500.0
2025-07-17,XOM,107.35079409695216,108.06332597289979,106.96564312138607,107.51448822021484,13151400.0
2025-07-18,AAPL,209.85575432940058,210.77132749863404,208.6913836081342,210.1642608642578,48974600.0
2025-07-18,GLD,309.239990234375,309.3699951171875,308.32000732421875,308.3900146484375,5574300.0
2025-07-18,JPM,284.08521856694546,287.009289803847,282.819455566978,285.8023681640625,12217000.0
2025-07-18,META,699.3442246830841,701.8540312869104,688.8469622098484,701.42578125,12779800.0
2025-07-18,MSFT,509.4440336050126,509.60250130270686,502.463054063605,505.0574035644531,21209700.0
2025-07-18,NVDA,173.21520688358655,173.82371518980958,170.8410244393951,171.98822021484375,146456400.0
2025-07-18,SPY,620.8618249379944,621.0295285799061,618.0599396747441,619.1649169921875,65621600.0
2025-07-18,TLT,80.74291726631498,80.77127017449952,80.43102085466336,80.56333923339844,27534900.0
2025-07-18,XOM,106.98490793447233,107.58189233189675,103.35486961401331,103.76890563964844,32366600.0
2025-07-21,AAPL,211.07983063398711,214.74212298846783,210.61209006251647,211.45799255371094,51377400.0
2025-07-21,GLD,311.8800048828125,313.30999755859375,311.6099853515625,313.1300048828125,10995800.0
2025-07-21,JPM,285.5374312562634,288.65773001934355,285.125302200427,285.50799560546875,7898100.0
2025-07-21,META,703.9354066400078,714.0940793404843,702.8996435270784,710.0803833007812,9404400.0
2025-07-21,MSFT,501.75013722027745,507.0775109565722,500.6014880788464,505.0673522949219,14066800.0
2025-07-21,NVDA,172.32739806402674,172.9558617527255,170.58167912560677,170.96075439453125,123126100.0
2025-07-21,SPY,620.3389892578125,623.0718060276608,619.9147622533486,620.3389892578125,63375000.0
2025-07-21,TLT,81.48957767620206,81.76366781535135,81.24384044613527,81.28164672851562,40019500.0
2025-07-21,XOM,103.60520798430053,104.7317684429792,103.45115201328608,104.03850555419922,17010400.0
2025-07-22,AAPL,212.11484021935428,213.91613206526756,211.20921348603295,213.3687744140625,46404100.0
2025-07-22,GLD,314.4800109863281,316.239990234375,313.6199951171875,316.1000061035156,13691800.0
2025-07-22,JPM,286.0280742772089,288.11809552877634,283.75161723688194,285.9593811035156,6717500.0
2025-07-22,META,713.2873743640687,713.6956859389659,698.567246668549,701.9534912109375,8921100.0
2025-07-22,MSFT,505.968437121084,506.19619667447284,500.32421875,500.32421875,13868600.0
2025-07-22,NVDA,170.9208374301641,170.97071815657463,164.17738028748298,166.6213836669922,193114300.0
2025-07-22,SPY,620.6645066309135,621.2860639110608,617.7935527028395,620.427734375,60046300.0
2025-07-22,TLT,81.44234389121944,82.00942388543936,81.38563805504144,81.77313995361328,35190300.0
2025-07-22,XOM,103.97110800643856,105.37690276270683,103.61484208375289,104.51031494140625,13970900.0
2025-07-23,AAPL,213.96588230147148,214.11515474984876,211.38834345684663,213.11996459960938,46989300.0
2025-07-23,GLD,314.0,314.9599914550781,311.4200134277344,312.17999267578125,10547500.0
2025-07-23,JPM,287.3429329100002,291.4150249489527,287.0583682777473,291.1893615722656,7083500.0
2025-07-23,META,703.5072478245529,711.7337817619899,702.0730813658738,710.6880493164062,8771600.0
2025-07-23,MSFT,501.78972599996087,501.8293429250601,495.79895793496456,500.9183349609375,16396600.0
2025-07-23,NVDA,169.11525591048226,170.84101932871772,167.5590747729789,170.36219787597656,154082200.0
2025-07-23,SPY,623.0816882564411,625.7060546875,621.2860849659141,625.7060546875,70511000.0
2025-07-23,TLT,81.3289037514098,81.4706682922331,81.08316652929803,81.31945037841797,31008500.0
2025-07-23,XOM,104.8858429394058,105.91611760774447,104.80881127261651,105.84871673583984,12002700.0
2025-07-24,AAPL,212.87116805528336,214.65256693634578,212.50295255730364,212.73184204101562,46022600.0
2025-07-24,GLD,309.2900085449219,310.989990234375,309.05999755859375,310.2699890136719,7698800.0
2025-07-24,JPM,291.8369396401929,293.96618832212596,290.6398398939318,290.9832458496094,7001200.0
2025-07-24,META,714.1439574655813,720.687338137739,711.1063305361163,711.903076171875,10920800.0
2025-07-24,MSFT,503.79000158856684,508.6420329312165,502.33438916388565,505.8793640136719,16107000.0
2025-07-24,NVDA,172.01817945898665,173.40477863012546,170.88096873748768,173.31500244140625,128984600.0
2025-07-24,SPY,626.0907872079496,627.6200518287297,625.488980993582,625.9132080078125,71307100.0
2025-07-24,TLT,80.85635358473873,81.5084922463575,80.81854729538495,81.17769622802734,25164800.0
2025-07-24,XOM,105.58874358939482,106.83084431685067,105.07841430871662,106.67678833007812,15647200.0
2025-07-25,AAPL,213.6673206036272,214.2047317845148,212.37357038101962,212.8512725830078,40268800.0
2025-07-25,GLD,307.82000732421875,308.30999755859375,306.20001220703125,307.3999938964844,9376400.0
2025-07-25,JPM,291.1304626389869,293.2891470363467,290.4043332995373,293.014404296875,5918500.0
2025-07-25,META,714.0144322760385,717.7293565775856,709.0148187890661,709.7916259765625,8271700.0
2025-07-25,MSFT,507.4536969863606,513.2167356071609,505.36436506751977,508.6816101074219,19125700.0
2025-07-25,NVDA,173.1852777673922,174.29256285091202,172.5368740284716,173.07554626464844,122316800.0
2025-07-25,SPY,626.5742531786653,629.0308557161836,626.3276053702117,628.5572509765625,56865400.0
2025-07-25,TLT,81.09262421027847,81.6975103192948,81.01701164394862,81.68805694580078,27196200.0
2025-07-25,XOM,106.61901199774485,106.85973043169554,105.62724587910735,106.30126190185547,10548900.0
2025-07-28,AAPL,213.00055398053098,213.81661722083774,212.03521828670327,213.0204620361328,37858000.0
2025-07-28,GLD,306.44000244140625,306.5799865722656,304.04998779296875,305.4100036621094,9275400.0
2025-07-28,JPM,292.0724293571669,293.8091927274499,291.2482011503524,292.6807861328125,5840400.0
2025-07-28,META,712.3014741673994,721.8027888995285,709.7916676847334,714.7216186523438,8715700.0
2025-07-28,MSFT,509.0480107678364,509.9589885432546,505.12675096242896,507.48345947265625,14308000.0
2025-07-28,NVDA,173.594294429185,176.56700011257405,173.54441370124516,176.31761169433594,140023500.0
2025-07-28,SPY,628.9321516432593,629.4846403177779,627.0181622678288,628.3994140625,54917100.0
2025-07-28,TLT,81.27220987715907,81.47068749189644,81.12099192770738,81.15879821777344,26812500.0
2025-07-28,XOM,106.8789836611563,107.94777408545934,106.72492033873907,107.30265045166016,12353000.0
2025-07-29,AAPL,213.14982178903043,213.7767964509494,209.80599741985404,210.2538299560547,51411700.0
2025-07-29,GLD,305.79998779296875,307.0299987792969,304.989990234375,306.25,5741100.0
2025-07-29,JPM,294.36850837533046,295.63430134586406,290.63985258046154,291.4640808105469,7635700.0
2025-07-29,META,717.08203125,721.5338863492012,697.0734239369631,697.1630859375,13267000.0
2025-07-29,MSFT,510.4838436674275,512.5533521818816,506.5526719682665,507.55279541015625,16469200.0
2025-07-29,NVDA,177.52466141853475,178.9411858321479,174.5918511336965,175.0806427001953,154077500.0
2025-07-29,SPY,629.7904764849706,630.1061928990167,625.8342963044605,626.741943359375,60556300.0
2025-07-29,TLT,81.49905662107034,82.54815064034749,81.47069649227835,82.52925109863281,47828300.0
2025-07-29,XOM,107.74557393641399,108.8047335906339,107.2737678565253,108.6891860961914,15928000.0
2025-07-30,AAPL,210.88079278566187,211.36844143995228,206.72090512781878,208.0445098876953,45512500.0
2025-07-30,GLD,304.4200134277344,304.6499938964844,300.9599914550781,300.9599914550781,13459600.0
2025-07-30,JPM,291.83695632333047,294.9670472888904,291.79769880383014,294.0054626464844,8061700.0
2025-07-30,META,705.220260506502,705.6285721008213,688.3986981647392,692.3924560546875,27077300.0
2025-07-30,MSFT,510.12731827097724,510.89971236727115,504.4534248625209,508.2162170410156,26380400.0
2025-07-30,NVDA,176.07819353379378,179.4499298230835,175.60934208925488,178.83145141601562,174312200.0
2025-07-30,SPY,627.393143596463,629.129553977157,623.0718687407492,625.9527587890625,80418900.0
2025-07-30,TLT,82.00940828889925,82.18898635039521,81.81093068920939,82.10392761230469,40670900.0
2025-07-30,XOM,108.23665028866449,108.42922211537449,107.12934391972125,107.7455825805664,12996900.0
2025-07-31,AAPL,207.48718253646683,208.83068001568543,206.16357792510368,206.5716094970703,80698400.0
2025-07-31,GLD,304.5899963378906,304.6099853515625,302.8599853515625,302.9599914550781,8981000.0
2025-07-31,JPM,293.5246633224064,295.33011989507037,289.9529777509294,290.6790771484375,14749700.0
2025-07-31,META,772.0582355802883,781.5695186158251,762.4075053559926,770.3053588867188,38831100.0
2025-07-31,MSFT,549.7952354974353,550.0131135040644,526.6936395202101,528.2779541015625,51617300.0
2025-07-31,NVDA,182.45256948733228,182.85160010862035,175.49961883405416,177.43487548828125,221685400.0
2025-07-31,SPY,630.8856625012866,631.2703873241156,622.3121821287813,623.6046142578125,103385200.0
2025-07-31,TLT,82.34966169143063,82.61430571477548,82.07557150393272,82.15118408203125,49814100.0
2025-07-31,XOM,106.26273924238399,108.32328831689841,106.26273924238399,107.4952163696289,17233700.0
2025-08-01,AAPL,209.8557561748323,212.5527283441607,200.530828701964,201.40660095214844,104434500.0
2025-08-01,GLD,308.6099853515625,309.54998779296875,307.45001220703125,309.1099853515625,12843400.0
2025-08-01,JPM,284.9487439683445,286.32245784834123,278.9043729516421,283.9380798339844,12007100.0
2025-08-01,META,757.6467993509456,762.8954598913231,742.2893124661414,746.9702758789062,19028700.0
2025-08-01,MSFT,529.7632164041114,530.5553736121248,515.7616096000787,518.9797973632812,28977600.0
2025-08-01,NVDA,173.6641186818972,176.1081221843386,170.47194991004753,173.29502868652344,204529000.0
2025-08-01,SPY,617.9020886786027,617.9415908673775,610.9860743719428,613.3834838867188,140103600.0
2025-08-01,TLT,83.07242277044047,83.42346234841348,83.03447195889929,83.31909942626953,63434500.0
2025-08-01,XOM,107.84186360975019,108.36181633369162,104.8184405212398,105.5694808959961,19652000.0
2025-08-04,AAPL,203.5263267271778,206.88012777005082,200.70993685491413,202.37191772460938,75109300.0
2025-08-04,GLD,310.79998779296875,311.739990234375,310.3699951171875,310.9100036621094,7639000.0
2025-08-04,JPM,284.81135364584816,288.79513839592664,284.81135364584816,288.73626708984375,6649500.0
2025-08-04,META,756.9198601954741,773.7015459386386,755.336277425542,773.2235107421875,15801700.0
2025-08-04,MSFT,523.0991177691142,532.981410508703,522.960473635689,530.39697265625,25349000.0
2025-08-04,NVDA,174.7314908730668,179.75915428060495,174.09305718288007,179.5596466064453,148174600.0
2025-08-04,SPY,617.2805351933534,622.7561046288977,617.191775701563,622.706787109375,73218000.0
2025-08-04,TLT,83.45191767378707,83.63218220610959,83.15780795336748,83.54679107666016,36425200.0
2025-08-04,XOM,105.16507353667451,105.83908223210184,103.11414772060712,103.38375854492188,19129500.0
2025-08-05,AAPL,202.42168730403617,204.35235878558626,201.18766113385618,201.94400024414062,44155100.0
2025-08-05,GLD,310.3699951171875,312.239990234375,310.2200012207031,311.1600036621094,6997700.0
2025-08-05,JPM,289.15819815384634,290.2375553774225,281.84803463230764,285.9005126953125,7182300.0
2025-08-05,META,773.3031886781546,779.9561084480251,759.9076871469059,760.3658447265625,11640300.0
2025-08-05,MSFT,531.9219176627233,532.0407382325785,522.0792108748774,522.584228515625,19171600.0
2025-08-05,NVDA,179.18060256351626,179.81903636484594,175.4697013365803,177.8239288330078,156407600.0
2025-08-05,SPY,623.3184070376644,624.1274190145356,618.6320990296246,619.5496215820312,68051400.0
2025-08-05,TLT,83.34753799274391,83.91678553384806,83.28112590025468,83.80294036865234,28586100.0
2025-08-05,XOM,103.23933645334417,103.81705930016427,102.13203004502128,103.25859069824219,21314300.0
2025-08-06,AAPL,204.6409599471833,214.3440641251077,204.60114383647723,212.22430419921875,108483100.0
2025-08-06,GLD,310.32000732421875,311.239990234375,309.8399963378906,310.5,7418200.0
2025-08-06,JPM,286.8130388717205,287.784475314663,284.71322574362773,285.8808898925781,6330200.0
2025-08-06,META,766.8794027711585,770.5046654460572,757.3780876386139,768.861328125,9733900.0
2025-08-06,MSFT,525.70337986457,526.4955370830186,518.9006307843745,519.8016967773438,21355700.0
2025-08-06,NVDA,175.89862689332494,179.45988530544022,175.81882077930385,178.98106384277344,137192300.0
2025-08-06,SPY,620.615200817688,624.9463507668227,619.7075537473198,624.2952270507812,64357500.0
2025-08-06,TLT,83.33807121285153,83.537314783037,82.46522426253597,83.31909942626953,42589300.0
2025-08-06,XOM,104.28885532310031,105.00138719969958,102.42088521103375,102.5556869506836,15321800.0
2025-08-07,AAPL,217.82723230897543,219.78775818606874,215.53829184895108,218.97169494628906,90224800.0
2025-08-07,GLD,311.7200012207031,313.1400146484375,310.70001220703125,313.1199951171875,10891500.0
2025-08-07,JPM,287.4410819950435,287.95131003993225,281.0336610252057,281.5537109375,8057100.0
2025-08-07,META,770.3552105915298,771.8591006297718,756.4717038209484,758.7424926757812,9019700.0
2025-08-07,MSFT,521.6435053063135,522.9209170643583,512.4840471895837,515.7418823242188,16079100.0
2025-08-07,NVDA,181.12581999654523,183.43016644757114,178.36259217804582,180.32777404785156,151878400.0
2025-08-07,SPY,627.7087670325432,628.4388348760696,620.6743670535704,623.7722778320312,74205800.0
2025-08-07,TLT,83.41396782979815,83.7270565774398,83.10087908215652,83.1767807006836,29213100.0
2025-08-07,XOM,103.16228627207848,104.04812830134111,101.95869416292491,102.01646423339844,13468300.0
2025-08-08,AAPL,219.76784743364436,229.88892965735022,218.19544514014734,228.2468719482422,113854000.0
2025-08-08,GLD,312.3500061035156,313.5299987792969,311.0,313.04998779296875,19886800.0
2025-08-08,JPM,283.555348950698,285.76311250140685,279.3654851809607,283.3394775390625,6634100.0
2025-08-08,META,759.658747758983,766.7797947505699,755.5056648409816,766.1821899414062,7320800.0
2025-08-08,MSFT,517.4845698020915,519.524403327164,514.3257923084495,516.9300537109375,15531000.0
2025-08-08,NVDA,181.10585596760288,182.85157473717487,179.9586602147226,182.25303649902344,123396700.0
2025-08-08,SPY,625.5581311998726,629.1000207675974,625.2424147306436,628.6362915039062,64051600.0
2025-08-08,TLT,82.88265812903717,82.91111942197878,82.68342184007021,82.81624603271484,21596300.0
2025-08-08,XOM,102.54605771765384,103.51856229377444,102.01647419943372,102.83492279052734,14417700.0
2025-08-11,AAPL,227.08116933177635,228.71513292468896,223.9327956372812,226.34388732910156,61806100.0
2025-08-11,GLD,308.6199951171875,309.6600036621094,307.6300048828125,308.54998779296875,10326700.0
2025-08-11,JPM,283.9674810703858,285.8514526951056,283.3591242790355,284.1244812011719,5510100.0
2025-08-11,META,766.9589503338518,770.3252563533764,761.5708425481134,762.7659912109375,7612000.0
2025-08-11,MSFT,517.1875004407061,522.4257584225397,514.6327376205326,516.6627197265625,20194400.0
2025-08-11,NVDA,181.6046539661726,183.39026839012567,179.80905426349312,181.6146240234375,138323200.0
2025-08-11,SPY,628.9124554108,630.382466681372,626.1499518449814,627.39306640625,58742300.0
2025-08-11,TLT,83.05343889607794,83.17677358685349,82.80676227615074,82.91112518310547,20100900.0
2025-08-11,XOM,103.13340955581646,103.53781477403791,101.61206724405704,101.90093231201172,13570700.0
2025-08-12,AAPL,227.17083074525974,229.95057099439725,226.23430307406312,228.80479431152344,55626200.0
2025-08-12,GLD,308.2200012207031,309.30999755859375,306.7099914550781,308.2699890136719,9697400.0
2025-08-12,JPM,286.02805793473163,289.21705000432985,284.88982947960193,287.35272216796875,8570900.0
2025-08-12,META,769.8671766063835,790.4533879693125,769.2994794144802,786.7982788085938,14563100.0
2025-08-12,MSFT,518.6233183732385,525.7825288027884,517.5836082950698,524.0595703125,18667000.0
2025-08-12,NVDA,182.51243687865426,184.02870758664506,179.02099882862018,182.71194458007812,145485700.0
2025-08-12,SPY,629.7313011159781,634.2301547632397,628.2514142554742,634.0723266601562,64730800.0
2025-08-12,TLT,82.44624977723717,82.51266188566606,82.11418923509268,82.49368286132812,41052300.0
2025-08-12,XOM,102.39199142506507,103.29709510415664,101.85278447384988,102.18978881835938,14109400.0
2025-08-13,AAPL,230.21956052334866,234.1350889692748,229.5819014312059,232.4712371826172,69878500.0
2025-08-13,GLD,309.1000061035156,310.3900146484375,308.45001220703125,309.2099914550781,4718600.0
2025-08-13,JPM,288.43210834423235,289.0208214451698,281.7695589346143,285.0762939453125,8420400.0
2025-08-13,META,787.9436609964881,792.2361910481928,775.0759792517462,776.9185180664062,8811800.0
2025-08-13,MSFT,526.9014833945702,527.4857348349631,514.2861971986356,515.484375,19619200.0
2025-08-13,NVDA,182.1732462738988,183.51994981646104,178.9112567337155,181.14576721191406,179871700.0
2025-08-13,SPY,636.262488727692,637.5253543368295,634.0624096748859,636.2427978515625,60092800.0
2025-08-13,TLT,82.95857259538919,83.30960491391761,82.94908308347911,83.1767807006836,30817500.0
2025-08-13,XOM,102.06462040535484,103.60521697998047,101.8142711663082,103.60521697998047,17958700.0
2025-08-14,AAPL,233.1985666998313,234.25466305951576,230.0003892485326,231.92327880859375,51916300.0
2025-08-14,GLD,307.92999267578125,308.3399963378906,306.5199890136719,307.25,5817700.0
2025-08-14,JPM,285.1253084483277,288.6773800754172,284.20298138831316,288.63812255859375,6322400.0
2025-08-14,META,774.7274900909913,784.6172394791233,769.3792579564396,778.9602661132812,8116200.0
2025-08-14,MSFT,517.4449565045493,520.8017882377586,515.0486614235291,517.36572265625,20269100.0
2025-08-14,NVDA,179.3102712094187,182.57227595462552,179.02098734413144,181.57472229003906,129554000.0
2025-08-14,SPY,634.1709920856589,636.9630622902898,633.7270741796365,636.3020629882812,59327500.0
2025-08-14,TLT,83.0249810757188,83.0249810757188,82.43675441539108,82.56008911132812,33397400.0
2025-08-14,XOM,103.55707332974849,103.59558181461352,102.48828289422498,103.39337921142578,13683500.0
2025-08-15,AAPL,233.1387895567921,233.417757832359,228.49593650929467,230.73765563964844,56038700.0
2025-08-15,GLD,307.3399963378906,308.0,306.8699951171875,307.42999267578125,5990100.0
2025-08-15,JPM,289.30536719380285,289.95298150728627,284.3796115875491,285.0370178222656,7340500.0
2025-08-15,META,780.9720282034339,793.0229651164598,777.6555069770899,782.047607421875,13375400.0
2025-08-15,MSFT,517.6528943134479,520.9502551513766,513.9990113965767,515.0783081054688,25213300.0
2025-08-15,NVDA,181.43508525115985,181.45502536718294,177.6044671914236,180.00857543945312,156602200.0
2025-08-15,SPY,637.3280514224831,637.4267466743545,633.9046087993034,634.812255859375,68592500.0
2025-08-15,TLT,82.21853940246602,82.33238457732952,81.82954908601357,81.97186279296875,36343600.0
2025-08-15,XOM,103.19901679512692,104.53042413910818,102.96577138265387,103.49056243896484,19271900.0
2025-08-18,AAPL,230.8472538899505,232.26202593201924,229.26310933608104,230.0402374267578,37476200.0
2025-08-18,GLD,307.7900085449219,307.8900146484375,306.6300048828125,306.95001220703125,6150100.0
2025-08-18,JPM,284.5562169634104,286.4205448097455,282.9960675051489,286.0574951171875,5386900.0
2025-08-18,META,771.9487538776341,772.6658066945315,753.4938227994072,764.260009765625,16513700.0
2025-08-18,MSFT,516.4844919382945,517.7024328589179,508.9885829187347,512.0383911132812,23760600.0
2025-08-18,NVDA,180.15820389652,182.49247589603021,180.14821861780752,181.5647430419922,132008000.0
2025-08-18,SPY,634.2399697526556,635.3646981112688,633.5690949992928,634.674072265625,43804900.0
2025-08-18,TLT,82.06674068463343,82.10469149112743,81.58287694980528,81.73468017578125,26777500.0
2025-08-18,XOM,103.11154890699076,104.20972567810239,102.6936601404045,103.7140884399414,13040000.0
2025-08-19,AAPL,230.42880766374827,232.0129522601839,228.50591803460907,229.71145629882812,39402600.0
2025-08-19,GLD,306.760009765625,307.4800109863281,305.19000244140625,305.2699890136719,5029900.0
2025-08-19,JPM,285.3706494849781,286.9897003409671,284.0950645111781,285.203857421875,6031500.0
2025-08-19,META,764.0110161040656,764.0608013068265,746.3229839925046,748.4343872070312,12286700.0
2025-08-19,MSFT,509.95896886179673,510.117376123604,503.57209201860513,504.7801513671875,21481000.0
2025-08-19,NVDA,181.9837257637527,182.05356183349764,175.06071543129087,175.21034240722656,185229200.0
2025-08-19,SPY,634.4965717210093,635.4732874420525,629.9187737835771,631.23095703125,69750700.0
2025-08-19,TLT,82.01929901021958,82.30392643502833,82.01929901021958,82.20905303955078,28780600.0
2025-08-19,XOM,103.20872522646735,104.43323763701244,103.16013799522867,104.39436340332031,16113600.0
2025-08-20,AAPL,229.13358225147155,229.6217843388592,224.93908515924198,225.17819213867188,42263900.0
2025-08-20,GLD,307.5400085449219,308.4700012207031,307.3999938964844,308.3599853515625,6515400.0
2025-08-20,JPM,285.35100110061984,287.8236856501562,281.8774445149503,286.754150390625,7374200.0
2025-08-20,META,744.5403416410405,747.1596879427676,728.0374873353596,744.689697265625,11898200.0
2025-08-20,MSFT,504.87920872605446,505.9981527246316,499.5023667236012,500.76983642578125,27723000.0
2025-08-20,NVDA,174.74146841521826,175.56943975883806,168.38705663117767,174.9709014892578,215142700.0
2025-08-20,SPY,630.8264521540534,631.0829152899969,624.4629267215348,629.5537109375,88890300.0
2025-08-20,TLT,82.15211802184776,82.51264703561364,82.12365672884006,82.3893051147461,25912500.0
2025-08-20,XOM,104.84141301967696,106.25057628140125,104.64704925264721,105.47310638427734,18959700.0
2025-08-21,AAPL,225.43724912794482,225.68632903786573,222.9564077521854,224.07228088378906,30621200.0
2025-08-21,GLD,307.8599853515625,308.1499938964844,307.0299987792969,307.2900085449219,4809000.0
2025-08-21,JPM,286.45983579537915,287.27424223237057,284.0362003285711,285.9986572265625,6624000.0
2025-08-21,META,741.6918632286945,742.4786396352457,730.1388392043501,736.1045532226562,8876300.0
2025-08-21,MSFT,499.5796529563519,503.4875031078027,498.61756740599895,500.1251525878906,18443300.0
2025-08-21,NVDA,174.42226928848822,176.4672421817212,173.38480492387563,174.55194091796875,140040900.0
2025-08-21,SPY,627.7483287539096,629.4156102095885,625.3114169787772,627.028076171875,54805800.0
2025-08-21,TLT,82.12366023087255,82.23751264613404,81.69672634079988,81.98135375976562,28643900.0
2025-08-21,XOM,105.36620628024141,106.48381650017089,104.91916367517014,106.15339660644531,12194900.0
2025-08-22,AAPL,225.33760837029214,228.2468598588307,224.58041092619504,226.9217529296875,42477800.0
2025-08-22,GLD,306.5199890136719,311.0199890136719,306.42999267578125,310.5799865722656,8526500.0
2025-08-22,JPM,287.6961645212777,291.5818204071259,284.6837862966605,290.6790771484375,8552800.0
2025-08-22,META,736.2340211992512,753.8324517991243,731.4136708448241,751.73095703125,10612700.0
2025-08-22,MSFT,500.13506667774504,506.5621975190336,498.3100856343386,503.09075927734375,24324200.0
2025-08-22,NVDA,172.1877371490149,178.15310374912357,170.78118284108405,177.55458068847656,172789400.0
2025-08-22,SPY,629.2084140029245,637.8312114652382,628.70524285572,636.6571655273438,84083200.0
2025-08-22,TLT,82.37983617804025,82.82574914301216,82.275473261201,82.58856201171875,49871900.0
2025-08-22,XOM,106.51297186111358,108.27199589706909,106.51297186111358,108.1456527709961,13586700.0
2025-08-25,AAPL,225.6464693442017,228.45609804536198,225.3973894325087,226.323974609375,30983100.0
2025-08-25,GLD,309.6700134277344,310.8399963378906,309.6700134277344,309.8299865722656,4044400.0
2025-08-25,JPM,290.6790696581532,291.76824867106194,288.61851412970407,289.3642272949219,5856300.0
2025-08-25,META,751.7608684647103,755.8044116418879,747.0898736921264,750.2470092773438,6861200.0
2025-08-25,MSFT,502.4956130920682,504.0428801746979,500.0060864475961,500.14495849609375,21638600.0
2025-08-25,NVDA,177.91371253514103,181.46500135257926,176.13806812642193,179.37013244628906,163012800.0
2025-08-25,SPY,635.4041800322128,636.6374190424261,633.7368384817344,633.855224609375,51274300.0
2025-08-25,TLT,82.2849444139383,82.58854358472034,82.209042811649,82.35135650634766,27011900.0
2025-08-25,XOM,107.77635281058514,108.76761986699798,107.42649210490949,108.59268951416016,9744900.0
2025-08-26,AAPL,226.03501179732243,228.64537936019502,223.8630424721864,228.46603393554688,54575100.0
2025-08-26,GLD,310.6199951171875,312.2099914550781,310.30999755859375,312.0799865722656,11698500.0
2025-08-26,JPM,288.6381718968291,293.1321851381712,287.9905575097444,292.96539306640625,6714700.0
2025-08-26,META,747.7570878233896,751.8105999087106,744.9086936405548,751.043701171875,7601800.0
2025-08-26,MSFT,500.24412923099453,500.8590951140394,494.44189267773186,497.9430847167969,30835700.0
2025-08-26,NVDA,179.61950918930867,181.94381103857447,178.37256711704984,181.32533264160156,168688200.0
2025-08-26,SPY,633.5888838455812,636.85449832521,632.9673265691392,636.5091552734375,51581600.0
2025-08-26,TLT,82.07623457719883,82.34188299846127,81.80109664421228,82.3039321899414,30259300.0
2025-08-26,XOM,108.23311615272006,108.66071791639624,107.25156209122048,108.3497314453125,18143900.0
2025-08-27,AAPL,227.76862267507164,230.05018785299507,227.41990473660533,229.64170837402344,31259500.0
2025-08-27,GLD,311.3900146484375,312.9100036621094,310.7699890136719,312.7099914550781,4320100.0
2025-08-27,JPM,291.6701254801894,295.41842494390727,291.46407591230917,293.6620178222656,6056500.0
2025-08-27,META,749.2509948841313,751.0935335009311,739.8293741756414,744.3509521484375,8315400.0
2025-08-27,MSFT,497.90345703690537,503.1502967625455,495.8205879159113,502.6047668457031,17277900.0
2025-08-27,NVDA,181.53482178191953,182.0435839210746,178.66187741767394,181.15576171875,235518900.0
2025-08-27,SPY,635.9270971923372,638.6895405097797,635.7790844255956,637.95947265625,48341100.0
2025-08-27,TLT,81.69672801792069,82.21854255061137,81.59236511138256,82.20905303955078,38142800.0
2025-08-27,XOM,108.28170867190343,109.7977742801282,108.28170867190343,109.57424926757812,15262600.0
2025-08-28,AAPL,229.9704999102399,232.55096405412047,228.4959359400532,231.70408630371094,38074700.0
2025-08-28,GLD,313.32000732421875,315.0799865722656,313.07000732421875,315.0299987792969,9610200.0
2025-08-28,JPM,294.38811877937053,295.5852185641284,293.0929201153854,295.4184265136719,6410500.0
2025-08-28,META,740.9847476708056,749.9980580487584,737.7977043404688,748.06591796875,7468000.0
2025-08-28,MSFT,502.95187030654046,506.91922816363694,501.3748491905692,505.4810791015625,18015600.0
2025-08-28,NVDA,180.37766708382995,184.01873199506826,175.97845161993425,179.729248046875,281787800.0
2025-08-28,SPY,638.5612839961418,640.7712386679527,636.6867968305069,640.21875,61519500.0
2025-08-28,TLT,82.33239574531576,82.78779822167031,82.21855055500973,82.74984741210938,32205900.0
2025-08-28,XOM,109.69086501091255,110.44889405961052,108.91339513740054,110.15734100341797,14189800.0
2025-08-29,AAPL,231.65426265633033,232.52107103838586,230.51845893056873,231.28562927246094,39418400.0
2025-08-29,GLD,314.7200012207031,318.0899963378906,314.6400146484375,318.07000732421875,15642600.0
2025-08-29,JPM,296.37019756170366,297.26311888832026,294.1035626344117,295.7618408203125,6796400.0
2025-08-29,META,742.2595260689985,744.1119731912547,732.3697173104384,735.7061767578125,9070500.0
2025-08-29,MSFT,504.5090702372647,505.44140176386463,500.3730863144936,502.5551452636719,20961600.0
2025-08-29,NVDA,177.67430043382657,177.71419588670034,172.72642709704877,173.75390625,243257900.0
2025-08-29,SPY,638.7881685836082,639.1532627231435,634.5162720889837,636.400634765625,74522200.0
2025-08-29,TLT,82.31341668919086,82.40829008552491,82.00981747789623,82.16161346435547,41686400.0
2025-08-29,XOM,110.5169321497463,111.55679393662437,110.38087602170638,111.07087707519531,14597900.0
2025-09-02,AAPL,228.4062708029861,230.00038826150748,226.1346633063032,228.87454223632812,44075600.0
2025-09-02,GLD,320.82000732421875,325.9200134277344,320.239990234375,325.5899963378906,21247500.0
2025-09-02,JPM,294.62364321253557,294.8198709218748,288.9717581566039,294.07415771484375,7221900.0
2025-09-02,META,723.0974888358023,733.0171449086611,718.8049588018843,732.1307373046875,9350900.0
2025-09-02,MSFT,496.3859077753076,501.87077891116434,492.75577163159113,500.9979553222656,18128000.0
2025-09-02,NVDA,169.58410730722488,171.95828968039308,166.81090959368234,170.36219787597656,231164900.0
2025-09-02,SPY,628.9518765829083,631.9017745733,626.406454480519,631.6847534179688,81983500.0
2025-09-02,TLT,81.55018615722656,81.75017990919306,81.4073386671753,81.55018615722656,48760600.0
2025-09-02,XOM,110.96396512433365,111.99410640835276,110.13790801462953,111.45960235595703,15206700.0
2025-09-03,AAPL,236.33698891571112,237.9709525201245,233.49747185558658,237.59234619140625,66427800.0
2025-09-03,GLD,327.760009765625,329.45001220703125,326.7300109863281,328.1400146484375,16062200.0
2025-09-03,JPM,294.9278255320024,294.9278255320024,290.8164761661132,293.8877258300781,6316900.0
2025-09-03,META,733.01707286797,737.2498480849385,731.0152094510754,734.0628051757812,7699300.0
2025-09-03,MSFT,499.6788070917271,503.64616490840893,498.220801883355,501.22607421875,16345100.0
2025-09-03,NVDA,170.6415475595936,171.98825125424256,168.4668876205481,170.20262145996094,164424900.0
2025-09-03,SPY,634.05255551225,635.5719445130327,631.8722274787872,635.1082153320312,70820900.0
2025-09-03,TLT,81.83590477047494,82.67397495752526,81.79780968025963,82.4454116821289,52499500.0
2025-09-03,XOM,110.75987893875846,111.20692151454529,108.32057447471314,108.75790405273438,14920100.0
2025-09-04,AAPL,237.57239985348932,239.0170601981439,235.8687018920251,238.8975067138672,47549400.0
2025-09-04,GLD,327.0299987792969,327.55999755859375,325.3500061035156,326.69000244140625,11703100.0
2025-09-04,JPM,294.36852159403367,298.7153562428407,292.68080753910596,298.1168212890625,6605800.0
2025-09-04,META,745.53621296405,758.0751543418567,742.7973581267053,745.6159057617188,11439100.0
2025-09-04,MSFT,500.1846427841772,504.00323087503085,499.0440334241921,503.82470703125,15509500.0
2025-09-04,NVDA,170.15273668191406,171.43957421789176,168.99557077235426,171.2400665283203,141670100.0
2025-09-04,SPY,635.7790859642552,640.4457033002755,634.8813144651941,640.4160766601562,65219200.0
2025-09-04,TLT,82.87395833557089,83.0834776725241,82.45492692755909,83.07395935058594,40501600.0
2025-09-04,XOM,108.9522753120418,109.94354241103126,108.24283345769933,109.2341079711914,12864400.0
2025-09-05,AAPL,239.1167027112504,240.43185187342493,237.61226559630578,238.80784606933594,54870400.0
2025-09-05,GLD,329.5299987792969,331.44000244140625,328.92999267578125,331.04998779296875,16065200.0
2025-09-05,JPM,297.9499798501053,299.4218223620716,288.78531073562726,288.85400390625,9837700.0
2025-09-05,META,749.5697456565401,754.8781610325589,742.0105407637873,749.4004516601562,9663400.0
2025-09-05,MSFT,504.9157294675595,507.79205789513924,488.35199810583333,490.9605407714844,31994800.0
2025-09-05,NVDA,167.61892806242963,168.6164816497661,163.66862438059468,166.6114044189453,224441400.0
2025-09-05,SPY,642.7444163544111,643.4646688785257,634.7037341963564,638.561279296875,85178900.0
2025-09-05,TLT,84.0168168844035,84.38823500786451,83.94062668833534,84.34061431884766,69668000.0
2025-09-05,XOM,108.45663769312769,108.63156805289493,105.9493050079647,106.15339660644531,16826700.0
2025-09-08,AAPL,238.41928864081726,239.2661511981365,235.47017586985078,237.0045166015625,48999500.0
2025-09-08,GLD,333.6600036621094,335.6700134277344,333.2300109863281,334.82000732421875,18617300.0
2025-09-08,JPM,289.3544641521949,290.8949700189617,285.9692141135519,287.41162109375,8188500.0
2025-09-08,META,752.9360542535453,763.4034686491748,748.9722040020283,749.2510375976562,13087800.0
2025-09-08,MSFT,494.0451682561979,497.10997900607424,490.99031585598385,494.13446044921875,16771000.0
2025-09-08,NVDA,167.140134281122,170.54179623040895,166.94062657490792,167.8982696533203,163769100.0
2025-09-08,SPY,639.922799046398,641.1264716601992,638.5514227841185,640.1300048828125,63133100.0
2025-09-08,TLT,84.92154360734236,85.48343716644484,84.87393018884316,85.46438598632812,54538700.0
2025-09-08,XOM,106.63930512241828,106.95029158055625,105.29816999741539,106.75592041015625,15440500.0
2025-09-09,AAPL,236.12775932745953,237.90120710535396,232.5011563745861,233.48751831054688,66313900.0
2025-09-09,GLD,337.0299987792969,338.30999755859375,333.8500061035156,334.05999755859375,21641900.0
2025-09-09,JPM,287.10740161160373,293.38725663423037,286.82283702499797,292.25885009765625,7848200.0
2025-09-09,META,754.419992782477,763.1942846942571,750.3764498072048,762.5967407226562,10999000.0
2025-09-09,MSFT,497.33805669614713,498.15137232357364,493.63851485593227,494.34271240234375,14410500.0
2025-09-09,NVDA,168.6763418810487,170.5617176578999,166.3320999523285,170.34225463867188,157548400.0
2025-09-09,SPY,640.268114410177,642.1327863823664,638.54157966928,641.6099243164062,66133900.0
2025-09-09,TLT,85.14057451704815,85.28342928073702,84.75010531402492,84.97867584228516,37126400.0
2025-09-09,XOM,107.41677115372212,109.34100502528872,107.41677115372212,107.53339385986328,14899500.0
2025-09-10,AAPL,231.33547301291114,231.56462228661692,225.11843262708078,225.95533752441406,83440800.0
2025-09-10,GLD,335.7300109863281,336.5,326.19000244140625,335.260009765625,11945700.0
2025-09-10,JPM,291.1304933247864,295.8796354332035,289.8548783719408,294.8984069824219,7787300.0
2025-09-10,META,762.0290412375358,762.5967384027244,747.9563032651432,748.9323120117188,12478300.0
2025-09-10,MSFT,498.8754294126598,499.1233892811019,492.66650462093776,496.2867126464844,21611800.0
2025-09-10,NVDA,176.2078799889887,178.85139113084074,175.04074401948455,176.8961944580078,226852000.0
2025-09-10,SPY,644.8557277247635,645.7732503039375,641.9058297062181,643.4646606445312,78034500.0
2025-09-10,TLT,85.14058858330687,85.77866506518733,84.94059478745908,85.46438598632812,40713600.0
2025-09-10,XOM,108.02903760030244,109.38959884806225,107.71804369852568,109.33129119873047,15837600.0
2025-09-11,AAPL,226.04500979013486,229.60186307827533,225.81584532196928,229.18341064453125,50208600.0
2025-09-11,GLD,333.3699951171875,335.1600036621094,332.9700012207031,334.760009765625,9082600.0
2025-09-11,JPM,295.5852136096933,299.9909491896388,295.1436788264331,299.8241271972656,7942500.0
2025-09-11,META,751.5916136968709,754.0316358199442,745.3370358122858,747.8568115234375,7923300.0
2025-09-11,MSFT,498.15138006137016,499.0638857033828,493.8170463660224,496.9215087890625,18881600.0
2025-09-11,NVDA,179.25054698686972,179.84911904071384,176.05819821844705,176.74655151367188,151159300.0
2025-09-11,SPY,645.4082598463015,649.502637640468,644.8262047273438,648.81201171875,69934400.0
2025-09-11,TLT,85.62629120685494,86.16913358110574,85.61676561687968,86.03579711914062,46694400.0
2025-09-11,XOM,108.2622676158315,109.59367494058706,107.74719697943684,108.9814224243164,11534500.0
2025-09-12,AAPL,228.37638560886936,233.6469097348115,228.17712472443904,233.2085418701172,55824200.0
2025-09-12,GLD,335.8800048828125,336.3900146484375,335.2300109863281,335.4200134277344,9619700.0
2025-09-12,JPM,299.27465392414524,301.7767742987404,297.9990690164523,301.1488037109375,6846700.0
2025-09-12,META,745.6955270108052,754.4997269984316,740.7456986088828,752.5277709960938,8248600.0
2025-09-12,MSFT,502.51544395369297,508.3672905695674,499.73830564164535,505.7389221191406,23624900.0
2025-09-12,NVDA,177.34510547722002,178.1731234709029,176.02825318201792,177.39498901367188,124911000.0
2025-09-12,SPY,648.7823644090812,650.2721267910674,648.0917987261137,648.5949096679688,72780100.0
2025-09-12,TLT,85.55010491324983,85.69295970579701,85.22630023241645,85.66438293457031,32968600.0
2025-09-12,XOM,109.68115036518988,110.03101108521462,108.72875009078862,109.00086975097656,11105700.0
2025-09-15,AAPL,236.12775635652346,237.31337916896246,234.16500543557729,235.828857421875,42699500.0
2025-09-15,GLD,336.30999755859375,339.2799987792969,336.2300109863281,338.9100036621094,10569900.0
2025-09-15,JPM,301.40393449781925,304.13174819496044,301.40393449781925,303.1014404296875,7122000.0
2025-09-15,META,754.4000905423925,770.9328504065699,748.942319380906,761.600830078125,10533800.0
2025-09-15,MSFT,504.63802593930427,511.2634762434591,502.86262476523797,511.1543884277344,17143800.0
2025-09-15,NVDA,175.25011923668302,178.4225264520066,174.0928881658194,177.3251495361328,147061600.0
2025-09-15,SPY,650.7950437367242,652.1762353081463,650.499078415473,652.0479736328125,63772400.0
2025-09-15,TLT,85.85485429286076,86.15008218829867,85.7786641050393,85.8643798828125,24820100.0
2025-09-15,XOM,109.02030640541297,109.29241865919302,108.18452881765838,109.18551635742188,12880500.0
2025-09-16,AAPL,236.30706734003456,240.33220689969463,235.45024710789585,237.27349853515625,63421100.0
2025-09-16,GLD,340.0899963378906,340.8800048828125,338.6199951171875,339.5899963378906,12161500.0
2025-09-16,JPM,304.18080946841434,305.06390905534744,301.3646887009418,303.3860168457031,10525600.0
2025-09-16,META,763.8914686014472,778.1932551715911,761.9991446900564,775.8428344726562,11782500.0
2025-09-16,MSFT,512.6619733694059,513.0090929577493,504.449544036503,504.8859558105469,19711900.0
2025-09-16,NVDA,176.5769489507663,177.0757538913052,173.96321593348455,174.46202087402344,140737800.0
2025-09-16,SPY,652.6005288851532,652.9064300011956,650.3708830930857,651.1502685546875,61169000.0
2025-09-16,TLT,85.79771935212545,86.18818866686567,85.75010592786992,86.04533386230469,26794200.0
2025-09-16,XOM,109.77832745457134,112.07185544585985,109.60339710220181,111.44988250732422,17208000.0
2025-09-17,AAPL,238.09051246512186,239.21635855568803,236.85507060288438,238.11044311523438,46508000.0
2025-09-17,GLD,338.5299987792969,341.239990234375,335.5199890136719,336.9700012207031,16535300.0
2025-09-17,JPM,304.563492987762,307.03617773944126,302.973877849489,305.89794921875,8657800.0
2025-09-17,META,776.8288247150236,780.1154382240195,763.2042747009343,772.5761108398438,9400900.0
2025-09-17,MSFT,506.4530503919847,507.1175961354426,501.80132099339164,505.8579406738281,15816600.0
2025-09-17,NVDA,172.22738513096226,172.78604428027472,168.0074992073941,169.88299560546875,211843800.0
2025-09-17,SPY,651.1600740883537,652.8471065185831,645.5266166017295,650.3411865234375,101952200.0
2025-09-17,TLT,86.38816493348929,86.70244398648495,85.58818981593201,85.82627868652344,49121800.0
2025-09-17,XOM,111.30410607559392,112.23706548421598,110.83763007853405,112.0427017211914,13302000.0
2025-09-18,AAPL,239.08682096339746,240.31228984200703,235.77903252032195,237.0045166015625,44249600.0
2025-09-18,GLD,336.2200012207031,336.32000732421875,333.80999755859375,335.6199951171875,14913300.0
2025-09-18,JPM,305.93718750933925,307.5562082549167,303.79808700514394,307.35015869140625,8050700.0
2025-09-18,META,777.5858032070112,785.5832886768625,770.2257385562051,777.0878295898438,10955000.0
2025-09-18,MSFT,507.31598208941665,508.88310546808697,503.51725007824297,504.3008117675781,18913700.0
2025-09-18,NVDA,173.56417834624654,176.67673180432445,172.54662713675344,175.81878662109375,191763300.0
2025-09-18,SPY,653.0149098952402,655.9746837040749,651.4166368558095,653.3799438476562,90459200.0
2025-09-18,TLT,85.00725449956897,85.20724828392044,84.66440593613909,84.94058990478516,55717900.0
2025-09-18,XOM,111.92607995354716,112.10101030753755,110.20593765139351,110.72100830078125,14628700.0
2025-09-19,AAPL,240.342162048153,245.3935094903633,239.32592704772566,244.59645080566406,163741300.0
2025-09-19,GLD,336.510009765625,339.2300109863281,336.30999755859375,339.17999267578125,14982600.0
2025-09-19,JPM,307.7131905464154,309.8718747671735,303.3172771297843,308.87103271484375,23568600.0
2025-09-19,META,783.2326732749732,787.5949262795673,766.0725248094219,775.2252807617188,23696800.0
2025-09-19,MSFT,506.39351766303514,515.0621842649809,506.1455578149837,513.703369140625,52474100.0
2025-09-19,NVDA,175.34988368438943,177.65435995090164,174.76128231706025,176.2477264404297,237182100.0
2025-09-19,SPY,655.2605944120114,657.4568701129051,653.321492861841,656.615966796875,97945600.0
2025-09-19,TLT,84.82631484022299,84.97869522715665,84.55965642898585,84.77869415283203,32509200.0
2025-09-19,XOM,110.69186278129207,110.76961125878745,109.46735021150015,109.64228057861328,38746500.0
2025-09-22,AAPL,247.38616206443075,255.69547916115815,247.2068166293636,255.13751220703125,105517400.0
2025-09-22,GLD,342.75,345.07000732421875,341.8399963378906,345.04998779296875,12386400.0
2025-09-22,JPM,303.9845245259009,307.8113389670314,303.74903930910966,306.5749816894531,7520200.0
2025-09-22,META,779.2068217271558,783.0737097074955,761.8855723964391,762.5732421875,11706900.0
2025-09-22,MSFT,511.3826037577857,513.5150225661836,508.3574445613838,510.25189208984375,20009300.0
2025-09-22,NVDA,174.8810364137678,184.1089289332547,174.29245016588177,183.17117309570312,269637000.0
2025-09-22,SPY,655.131983947701,660.1676217378205,655.1022751701781,659.7224731445312,69452200.0
2025-09-22,TLT,84.58820799545462,84.67392376140026,84.32154964077083,84.47392272949219,24758200.0
2025-09-22,XOM,109.2826959138657,109.62284363833473,108.41776451945006,108.86480712890625,15611500.0
2025-09-23,AAPL,254.93828225227924,256.3929004583055,252.64674396870498,253.4936065673828,60275200.0
2025-09-23,GLD,348.2300109863281,348.75,345.32000732421875,346.4599914550781,18384000.0
2025-09-23,JPM,305.9666409066948,310.37234675445063,304.74989735202223,306.8693542480469,8584400.0
2025-09-23,META,766.6494677320859,767.994879580523,748.5309344746781,752.8463134765625,10872600.0
2025-09-23,MSFT,509.60711582016205,510.3907077578639,503.17008724169204,505.0744323730469,19799600.0
2025-09-23,NVDA,181.53508786527138,181.98400930831284,175.78885990523673,178.0035400390625,192559600.0
2025-09-23,SPY,659.6037107504653,660.2171487108257,654.9143129749383,656.1312255859375,81708900.0
2025-09-23,TLT,84.7310691214693,85.10248718135736,84.52154975109228,85.06439208984375,26689000.0
2025-09-23,XOM,109.54508159592271,111.51790256389175,109.31184361433323,110.74043273925781,25369100.0
2025-09-24,AAPL,254.28068708944184,254.7987775332095,250.11606329601622,251.3813934326172,42303700.0
2025-09-24,GLD,346.70001220703125,346.8299865722656,342.1400146484375,343.32000732421875,12709100.0
2025-09-24,JPM,308.15473925887954,310.6372456892681,305.8194410309901,307.5365905761719,7310500.0
2025-09-24,META,754.9391495935897,758.5369308098985,749.9859806746165,758.0884399414062,8828200.0
2025-09-24,MSFT,506.215041937542,508.29788064425674,502.7832857896144,505.9869079589844,13533700.0
2025-09-24,NVDA,179.34032288959435,179.35029350783142,174.9807575937583,176.54701232910156,143564100.0
2025-09-24,SPY,657.4173995788382,657.5163080809864,652.6290324775867,654.0437622070312,68082200.0
2025-09-24,TLT,84.83582705040762,84.91201723185758,84.47392732146808,84.74059295654297,28098000.0
2025-09-24,XOM,111.34297999499384,112.49946440086293,111.24579811375746,111.33325958251953,14756100.0
2025-09-25,AAPL,252.27808820484515,256.22352044118514,250.7836088309123,255.9246063232422,55202100.0
2025-09-25,GLD,344.3900146484375,345.8299865722656,342.4700012207031,344.75,12639600.0
2025-09-25,JPM,308.2234462682717,309.72472445454315,305.94698929656073,307.5660400390625,7083200.0
2025-09-25,META,750.9028646268723,754.2116481824468,742.0329280425029,746.378173828125,10591100.0
2025-09-25,MSFT,504.15198973027213,505.84805701475193,500.9186136455738,502.8923645019531,15786500.0
2025-09-25,NVDA,174.06298508983102,179.82916955782613,172.71622074990066,177.26531982421875,191586700.0
2025-09-25,SPY,650.9175557518951,652.3718368923554,647.4252038153534,651.0263671875,89622100.0
2025-09-25,TLT,84.61678209521287,84.78820637052748,84.24536404301381,84.74059295654297,29882500.0
2025-09-25,XOM,111.41101237450077,112.63552488617954,111.18749478043796,112.3342514038086,15012600.0
2025-09-26,AAPL,253.16481067495934,256.6519291955366,252.84598111295833,254.51980590820312,46076300.0
2025-09-26,GLD,345.8299865722656,348.25,345.30999755859375,346.739990234375,11698200.0
2025-09-26,JPM,308.9888161441515,311.8441943720275,307.8113600348933,310.1270446777344,7258100.0
2025-09-26,META,747.4645278033088,749.387995888731,734.8572684361654,741.2356567382812,9696300.0
2025-09-26,MSFT,505.8976246789574,509.74596656687834,502.4856945681329,507.28619384765625,16213100.0
2025-09-26,NVDA,177.74415791919978,179.3403398828169,174.51189629291883,177.7641143798828,148573700.0
2025-09-26,SPY,652.4707616041429,655.3002210405111,650.8581544995363,654.756103515625,69179200.0
2025-09-26,TLT,84.75011433054864,85.20724816980825,84.46441203867029,84.6644058227539,30955100.0
2025-09-26,XOM,112.69383765243481,115.02624007101338,112.6549634137665,113.91835021972656,18568900.0
2025-09-29,AAPL,253.6231329894407,254.06151607705354,252.07883445903423,253.4936065673828,40127700.0
2025-09-29,GLD,351.7900085449219,352.8299865722656,351.2799987792969,352.4599914550781,15719600.0
2025-09-29,JPM,311.10828573544467,312.0404647281687,307.7721150397051,309.7640075683594,6462400.0
2025-09-29,META,746.1888636454856,748.2419580482833,736.65126931649,740.8869018554688,9246800.0
2025-09-29,MSFT,507.3258652143003,512.6321819161793,504.7272507672145,510.4005432128906,17617800.0
2025-09-29,NVDA,179.99875523700084,183.56023005067578,179.88903275637574,181.41537475585938,193063500.0
2025-09-29,SPY,657.2689261670223,658.1791500054463,654.7956099654933,656.59619140625,73499000.0
2025-09-29,TLT,85.03581416428278,85.46437118604179,85.00724466495153,85.35961151123047,32286200.0
2025-09-29,XOM,112.7910162029508,113.21862540114104,110.46833426642237,111.00284576416016,19189300.0
2025-09-30,AAPL,253.9220050782957,254.97810138533342,252.1784458386236,253.69285583496094,37704300.0
2025-09-30,GLD,351.1300048828125,355.57000732421875,350.8699951171875,355.4700012207031,13312400.0
2025-09-30,JPM,310.31346452838187,311.45169300349573,304.28870810842403,309.50885009765625,11823300.0
2025-09-30,META,739.7407284541446,740.4582652037509,723.8446373138524,731.8973388671875,16226800.0
2025-09-30,MSFT,509.05168089535164,513.9315141469417,505.5009089039439,513.7232666015625,19728200.0
2025-09-30,NVDA,181.64480411708308,186.9022123120565,181.04623211551163,186.13404846191406,236981000.0
2025-09-30,SPY,655.8542079251938,659.5345338964465,654.5482897020846,659.0695190429688,86288000.0
2025-09-30,TLT,85.38819108689745,85.75008353349638,84.95962678513776,85.11200714111328,38584000.0
2025-09-30,XOM,110.15734800250948,110.29340412684338,108.78706634614592,109.57424926757812,18076200.0
2025-10-01,AAPL,254.10134722927504,257.83756097799323,253.9917514638179,254.5098419189453,48713900.0
2025-10-01,GLD,356.1700134277344,356.9700012207031,354.7900085449219,356.0299987792969,15573600.0
2025-10-01,JPM,308.07628613361976,308.68464295873514,301.6394301376976,304.8774719238281,9235200.0
2025-10-01,META,719.050911987213,719.4096803677126,707.7991010033351,714.9149780273438,20419600.0
2025-10-01,MSFT,510.5989672146665,516.262392605391,507.5143608700387,515.4689331054688,22632300.0
2025-10-01,NVDA,184.7972757932568,187.69033860903804,183.46046686832446,186.79249572753906,173844900.0
2025-10-01,SPY,656.0916952927918,662.2255322042525,655.9828838603935,661.3153686523438,72545400.0
2025-10-01,TLT,85.48471346854078,85.6662931758194,85.1406715448478,85.3318099975586,39408900.0
2025-10-01,XOM,109.38959246283336,109.83663504878889,108.15536699883687,108.83564758300781,16614000.0
2025-10-02,AAPL,255.63569123318152,257.22980880920034,253.21464169746508,256.1836853027344,42630200.0
2025-10-02,GLD,358.260009765625,358.6700134277344,351.3999938964844,354.7900085449219,16162100.0
2025-10-02,JPM,304.1807853263183,304.7302708010082,300.3932583082978,301.7767639160156,7600000.0
2025-10-02,META,720.1373033168862,725.3097607250153,715.7123105005168,724.5921630859375,11415300.0
2025-10-02,MSFT,513.4158303625842,517.343476169315,506.5126054199375,511.53131103515625,21222900.0
2025-10-02,NVDA,189.146847340247,190.59337868298996,187.6105195355423,188.43853759765625,136805800.0
2025-10-02,SPY,663.2939389771905,663.4126533220159,659.6631277666079,662.0770263671875,56896000.0
2025-10-02,TLT,85.35094080819454,85.71410031044931,85.23626500006205,85.58030700683594,23208300.0
2025-10-02,XOM,108.81621982766848,109.90466881890825,107.90269378330424,108.1553726196289,13062600.0
2025-10-03,AAPL,253.73271197999827,258.2858846694617,253.01536064819075,257.07037353515625,49155600.0
2025-10-03,GLD,357.1199951171875,358.1400146484375,355.79998779296875,357.6400146484375,14464000.0
2025-10-03,JPM,302.718779227698,305.80964265751953,302.4243927447969,304.2102355957031,6029900.0
2025-10-03,META,727.1635004037289,728.5288642707344,707.7792387029896,708.157958984375,16154300.0
2025-10-03,MSFT,512.8801529316524,516.2425031799986,510.7973143114264,513.1281127929688,15112300.0
2025-10-03,NVDA,188.7378093314507,189.90501102540352,184.93691825112066,187.1715545654297,137596900.0
2025-10-03,SPY,662.838842966907,665.5001336306916,661.0283585893458,662.0671997070312,70494400.0
2025-10-03,TLT,85.65674140846612,85.74275554198978,85.31269945674556,85.4178237915039,25884500.0
2025-10-03,XOM,108.74818331118651,110.54607402115766,108.74818331118651,110.06987762451172,12950100.0
2025-10-06,AAPL,257.0404883747525,258.1165305885388,254.1113214696764,255.7452850341797,44664100.0
2025-10-06,GLD,362.1600036621094,365.29998779296875,361.3699951171875,364.3800048828125,17093700.0
2025-10-06,JPM,305.8371035459471,307.38512889871987,300.8578215934895,304.8511047363281,7214500.0
2025-10-06,META,702.8060248479621,714.4565078636942,688.1756596108709,713.2406005859375,21654700.0
2025-10-06,MSFT,514.377848960065,526.6965386672223,513.9712214168786,524.256591796875,21388600.0
2025-10-06,NVDA,185.0566446584491,186.78250559975277,182.8918329061041,185.09654235839844,157678100.0
2025-10-06,SPY,664.451431246289,665.3319462864663,662.314512664693,664.4415283203125,54623300.0
2025-10-06,TLT,84.77753128475871,85.20758739514773,84.72019338651516,84.73930358886719,28371000.0
2025-10-06,XOM,110.09903368290979,111.53734331429891,109.99213138962384,110.9833984375,12036800.0
2025-10-07,AAPL,255.86484387966763,256.45266881763376,254.48991791397023,255.53607177734375,31955800.0
2025-10-07,GLD,366.510009765625,367.2699890136719,364.54998779296875,366.260009765625,16836800.0
2025-10-07,JPM,305.01875022701944,305.66951307877287,300.43386159315816,303.3819885253906,8454200.0
2025-10-07,META,715.2937017364883,716.0710941262779,703.3641957962709,710.66943359375,12062900.0
2025-10-07,MSFT,523.9788048028778,525.4764919541412,517.1847292577561,519.7039794921875,14615200.0
2025-10-07,NVDA,185.78489078203316,188.6081286768816,183.56022492696124,184.5977325439453,140088000.0
2025-10-07,SPY,665.3616291701808,665.8068381763353,660.5436138980969,661.9781494140625,72020100.0
2025-10-07,TLT,85.02600988880675,85.41783102237635,84.8730991012368,85.22669982910156,29103300.0
2025-10-07,XOM,110.85706675882555,111.28467594749493,108.59269252173914,111.04171752929688,11945000.0
2025-10-08,AAPL,255.5758888188916,257.56852798749276,255.16739414069707,257.1102294921875,36496900.0
2025-10-08,GLD,371.6499938964844,373.57000732421875,370.5,372.29998779296875,28052300.0
2025-10-08,JPM,303.8946917756213,304.4567183318842,299.2999336047902,299.7732238769531,6489900.0
2025-10-08,META,711.0380954481734,717.2171476536749,705.4171476518181,715.4132690429688,10790600.0
2025-10-08,MSFT,519.0097599169904,522.6497936321297,518.8213080060119,520.56689453125,13363400.0
2025-10-08,NVDA,186.12408236678675,189.14683908131633,186.09414006589398,188.6580047607422,130168900.0
2025-10-08,SPY,663.0960778489103,666.0245059882836,662.2749199573431,665.925537109375,60702200.0
2025-10-08,TLT,85.62805460793938,85.64717209637517,85.1788884151097,85.29357147216797,22506200.0
2025-10-08,XOM,111.1583323936962,111.77059235046264,110.2156599629254,110.8084716796875,12301000.0
2025-10-09,AAPL,256.8611554198282,257.0504585775582,252.2083446799687,253.1050262451172,38322000.0
2025-10-09,GLD,373.1400146484375,373.2200012207031,362.8299865722656,365.42999267578125,33674800.0
2025-10-09,JPM,300.77893750215213,303.7270945284432,299.1422058887319,301.2522277832031,7060300.0
2025-10-09,META,715.8518398810967,731.0303344726562,710.0315555923428,731.0303344726562,12717200.0
2025-10-09,MSFT,518.07745494396,520.0512058016051,513.1777655449532,518.136962890625,18343600.0
2025-10-09,NVDA,191.77054228398893,194.83321191134357,190.60334055524348,192.1097412109375,182997200.0
2025-10-09,SPY,666.3411584665431,666.7467557943302,662.0672604073742,663.9963989257812,66501900.0
2025-10-09,TLT,85.21714108208153,85.331824172759,85.06423758569925,85.22669982910156,21578700.0
2025-10-09,XOM,111.20692788321571,112.2565100331723,109.56452659751527,109.72974395751953,10976200.0
2025-10-10,AAPL,254.00171816056968,255.436420799504,243.10197943699816,244.3673095703125,61999100.0
2025-10-10,GLD,367.5400085449219,370.30999755859375,365.44000244140625,369.1199951171875,24192800.0
2025-10-10,JPM,301.38045037298497,306.12310303651253,296.5983493251649,296.67724609375,8597400.0
2025-10-10,META,728.4490967829636,732.78442803905,702.1284029546202,702.9157104492188,16980100.0
2025-10-10,MSFT,515.3994727403434,519.3073226434543,505.47115003636685,506.790283203125,24133800.0
2025-10-10,NVDA,193.04749823427522,195.15245586263575,181.61489659616785,182.7222442626953,268774400.0
2025-10-10,SPY,664.9560020556908,666.7565834688588,645.8719162752307,646.0499877929688,159422600.0
2025-10-10,TLT,85.99123856298156,86.69843272241143,85.91478316974926,86.60286712646484,59389400.0
2025-10-10,XOM,109.09804934109887,109.44791005376213,107.59170419410415,107.61114501953125,13811600.0
2025-10-13,AAPL,248.46219085423505,248.7710475029622,244.6562426215344,246.74851989746094,38142900.0
2025-10-13,GLD,376.5,378.8599853515625,375.5799865722656,378.0899963378906,18514400.0
2025-10-13,JPM,301.3212684867699,305.1272097801061,301.17337467050265,303.6580810546875,10788700.0
2025-10-13,META,710.5996089558437,717.5061741064447,705.2477676379041,713.280517578125,9251800.0
2025-10-13,MSFT,512.1957986627914,512.1957986627914,507.50441729945595,509.8550720214844,14284200.0
2025-10-13,NVDA,187.52073401073042,189.65561858658472,185.51554359294212,187.86990356445312,153482800.0
2025-10-13,SPY,653.5985682812151,658.030731623523,652.7279561413051,655.9630126953125,79560500.0
2025-10-13,TLT,86.27793128012073,86.56463534562104,85.87655142137011,86.5550765991211,28035500.0
2025-10-13,XOM,108.39832506981655,109.13692071210326,108.18452048274652,109.07860565185547,10296500.0
2025-10-14,AAPL,245.69243161385845,247.9341508249242,243.79941515849077,246.85812377929688,35478000.0
2025-10-14,GLD,378.2099914550781,382.3800048828125,377.8999938964844,380.7900085449219,18409600.0
2025-10-14,JPM,301.5578902761218,302.70165257420854,290.0907186231138,297.85052490234375,16178800.0
2025-10-14,META,705.3873404797914,713.1310322093289,696.9658939978091,706.25439453125,8829800.0
2025-10-14,MSFT,506.0662879637401,511.07509568876407,501.87079590760095,509.3790283203125,14684300.0
2025-10-14,NVDA,184.32839277968645,184.35831986008523,179.2705030798172,179.59971618652344,205641400.0
2025-10-14,SPY,650.1556923521978,658.7232938317348,646.1983862715207,655.1616821289062,88779600.0
2025-10-14,TLT,86.63152444357253,86.88955224710006,86.42127578600888,86.83221435546875,29800000.0
2025-10-14,XOM,107.64030054987607,109.77833168160478,107.59170590004028,109.12720489501953,11167200.0
2025-10-15,AAPL,248.57177456170203,250.89320098009676,246.55920477705152,248.4223175048828,33893600.0
2025-10-15,GLD,385.92999267578125,387.760009765625,384.5899963378906,387.3900146484375,20598300.0
2025-10-15,JPM,302.1001843350741,307.7499381556482,301.1634734465224,301.40997314453125,11354800.0
2025-10-15,META,714.6358727912688,721.4527759491865,707.1114088212217,715.1242065429688,10246800.0
2025-10-15,MSFT,510.75768630195654,512.9694689959882,505.83814063109804,509.2401428222656,14694700.0
2025-10-15,NVDA,184.35831474003746,184.42813951825556,176.86625456034105,179.4001922607422,214450500.0
2025-10-15,SPY,659.70272543157,663.076302337462,651.8969246006144,658.0703125,81702600.0
2025-10-15,TLT,86.92778716624717,87.25271892527672,86.45951066622085,86.6410903930664,31333900.0
2025-10-15,XOM,109.62283878732902,110.37114743614104,107.84438142670133,108.46635437011719,12182900.0
2025-10-16,AAPL,247.33635013275978,248.1234359576197,244.22783772705108,246.53929138183594,39777000.0
2025-10-16,GLD,391.1499938964844,396.8699951171875,390.3999938964844,396.45001220703125,33621400.0
2025-10-16,JPM,301.0747572360179,304.3581201926382,292.9106878973514,294.360107421875,10549400.0
2025-10-16,META,715.1242355877501,723.0373960268438,701.5004654735715,709.6627807617188,9017000.0
2025-10-16,MSFT,508.3970827878481,512.6321960787722,503.9833851231019,507.4349670410156,15559600.0
2025-10-16,NVDA,181.79445210488134,182.84194556906473,179.34034021746592,181.37545776367188,179723300.0
2025-10-16,SPY,659.7027147054259,661.5725563129243,650.0963324960569,653.5886840820312,110563300.0
2025-10-16,TLT,86.50729737934242,87.44385775246414,86.44040073063286,87.29094696044922,39631200.0
2025-10-16,XOM,108.72875337123354,109.03002686476279,107.28072321186103,107.523681640625,11782200.0
2025-10-17,AAPL,247.1072067041429,252.4474806979352,246.3599669580113,251.36148071289062,49147000.0
2025-10-17,GLD,397.1400146484375,397.2799987792969,385.2200012207031,388.989990234375,62025000.0
2025-10-17,JPM,294.97143359875633,295.3559575215809,290.08088749555986,293.3938293457031,10153500.0
2025-10-17,META,704.6896374063629,716.1108563950927,703.7328609179003,714.496337890625,12232400.0
2025-10-17,MSFT,504.88592623971425,511.27334399694297,503.17003321642534,509.3888854980469,19867800.0
2025-10-17,NVDA,179.74934657743225,183.65999082680747,179.3203816221287,182.78208923339844,173135200.0
2025-10-17,SPY,652.46076337718,658.6539563270334,651.1152939599514,657.298583984375,96500900.0
2025-10-17,TLT,87.20492907841763,87.24315677158623,86.87044587717617,87.15714263916016,40240400.0
2025-10-17,XOM,108.48578653843487,109.72973982552386,108.04846436633875,109.07860565185547,13460100.0
2025-10-20,AAPL,254.94822099113512,263.4069798400544,254.68918336894043,261.27484130859375,90483000.0
2025-10-20,GLD,397.45001220703125,403.29998779296875,394.20001220703125,403.1499938964844,34523000.0
2025-10-20,JPM,294.32064593592156,299.43798218705626,293.9854099500461,298.1265869140625,6894900.0
2025-10-20,META,718.7519023248905,731.289390620618,717.7453070615727,729.6947631835938,8900200.0
2025-10-20,MSFT,510.41055088987974,514.4672014016805,509.24018745186737,512.57275390625,14665600.0
2025-10-20,NVDA,182.69232559478218,184.75737039526743,181.29566245050626,182.2034912109375,128544700.0
2025-10-20,SPY,660.197387427611,665.0352086527322,660.1479331778372,664.1348876953125,60493400.0
2025-10-20,TLT,87.40561642430701,87.50118200881978,87.23359545570935,87.49163055419922,28429300.0
2025-10-20,XOM,108.84536943126957,109.96297961815183,108.8259360205379,109.52565002441406,9523600.0
2025-10-21,AAPL,260.9161783410852,264.3136317818121,260.86634411857244,261.8028869628906,46695900.0
2025-10-21,GLD,386.5400085449219,388.8900146484375,375.6499938964844,377.239990234375,54101400.0
2025-10-21,JPM,297.436411288458,299.7929328501146,292.8416531202475,292.9303894042969,7372700.0
2025-10-21,META,733.5318410857864,736.0034377690635,726.2863984755653,730.7911376953125,7647300.0
2025-10-21,MSFT,513.2769402267872,514.4572316509175,508.8533142722573,513.4356079101562,15586200.0
2025-10-21,NVDA,182.35311411361405,182.35311411361405,179.37027013728058,180.72702026367188,124240200.0
2025-10-21,SPY,664.2733620876278,665.8068060270512,662.8289237149189,664.1249389648438,56249000.0
2025-10-21,TLT,87.91212551879289,88.10326398973373,87.83567742160369,87.92168426513672,24514300.0
2025-10-21,XOM,109.71030022674081,110.16706322885845,108.83564845827111,109.53536987304688,9202300.0
2025-10-22,AAPL,261.6833338430701,261.882609922878,254.4899051977633,257.4988098144531,45015300.0
2025-10-22,GLD,372.75,378.4700012207031,368.92999267578125,377.2799987792969,30524100.0
2025-10-22,JPM,293.60088610479784,293.88683421544886,286.47213320670807,289.99212646484375,8054100.0
2025-10-22,META,731.3492269695964,738.0962989037338,721.5823690736463,730.9306030273438,8734500.0
2025-10-22,MSFT,516.8971823641815,520.943843958813,513.4852520447155,516.2921142578125,18962700.0
2025-10-22,NVDA,180.7070509305708,183.00155667206866,176.33751483638122,179.84910583496094,162249600.0
2025-10-22,SPY,664.8274246920023,664.8274246920023,656.2202718491607,660.6722412109375,80564000.0
2025-10-22,TLT,87.91213014887782,88.09370988303814,87.74966790841204,87.9790267944336,30496200.0
2025-10-22,XOM,110.25452952377394,111.93580507533065,109.89495580258458,111.47904205322266,12938800.0
2025-10-23,AAPL,258.98329410338334,259.66078406832133,257.06040475940137,258.6246032714844,32754900.0
2025-10-23,GLD,381.4599914550781,382.25,378.6499938964844,378.7900085449219,13695500.0
2025-10-23,JPM,290.25834375227123,292.2204718178062,288.4145307332595,290.4161071777344,5438800.0
2025-10-23,META,732.2163225390138,739.9002195728755,730.6216949207216,731.5186767578125,9856000.0
2025-10-23,MSFT,518.1964086283891,519.6742395740552,514.3777908083965,516.3118896484375,14023500.0
2025-10-23,NVDA,179.988777912505,182.59254038327154,179.3602787988416,181.72462463378906,111363700.0
2025-10-23,SPY,660.9887422368442,665.5297769315139,660.672150546298,664.5899047851562,65604500.0
2025-10-23,TLT,87.5489741047149,87.7209950844298,87.2431598397981,87.376953125,28275100.0
2025-10-23,XOM,113.34495804742382,113.5587626407378,112.11073255125102,112.71327209472656,15001100.0
2025-10-24,AAPL,260.2287466983284,263.1579290692685,258.2261343576155,261.8527526855469,38253700.0
2025-10-24,GLD,378.510009765625,380.7699890136719,376.80999755859375,377.5199890136719,13263800.0
2025-10-24,JPM,291.93451945757295,298.36325106738366,291.31336547241364,296.2334899902344,7228300.0
2025-10-24,META,734.2991918313108,738.7042934120783,728.6783045992579,735.8638916015625,9151300.0
2025-10-24,MSFT,518.5237814648117,521.0628883153897,516.4607987679614,519.3370971679688,15532400.0
2025-10-24,NVDA,183.40059008116805,187.0219186862977,183.06140638753934,185.81480407714844,131296700.0
2025-10-24,SPY,669.2397551553117,671.2282504877203,668.4384031904034,670.0213012695312,74356500.0
2025-10-24,TLT,87.52984453874143,87.53940328384802,87.11891328457824,87.41516876220703,28266000.0
2025-10-24,XOM,113.07284436855093,113.18946707646688,111.93580077075434,112.13988494873047,9919400.0
2025-10-27,AAPL,263.90517991319996,268.12956591820625,263.67601542509226,267.8207092285156,44888200.0
2025-10-27,GLD,371.1300048828125,371.5899963378906,365.3399963378906,367.010009765625,23657600.0
2025-10-27,JPM,297.9294427867379,300.26625545589764,296.7955500258321,299.8915710449219,5642200.0
2025-10-27,META,747.1953964386955,753.1950643156673,745.4812403760276,748.28173828125,11321100.0
2025-10-27,MSFT,527.440383046071,530.2175212473691,524.6929685473742,527.1824951171875,18734700.0
2025-10-27,NVDA,189.53590332097463,191.54109366524804,187.97961914819697,191.03231811523438,153452700.0
2025-10-27,SPY,675.442806418656,678.2228112394536,674.8393317954225,677.926025390625,63339800.0
2025-10-27,TLT,87.27182587519769,87.72099215675055,87.05201846188079,87.71143341064453,30033600.0
2025-10-27,XOM,112.44115490567556,112.72298756536166,111.85805617489514,112.67440032958984,10975400.0
2025-10-28,AAPL,268.00000632210845,268.89671830922975,267.1631014853557,268.0099792480469,41534800.0
2025-10-28,GLD,361.80999755859375,365.29998779296875,360.1199951171875,364.3800048828125,19257600.0
2025-10-28,JPM,300.59159530101573,303.6580673748709,298.915415308335,301.0845947265625,6336000.0
2025-10-28,META,750.0856376808406,755.8361508831443,742.9996885933356,748.899658203125,12193800.0
2025-10-28,MSFT,545.5116410650497,549.2012543795508,536.356983260493,537.6463623046875,29986700.0
2025-10-28,NVDA,192.58860677151606,202.6644582837766,191.45133202040452,200.54953002929688,297986200.0
2025-10-28,SPY,679.7167206093349,681.5568533012904,677.520444889974,679.7266235351562,61738100.0
2025-10-28,TLT,87.77833366388303,88.09370667767978,87.74010596907246,87.9407958984375,23564500.0
2025-10-28,XOM,112.23706639389255,112.90763398641612,111.7511495678905,111.79002380371094,9535200.0
2025-10-29,AAPL,268.28896033752676,270.41112610592455,266.126933268734,268.7074279785156,51086700.0
2025-10-29,GLD,369.6499938964844,370.0799865722656,361.3599853515625,363.0,18891800.0
2025-10-29,JPM,299.2605157595805,303.93414060421026,298.7675163425421,301.2325134277344,7520300.0
2025-10-29,META,752.1985111114485,756.5935760115584,739.9998990805568,749.12890625,26818600.0
2025-10-29,MSFT,540.4929653309738,541.8121286840217,532.3499420595073,537.130615234375,36023000.0
2025-10-29,NVDA,207.482921843539,211.6828666070652,204.29057291407037,206.545166015625,308829600.0
2025-10-29,SPY,681.3689223981395,682.338503435176,675.5813864900747,680.0531616210938,85657100.0
2025-10-29,TLT,87.80699004177418,87.81654878690522,86.98511294897474,87.05200958251953,39551600.0
2025-10-29,XOM,111.68312434748483,113.7531348241486,111.57622204988705,113.17002868652344,12570600.0
2025-10-30,AAPL,270.98897852374654,273.131090148023,267.49191714200913,270.4011535644531,69886500.0
2025-10-30,GLD,365.0899963378906,370.3599853515625,364.5,370.1300048828125,14812800.0
2025-10-30,JPM,301.50859316866377,308.2330823767899,300.82825156305904,305.10748291015625,7514600.0
2025-10-30,META,666.8878512529341,678.6579231468259,647.9719749420648,664.2168579101562,88440100.0
2025-10-30,MSFT,526.150935240438,530.6042843733296,517.8591725476514,521.469482421875,41023100.0
2025-10-30,NVDA,204.65966800141675,205.66726375798942,200.9286166610889,202.4050750732422,178864400.0
2025-10-30,SPY,676.600418646911,678.6186229721906,672.5738525390625,672.5738525390625,76335800.0
2025-10-30,TLT,86.3830623499444,86.93735303114133,86.34483465215277,86.54552459716797,42649200.0
2025-10-30,XOM,113.15059081063988,113.23805227913105,111.30410541485863,111.45960235595703,16172900.0
2025-10-31,AAPL,275.9705701844509,276.29937269597025,268.16940070155243,269.37493896484375,86167100.0
2025-10-31,GLD,370.4700012207031,370.6600036621094,365.5,368.1199951171875,11077900.0
2025-10-31,JPM,304.22008283002725,308.4894444595929,302.9481359332913,306.7639465332031,7721300.0
2025-10-31,META,672.2297387877188,672.6084590133829,643.3875718813117,646.1581420898438,56953200.0
2025-10-31,MSFT,524.5640822050067,525.0004940086545,510.89650476941233,513.5844116210938,34006400.0
2025-10-31,NVDA,205.95656932325562,207.4729406961805,201.5870481318289,202.00604248046875,179802200.0
2025-10-31,SPY,677.7282029402567,677.7678146457715,671.9901213244605,674.780029296875,87164100.0
2025-10-31,TLT,86.54554162980018,86.64111453868244,86.20149957315397,86.28751373291016,38247300.0
2025-10-31,XOM,110.76959902188928,111.98439104416849,109.44790470848932,111.1388931274414,20213400.0
2025-11-03,AAPL,269.424736694289,269.8531467885877,265.2700709373508,268.05975341796875,50194600.0
2025-11-03,GLD,368.9100036621094,370.8399963378906,367.5400085449219,368.7799987792969,7254300.0
2025-11-03,JPM,306.64562981088375,307.94715546133403,301.92268708722753,305.01873779296875,7770000.0
2025-11-03,META,653.7823467127146,657.1011064498967,634.0293422915395,635.55419921875,33003600.0
2025-11-03,MSFT,515.5680732671589,520.6760707602963,510.3907002836433,512.810791015625,22374700.0
2025-11-03,NVDA,207.58265732795536,210.83485992622803,205.068676268978,206.38552856445312,180267300.0
2025-11-03,SPY,678.3514127088982,678.480029971011,672.6825917853487,676.0463256835938,57315000.0
2025-11-03,TLT,85.95661858542445,86.14844028673497,85.76478956658508,86.07170867919922,40752300.0
2025-11-03,XOM,111.27495623795205,111.75115266456905,110.43917868090855,110.55580139160156,12290300.0
2025-11-04,AAPL,267.3424445625432,270.49081837885313,266.6350661079627,269.0461730957031,49274800.0
2025-11-04,GLD,363.4800109863281,365.739990234375,361.3900146484375,362.32000732421875,11540100.0
2025-11-04,JPM,302.41569006657147,307.84855320102554,300.8282464075632,304.9201354980469,7085200.0
2025-11-04,META,625.9168165443936,639.5705142822006,623.8937108241939,625.1992797851562,27356600.0
2025-11-04,MSFT,507.5837474278435,511.34279700787874,503.6957236126803,510.1327819824219,20958700.0
2025-11-04,NVDA,202.51479915904252,203.48248192945988,197.4569099225941,198.21510314941406,188919300.0
2025-11-04,SPY,668.8934850512616,672.702428076588,667.3798469971412,668.0327758789062,78427000.0
2025-11-04,TLT,86.1100484889692,86.37860171674744,86.07168269678279,86.26351165771484,26383800.0
2025-11-04,XOM,110.18649135994585,111.12917114221159,109.34100086968844,110.92508697509766,16860700.0
2025-11-05,AAPL,267.6214146886098,270.7000692568828,265.94760492323326,269.14581298828125,43683100.0
2025-11-05,GLD,366.3900146484375,367.1000061035156,364.6499938964844,366.510009765625,8357300.0
2025-11-05,JPM,305.2750763211935,308.71623262048166,301.35082032546103,307.31610107421875,6865200.0
2025-11-05,META,630.1724613898772,640.0589096060615,624.4219475211817,633.8001708984375,20219900.0
2025-11-05,MSFT,509.11117977922714,510.6287232020861,502.4460174356622,503.02130126953125,23024300.0
2025-11-05,NVDA,198.29492759193732,202.43500266122365,194.18476438007542,194.74343872070312,171350300.0
2025-11-05,SPY,667.7755543304748,673.5927987432043,666.9742023136038,670.3478393554688,74402400.0
2025-11-05,TLT,85.85109843733788,85.8894642339479,85.24684628763933,85.32357788085938,44643400.0
2025-11-05,XOM,110.87650583197897,111.93580844495868,110.46833744804312,110.47805786132812,12400900.0
2025-11-06,AAPL,266.90407480138714,272.3937751745226,266.90407480138714,268.7771301269531,51204000.0
2025-11-06,GLD,367.1600036621094,368.17999267578125,364.70001220703125,366.07000732421875,6891100.0
2025-11-06,JPM,306.6357687557767,310.4318702971036,305.9160088624015,309.0317687988281,7206100.0
2025-11-06,META,633.7004019945108,633.8499192315176,615.9107705740217,616.8475952148438,23628800.0
2025-11-06,MSFT,501.53353925537283,501.5732213085109,491.7639146320967,493.04339599609375,27406500.0
2025-11-06,NVDA,195.9505570232203,197.14768599494536,185.93455918559198,187.6304931640625,223029800.0
2025-11-06,SPY,669.2496813312496,670.150002278421,661.5824008089137,663.1554565429688,85035300.0
2025-11-06,TLT,85.89904474737708,86.17719126701455,85.87027223112612,86.09087371826172,33027400.0
2025-11-06,XOM,110.4391706240461,111.70255728029366,110.4391706240461,111.27494812011719,14219700.0
2025-11-07,AAPL,268.80702532983145,271.2878818962731,265.7881780523408,267.48193359375,48227400.0
2025-11-07,GLD,367.94000244140625,370.4200134277344,366.4200134277344,368.30999755859375,11060400.0
2025-11-07,JPM,307.5231746391179,310.02758988101914,303.3326798145578,309.8106689453125,7302300.0
2025-11-07,META,614.4058914069517,620.0268394880455,599.1676024999227,619.6082763671875,29946800.0
2025-11-07,MSFT,492.89463000746537,495.30479262227396,489.2248119110569,492.76568603515625,24019800.0
2025-11-07,NVDA,184.45806985353664,187.86990920765928,178.4823961188316,187.70030212402344,264942300.0
2025-11-07,SPY,660.7809522833221,663.9171603670279,654.1525138805237,663.8082885742188,100592400.0
2025-11-07,TLT,85.70722306926285,86.19637779796864,85.70722306926285,85.90863800048828,28530100.0
2025-11-07,XOM,111.96496236003543,114.20018288919466,111.66369627848462,113.91835021972656,17181100.0
2025-11-10,AAPL,268.22988302493957,272.9869540449525,266.7339548671466,268.6986083984375,41312400.0
2025-11-10,GLD,375.92999267578125,378.6600036621094,374.7799987792969,378.3800048828125,13456200.0
2025-11-10,JPM,310.5896337890794,315.08578608051664,309.8106862822301,312.45318603515625,5794100.0
2025-11-10,META,628.9565496273584,632.8533046281837,616.0203887455347,629.624267578125,19245000.0
2025-11-10,MSFT,495.9594336108676,502.7138582055711,494.729532044403,501.87078857421875,26101500.0
2025-11-10,NVDA,194.6436788693004,199.46213677715232,193.32682642239038,198.5742645263672,198897100.0
2025-11-10,SPY,670.0113821047929,674.898656794851,667.8250094695628,674.1665649414062,75842900.0
2025-11-10,TLT,85.83191297761667,86.00455540580525,85.73600214362915,85.88946533203125,24093500.0
2025-11-10,XOM,114.13214580783787,115.11369245227725,112.20791192555146,114.89017486572266,13048000.0
2025-11-11,AAPL,269.0776024957972,275.1610502271484,269.06761990152603,274.5028381347656,46208300.0
2025-11-11,GLD,379.9800109863281,380.3999938964844,376.8699951171875,379.8699951171875,10753200.0
2025-11-11,JPM,313.05464094031504,314.58292715130625,310.86572224729366,311.2009582519531,5030200.0
2025-11-11,META,625.8769557835792,627.431679546322,617.29607772438,624.9600830078125,13302200.0
2025-11-11,MSFT,500.68055811559174,505.4414057875519,498.2505695472254,504.5289001464844,17980000.0
2025-11-11,NVDA,194.69355355890158,194.9529266552934,190.84277869998112,192.69833374023438,176483300.0
2025-11-11,SPY,672.6925881240425,676.2739453424548,671.4855783543771,675.7100219726562,58953400.0
2025-11-11,TLT,86.27310630656649,86.3882036947177,86.11005716149782,86.28269958496094,18942300.0
2025-11-11,XOM,115.4829957289592,117.40722222583193,115.4829957289592,116.40623474121094,16077100.0
2025-11-12,AAPL,274.25347600982695,274.9815052844664,270.9624464716027,272.7276306152344,48398000.0
2025-11-12,GLD,380.07000732421875,387.4599914550781,379.44000244140625,385.989990234375,16203700.0
2025-11-12,JPM,311.83200002815875,317.7381233989844,311.782682032414,315.92388916015625,10578300.0
2025-11-12,META,626.0065293511232,626.8636074098682,605.7153735895874,606.951171875,24493300.0
2025-11-12,MSFT,505.203338237195,507.494515261433,495.0469117437556,506.9688415527344,26574900.0
2025-11-12,NVDA,195.2522010776849,195.42179292552225,190.67317551912151,193.3367919921875,154935300.0
2025-11-12,SPY,677.4809224347684,677.6491514285055,673.6819422079296,676.0859985351562,62312500.0
2025-11-12,TLT,86.27310077442222,86.62797887698683,86.20596246502102,86.4361572265625,23594900.0
2025-11-12,XOM,115.74538444838527,115.92031479926958,114.47228475914534,114.7929916381836,13790900.0
2025-11-13,AAPL,273.36590026791555,275.9488963676571,271.3513946141157,272.2090759277344,49602800.0
2025-11-13,GLD,387.2900085449219,388.17999267578125,381.2099914550781,382.8699951171875,15867900.0
2025-11-13,JPM,314.7604311532612,316.14082355780937,304.7722577523736,305.1469421386719,8973300.0
2025-11-13,META,610.9974282481795,615.5619618736964,600.9614641591972,607.8281860351562,20973800.0
2025-11-13,MSFT,506.1455939798088,509.3095642884979,497.1992129195551,499.1828918457031,25273100.0
2025-11-13,NVDA,190.59337913278358,190.9824463944715,183.41059072037282,186.41339111328125,207423100.0
2025-11-13,SPY,673.2367288900627,673.5928719621189,663.3632690735044,664.8670043945312,103457800.0
2025-11-13,TLT,86.12923179733004,86.26350840615783,85.72639465332031,85.72639465332031,33825900.0
2025-11-13,XOM,115.28862536860791,116.38680215875796,114.9484850676996,115.44412231445312,17291900.0
2025-11-14,AAPL,270.31420819279356,275.21088338895913,268.8681625557137,271.6705322265625,47431300.0
2025-11-14,GLD,372.8699951171875,378.20001220703125,370.8900146484375,375.9599914550781,15198000.0
2025-11-14,JPM,303.20451997960254,303.3327046462357,297.0124483237873,299.3591003417969,10327000.0
2025-11-14,META,599.7556041676178,611.6054241702889,593.1879159768617,607.3997192382812,20724100.0
2025-11-14,MSFT,494.16416907736203,507.42505738590404,493.38060745410195,506.0166320800781,28505700.0
2025-11-14,NVDA,182.42294356130517,190.55345800755302,180.14839424900484,189.71546936035156,186591900.0
2025-11-14,SPY,658.2780414721369,668.4482860302248,656.1905771441307,664.7581176757812,96846700.0
2025-11-14,TLT,86.11964255755205,86.1675943100806,85.23725128173828,85.23725128173828,38550500.0
2025-11-14,XOM,116.12055397963738,117.13030423595934,114.36576278199473,116.94403839111328,17064300.0
2025-11-17,AAPL,268.09027174019775,269.7557213346742,265.00866346949266,266.73394775390625,45018300.0
2025-11-17,GLD,374.0400085449219,375.4599914550781,368.5199890136719,371.6499938964844,13295200.0
2025-11-17,JPM,299.74363974118836,301.31137424610444,293.5022804823602,296.1644592285156,8344000.0
2025-11-17,META,606.980994504603,609.6220599721263,593.3871535288397,599.9747924804688,16501300.0
2025-11-17,MSFT,504.3008205535495,507.94085467406336,500.7897001462128,503.3486328125,19092800.0
2025-11-17,NVDA,185.52552307898492,188.54828000089623,183.87947275520656,186.15402221679688,173628900.0
2025-11-17,SPY,662.551894702408,666.5191031831638,655.1022380100518,658.5648803710938,90456100.0
2025-11-17,TLT,85.43867148570683,85.64967969895045,85.34276065719442,85.44825744628906,25605800.0
2025-11-17,XOM,116.63031603758692,117.14989176671764,114.80689452973157,115.36568450927734,16034900.0
2025-11-18,AAPL,269.2570854665072,269.9751321987233,264.59977951795884,266.7140197753906,45677300.0
2025-11-18,GLD,374.8299865722656,375.5400085449219,371.6199951171875,374.3500061035156,7818800.0
2025-11-18,JPM,295.30663178632864,298.70833958092004,292.86134400280395,295.2178955078125,8077300.0
2025-11-18,META,589.6000552799869,601.6192836786712,581.8065445386262,595.6694946289062,25500600.0
2025-11-18,MSFT,491.32749949419616,498.8754133867433,482.8076023204449,489.7604064941406,33815100.0
2025-11-18,NVDA,182.94170515591497,184.35830936263392,179.22060933347112,180.92652893066406,213598900.0
2025-11-18,SPY,655.0330664835586,658.0208519047019,648.8596786437042,653.03466796875,114467500.0
2025-11-18,TLT,85.69761822273186,85.79352903643566,85.170105088598,85.41947174072266,31967400.0
2025-11-18,XOM,114.9539526464096,117.13029505260532,114.18929341814709,116.68914031982422,15808500.0
2025-11-19,AAPL,264.80918960656476,271.47104873805114,264.77927226211665,267.8309631347656,40424500.0
2025-11-19,GLD,377.7799987792969,380.1700134277344,373.0299987792969,374.9599914550781,10980400.0
2025-11-19,JPM,295.5432899586994,300.1873662746028,295.0798692888629,299.02386474609375,5546600.0
2025-11-19,META,591.7128101062766,593.3174134864839,579.2849960343485,588.3243408203125,24744700.0
2025-11-19,MSFT,486.1005289347495,491.14898819063853,478.88983663624714,483.14483642578125,23245300.0
2025-11-19,NVDA,184.3483273978252,187.41099710874653,182.39302051116815,186.07420349121094,247246400.0
2025-11-19,SPY,653.7272041810384,660.2171837101976,651.7188423695233,655.5574340820312,94703000.0
2025-11-19,TLT,85.58253264305453,85.65925690750906,85.21806128740829,85.24683380126953,25782400.0
2025-11-19,XOM,114.55201596702355,115.85586186327224,113.65011056424346,115.04218292236328,15919200.0
2025-11-20,AAPL,270.09480618650156,274.68232536305425,265.1981613886433,265.5272521972656,45823600.0
2025-11-20,GLD,375.2900085449219,377.69000244140625,371.8500061035156,374.8500061035156,10506500.0
2025-11-20,JPM,302.05087369332443,305.5807663052954,293.9854105998292,294.20233154296875,7501600.0
2025-11-20,META,601.4597887996167,604.6688739678727,581.3778841958236,587.1583251953125,20603000.0
2025-11-20,MSFT,489.60385435710714,490.45844852333465,472.50235794747454,475.41387939453125,26802500.0
2025-11-20,NVDA,195.4816571057099,195.53154064523628,179.42014682895694,180.208251953125,343504800.0
2025-11-20,SPY,665.7276649913678,668.3494043558474,644.9320631333248,645.5652465820312,165293500.0
2025-11-20,TLT,85.35234003832142,85.76476315490729,85.35234003832142,85.58253479003906,32945000.0
2025-11-20,XOM,115.65979317287263,116.66953586139736,114.44417378999563,114.71866607666016,14401000.0
2025-11-21,AAPL,265.22808167538,272.5880228442522,264.9488429624803,270.7530212402344,59030800.0
2025-11-21,GLD,374.0299987792969,377.2300109863281,372.94000244140625,374.2699890136719,13194600.0
2025-11-21,JPM,297.0715864028587,297.456110287291,288.71030575970536,293.84735107421875,11766800.0
2025-11-21,META,586.5105272163902,596.0980011467227,579.8929596850738,592.2410888671875,21052600.0
2025-11-21,MSFT,475.4834301610789,475.9007957312625,465.3179114267742,469.1436462402344,31769200.0
2025-11-21,NVDA,180.80681345200097,184.11887021564362,172.51666286870193,178.45245361328125,346926200.0
2025-11-21,SPY,648.0583498819193,657.4569521849606,643.9031662606766,651.9959106445312,123956200.0
2025-11-21,TLT,85.98536158456629,86.00454082110033,85.55375192852368,85.84149169921875,41938600.0
2025-11-21,XOM,114.68925477292015,115.07158437525726,113.37561100680882,114.7774887084961,15667600.0
2025-11-24,AAPL,270.164627965921,276.24807542504453,270.164627965921,275.1710205078125,65585800.0
2025-11-24,GLD,374.8800048828125,380.2799987792969,374.19000244140625,380.20001220703125,10085300.0
2025-11-24,JPM,294.0642973394352,295.6221924256846,290.386540762355,293.8276672363281,10940200.0
2025-11-24,META,596.6958461556452,614.6151015739796,595.6095652409326,610.9774169921875,23554900.0
2025-11-24,MSFT,472.0055061050608,473.89352206444323,465.0694984877541,471.0118103027344,34421000.0
2025-11-24,NVDA,179.06099432644913,183.0614042749852,176.05817898815633,182.11367797851562,256618300.0
2025-11-24,SPY,655.6167144034767,662.9080451404715,654.5284795169995,661.5922241210938,80437900.0
2025-11-24,TLT,86.27309798230363,86.38819535934938,86.11004885296713,86.33065032958984,30865700.0
2025-11-24,XOM,114.89512993221705,114.89512993221705,112.48350943901481,113.68932342529297,18034900.0
2025-11-25,AAPL,274.52274228722064,279.6188865292943,274.5028075356392,276.2181396484375,46914200.0
2025-11-25,GLD,380.260009765625,382.5199890136719,378.05999755859375,380.0799865722656,10462800.0
2025-11-25,JPM,295.848951187077,300.236658228506,291.42182585555855,298.7576599121094,8877200.0
2025-11-25,META,621.8904932046078,634.8963639496133,616.209750572071,634.0691528320312,25213000.0
2025-11-25,MSFT,471.08139630740516,476.12935785467323,461.95927573241335,473.98297119140625,28019800.0
2025-11-25,NVDA,174.49194072660026,177.73417270583553,169.14475137656873,177.39498901367188,320600300.0
2025-11-25,SPY,661.4933747936815,668.9924864834618,657.3876457131933,667.815185546875,81077100.0
2025-11-25,TLT,86.61839258727863,86.88694584654941,86.44575016095779,86.55125427246094,36503300.0
2025-11-25,XOM,112.914847977459,113.62068951387047,111.94431960456993,112.25802612304688,14434600.0
2025-11-26,AAPL,276.2081750495132,278.7712060098946,275.8790842359358,276.79656982421875,33431400.0
2025-11-26,GLD,381.05999755859375,383.7799987792969,380.4599914550781,383.1199951171875,9184100.0
2025-11-26,JPM,300.7296512123902,304.21022597199055,298.95486530692773,303.33270263671875,7910900.0
2025-11-26,META,635.5342418532664,636.2019598341516,629.4947305871518,631.468017578125,15209500.0
2025-11-26,MSFT,483.244222260298,485.23161394332453,478.1664510662567,482.4393310546875,25709100.0
2025-11-26,NVDA,181.1958831941039,182.4728225932506,177.81398638784032,179.8291473388672,183852000.0
2025-11-26,SPY,670.3973686817876,674.4239350690651,669.4970476879164,672.4254760742188,71879600.0
2025-11-26,TLT,86.46493020812488,86.93489837646484,86.15801117527656,86.93489837646484,34099000.0
2025-11-26,XOM,112.16001085320482,113.46384932290243,112.06197147468312,112.51292419433594,11650600.0
2025-11-28,AAPL,276.5073375714406,278.2426042891834,275.2407657367699,278.093017578125,20135600.0
2025-11-28,GLD,385.9800109863281,388.0,384.989990234375,387.8800048828125,7175400.0
2025-11-28,JPM,304.7722465716023,309.3275563846455,303.9242719247256,308.6965026855469,4322400.0
2025-11-28,META,633.9297145559904,645.8592201326509,633.351658244955,645.7595825195312,11033200.0
2025-11-28,MSFT,484.5260924315005,489.5243812398697,483.5820692635899,488.9082946777344,14386700.0
2025-11-28,NVDA,178.5821404669205,178.86147001761242,176.07814512953246,176.5769500732422,121332800.0
2025-11-28,SPY,673.5928002628821,676.3728052050843,673.2366572287348,676.0958251953125,49212000.0
2025-11-28,TLT,86.76225692202455,86.82939523252941,86.27310219261659,86.52247619628906,40704300.0
2025-11-28,XOM,112.68937191455296,116.40483806561917,112.5619312079222,113.64029693603516,7240800.0
2025-12-01,AAPL,277.255303275414,282.650620542313,275.390384584981,282.33148193359375,46587700.0
2025-12-01,GLD,390.6099853515625,390.70001220703125,388.05999755859375,389.75,11177100.0
2025-12-01,JPM,308.5683618849884,309.6430970545817,304.2201032083801,304.59478759765625,7727300.0
2025-12-01,META,637.3878853503733,643.1383983949365,635.6039586340122,638.7034301757812,13029900.0
2025-12-01,MSFT,485.3607732415945,486.7718042788117,481.59465771305275,483.6714782714844,23964000.0
2025-12-01,NVDA,174.34231895632354,179.8690869073362,173.26489832447646,179.489990234375,188131000.0
2025-12-01,SPY,671.5647168500374,675.7000943604489,671.4954567492206,673.0091552734375,61201200.0
2025-12-01,TLT,85.52237912934874,85.65713524735675,85.38762301134071,85.44537353515625,47086600.0
2025-12-01,XOM,113.81676607945676,115.10100859456215,113.81676607945676,114.33634185791016,12658100.0
2025-12-02,AAPL,282.231773534172,286.619823290159,281.86278279875575,285.4131164550781,53669500.0
2025-12-02,GLD,388.8699951171875,388.9800109863281,382.9100036621094,387.239990234375,8103900.0
2025-12-02,JPM,304.4172805196406,306.1329390093465,302.7903884074122,303.5693359375,7249000.0
2025-12-02,META,640.1685571180485,645.6798309839221,635.9129726489192,644.9124145507812,11640900.0
2025-12-02,MSFT,483.6516286444489,490.38888506208144,483.2541563831954,486.91094970703125,19562700.0
2025-12-02,NVDA,181.32557695606172,185.2162648499111,179.56978894419797,181.02630615234375,182632200.0
2025-12-02,SPY,674.6414676887413,676.5212120744054,672.0791460292079,674.2556762695312,62953800.0
2025-12-02,TLT,85.26248956884763,85.62825510492804,85.14698118414249,85.48387145996094,27605700.0
2025-12-02,XOM,114.15008279695115,114.3069323331814,112.43449845560603,113.11092376708984,14607700.0
2025-12-03,AAPL,285.4231155973949,287.8365294074879,282.5309633672564,283.378662109375,43538700.0
2025-12-03,GLD,388.4599914550781,390.1300048828125,385.8299865722656,386.8800048828125,7886800.0
2025-12-03,JPM,302.89888957433027,307.98661767851587,302.5044659219624,307.7598571777344,8535300.0
2025-12-03,META,642.2314810232181,646.6564735939825,635.3946865356451,637.437744140625,11134300.0
2025-12-03,MSFT,473.3171775583083,481.18723109312356,472.2042431453193,474.7182922363281,34615100.0
2025-12-03,NVDA,180.6472109015755,182.01393165685582,178.68191808959097,179.1607666015625,165138000.0
2025-12-03,SPY,673.3058831691028,677.5995259804546,672.4352710962247,676.5904541015625,57238500.0
2025-12-03,TLT,85.58975407975738,85.82077085394437,85.41649517094584,85.7245101928711,23278600.0
2025-12-03,XOM,113.66971368830343,115.65979780503157,113.60109061388896,115.48333740234375,16819100.0
2025-12-04,AAPL,283.32881389666403,283.9571086251454,277.8337611056945,279.93804931640625,43989100.0
2025-12-04,GLD,386.9200134277344,388.0,385.3999938964844,387.1300048828125,6754400.0
2025-12-04,JPM,308.87399188892334,314.03074632461573,308.6176225735461,311.6742248535156,9627800.0
2025-12-04,META,673.7147555733686,673.8143931879296,657.8186630061315,659.293701171875,29874600.0
2025-12-04,MSFT,476.7355376297969,478.28570075231454,473.48613274494215,477.8087158203125,22318200.0
2025-12-04,NVDA,181.19598816136636,184.08922700452197,179.53987513877786,182.95188903808594,167364900.0
2025-12-04,SPY,677.9854045442221,678.05466464181,674.0677104452674,677.0851440429688,61970300.0
2025-12-04,TLT,85.5801318681125,85.5993795936783,85.16623600370421,85.26248931884766,25541500.0
2025-12-04,XOM,115.1892321392773,116.01270901724688,114.36575526130771,114.83631134033203,13686900.0
2025-12-05,AAPL,279.77848663840757,280.37686403379615,277.29522501275557,278.02325439453125,47265800.0
2025-12-05,GLD,389.1199951171875,391.739990234375,386.17999267578125,386.44000244140625,9449800.0
2025-12-05,JPM,311.2206641139725,314.0208969911127,310.2740836361238,310.6290588378906,6518900.0
2025-12-05,META,661.7552947151958,672.4091587454953,660.1507520483126,671.1434326171875,21207900.0
2025-12-05,MSFT,479.4780948278929,480.35255199911325,475.86105782216015,480.11407470703125,22608700.0
2025-12-05,NVDA,183.46070200471706,184.22890867632069,180.48766317737477,181.98416137695312,143971100.0
2025-12-05,SPY,678.1535936302283,681.0424704296607,677.2731389541586,678.3712768554688,79241000.0
2025-12-05,TLT,85.23362417942174,85.23362417942174,84.75235020290023,84.86785125732422,32808100.0
2025-12-05,XOM,114.4539847645169,116.44406141854374,114.12067482295866,114.24811553955078,12516900.0
2025-12-08,AAPL,277.374989388386,278.9108174051644,275.4003533668138,277.1356506347656,38211800.0
2025-12-08,GLD,387.0199890136719,387.239990234375,384.010009765625,385.4200134277344,6822100.0
2025-12-08,JPM,310.64879808375287,312.0390600856641,308.96274846028484,310.79669189453125,7417200.0
2025-12-08,META,667.0772897369646,674.4223702205642,662.821705218268,664.5458374023438,13161000.0
2025-12-08,MSFT,481.8331697469475,489.19642891935564,481.3263751862239,487.92449951171875,21965900.0
2025-12-08,NVDA,182.213626289633,187.56111397793046,181.9741810893209,185.11683654785156,204378100.0
2025-12-08,SPY,679.2617413091358,679.3111955598065,674.2953027143022,676.3333129882812,55231500.0
2025-12-08,TLT,84.88710946978125,84.89672966223382,84.28069953698493,84.58871459960938,32255200.0
2025-12-08,XOM,113.55206799921592,114.69905677188999,112.7776033850286,113.6991195678711,14904200.0
2025-12-09,AAPL,277.40493251311347,279.2698514894354,276.16830825817004,276.4275817871094,32193300.0
2025-12-09,GLD,385.6199951171875,388.2099914550781,385.2699890136719,387.3999938964844,6358700.0
2025-12-09,JPM,310.5403783790639,314.336450228146,295.8193913272319,296.30255126953125,18049200.0
2025-12-09,META,661.5261117632423,662.2336726422647,651.1313781996487,654.7391357421875,12997100.0
2025-12-09,MSFT,486.01663804004494,489.0175885389743,485.4204144751398,488.918212890625,14696100.0
2025-12-09,NVDA,185.12679644575,185.2864265695677,182.89203560496765,184.53817749023438,144719700.0
2025-12-09,SPY,675.8584445640498,678.0745263345831,675.3044241214166,675.7495727539062,58310100.0
2025-12-09,TLT,85.03146910167597,85.04109663589703,84.55019520181956,84.67533111572266,25771800.0
2025-12-09,XOM,114.60103497720259,118.10082671847627,114.59122954393455,115.92448425292969,23790800.0
2025-12-10,AAPL,276.99605153243056,278.9906225605669,275.6896099437804,278.02325439453125,33038300.0
2025-12-10,GLD,385.95001220703125,389.760009765625,384.5,389.04998779296875,9120500.0
2025-12-10,JPM,296.2926621709551,306.8329925602339,294.2812160390869,305.7680969238281,18874100.0
2025-12-10,META,647.7527447265774,652.2973264314004,641.2249002906431,647.93212890625,16910900.0
2025-12-10,MSFT,480.97857754952304,481.19719183884354,472.084987996716,475.5430603027344,35756200.0
2025-12-10,NVDA,184.53819180758595,185.0469957406681,181.61502392815055,183.35096740722656,162785400.0
2025-12-10,SPY,675.2747265375898,681.616283144729,674.0380683519487,680.2312622070312,85671300.0
2025-12-10,TLT,84.70422173089378,85.20474344627578,84.56946560199637,85.00260925292969,46833500.0
2025-12-10,XOM,116.3950417739158,117.51262176910427,116.04212098813484,117.1891098022461,19845200.0
2025-12-11,AAPL,278.342340640522,278.83100071126506,273.06669274298736,277.2752380371094,33248000.0
2025-12-11,GLD,389.0199890136719,394.0899963378906,388.5,393.239990234375,11240600.0
2025-12-11,JPM,304.9102649889192,313.5476242674454,304.9102649889192,312.9363098144531,9721900.0
2025-12-11,META,641.1152803360264,653.0647981949571,638.6337077300913,650.5034790039062,13056700.0
2025-12-11,MSFT,473.6252734590456,482.96600869209163,472.86010822118624,480.4221496582031,24669200.0
2025-12-11,NVDA,179.85912243695617,180.89670300875093,176.20766331092784,180.50759887695312,182136600.0
2025-12-11,SPY,677.8271327535609,681.8932499368323,674.8888018222121,681.8140869140625,86173700.0
2025-12-11,TLT,85.36836648896204,85.50312259308589,84.85821733139933,84.88709259033203,26778700.0
2025-12-11,XOM,116.76756594586071,117.99298326333523,116.72835169417907,117.1891098022461,14781800.0
2025-12-12,AAPL,277.14562382282355,278.4620479370953,276.0685689150702,277.52459716796875,39532900.0
2025-12-12,GLD,399.1600036621094,400.3900146484375,391.4700012207031,395.44000244140625,16792100.0
2025-12-12,JPM,315.2040954937631,315.7858311866128,312.16723236849225,314.0603332519531,8982900.0
2025-12-12,META,647.6033016180266,708.5964236692454,636.4511276224844,642.0521240234375,14016900.0
2025-12-12,MSFT,476.79515128743174,479.4085762318817,473.3370788032073,475.5132751464844,21248100.0
2025-12-12,NVDA,180.68718311570447,182.39319766595756,174.21232912082112,174.6114044189453,204274900.0
2025-12-12,SPY,680.8247713558317,681.5272148787925,671.9208332382598,674.4832153320312,113160300.0
2025-12-12,TLT,84.10744201041297,84.22295041469876,83.92456288320025,84.06893920898438,47030100.0
2025-12-12,XOM,117.09108609167848,117.56164218601954,115.98330397251515,116.4832763671875,14459500.0
2025-12-15,AAPL,279.3894873363706,279.3894873363706,272.0993337942639,273.3658752441406,50409100.0
2025-12-15,GLD,397.760009765625,398.7099914550781,394.07000732421875,395.79998779296875,11345000.0
2025-12-15,JPM,315.1153648797306,318.3593094805321,313.9321843288561,315.5393371582031,10864100.0
2025-12-15,META,644.0420011784053,651.3232442601446,637.0599755890928,645.8473510742188,15549100.0
2025-12-15,MSFT,477.0733729131614,477.6894594742654,469.5411415575728,471.82666015625,23727700.0
2025-12-15,NVDA,177.52457493122958,178.00345003705766,174.62136510726435,175.87841796875,164775600.0
2025-12-15,SPY,678.4207075198718,678.4405133715769,671.999988545765,673.4641723632812,90811000.0
2025-12-15,TLT,84.43470878106379,84.58871263697363,84.11706618969839,84.12669372558594,28611800.0
2025-12-15,XOM,116.66953969111152,116.68914307822224,114.55201487415584,115.44412231445312,16358700.0
2025-12-16,AAPL,272.07941349564567,274.752131096348,271.0522107383373,273.8645324707031,37648600.0
2025-12-16,GLD,397.75,398.7099914550781,394.5899963378906,395.8900146484375,9201600.0
2025-12-16,JPM,314.6223718715413,315.0463441586525,309.9980348220149,311.1319274902344,8331300.0
2025-12-16,META,641.8476715248971,660.8387602004772,641.5484540168895,655.462646484375,14309100.0
2025-12-16,MSFT,468.9350114671635,474.87732355778707,467.911505956298,473.38677978515625,20705600.0
2025-12-16,NVDA,175.84850127733236,178.0733061224419,174.4916756985292,177.3050994873047,148588100.0
2025-12-16,SPY,671.9802885924641,673.8105790364921,667.7756505337214,671.6241455078125,122030600.0
2025-12-16,TLT,83.92456148112257,84.62721740039473,83.9053064089007,84.58871459960938,41018700.0
2025-12-16,XOM,114.47358447642657,114.54220754921194,112.35606717379666,112.42469024658203,17638700.0
2025-12-17,AAPL,274.2634587890498,275.41033087528734,270.9026119684932,271.10205078125,50138700.0
2025-12-17,GLD,398.0799865722656,399.9800109863281,397.25,399.2900085449219,10456900.0
2025-12-17,JPM,313.97159360923496,314.8984348971578,310.254388930852,310.5699157714844,8718700.0
2025-12-17,META,653.9265721002572,659.5321367260491,647.5330578779101,647.832275390625,15598500.0
2025-12-17,MSFT,473.903466892556,476.9739832708393,472.0055042784347,473.1184387207031,24527200.0
2025-12-17,NVDA,175.68888113429998,175.71880987812392,169.91239000563186,170.54092407226562,222775500.0
2025-12-17,SPY,672.6331360665856,673.1772535061897,664.0358872930294,664.2337646484375,110625200.0
2025-12-17,TLT,84.3480800060845,84.69459787936891,84.29995701147524,84.51171875,24668300.0
2025-12-17,XOM,112.94426650972589,115.30687477346801,112.90505225662412,115.10100555419922,18502200.0
2025-12-18,AAPL,272.86723904028526,272.8872042261758,266.22534517191764,271.45111083984375,51630700.0
2025-12-18,GLD,398.2799987792969,402.2099914550781,396.04998779296875,398.57000732421875,11837600.0
2025-12-18,JPM,311.57564186364317,313.2518519730792,307.84856735129125,308.6176452636719,11444900.0
2025-12-18,META,655.3429055936973,668.838131561853,654.7743619360156,662.7438354492188,20260300.0
2025-12-18,MSFT,475.1754171439269,486.51349034093164,474.87732052138307,480.9289245605469,28573500.0
2025-12-18,NVDA,174.1225483861358,175.7387615308714,171.41888356310693,173.73345947265625,176096000.0
2025-12-18,SPY,670.3676386439364,673.47413846835,667.6965052957117,669.2496948242188,108650100.0
2025-12-18,TLT,84.82934434774887,85.06998132435011,84.77159382333505,84.91597747802734,39048900.0
2025-12-18,XOM,114.68926281028475,114.68926281028475,113.35600808534332,114.24811553955078,13705600.0
2025-12-19,AAPL,271.4112306527045,273.8545921928022,269.1673383776201,272.9271240234375,144632000.0
2025-12-19,GLD,397.9200134277344,400.6300048828125,397.1700134277344,399.0199890136719,9894800.0
2025-12-19,JPM,309.39657764946713,314.099781180705,308.8049723403709,312.7686767578125,24494400.0
2025-12-19,META,664.7087499822148,669.2770065062657,656.4899183910027,657.0784301757812,49977100.0
2025-12-19,MSFT,484.2875835443981,484.7745151206103,479.44828972039977,482.856689453125,70836100.0
2025-12-19,NVDA,176.25756723043006,181.02640724251643,175.9283357789888,180.56748962402344,324925900.0
2025-12-19,SPY,671.3463691548195,675.8114935895343,671.2272434527378,675.3153686523438,103599500.0
2025-12-19,TLT,84.65700481291665,84.80195036490623,84.46374899175521,84.59902954101562,37858100.0
2025-12-19,XOM,114.45398212999562,115.25785562394006,113.67951745617594,114.3951644897461,45412800.0
2025-12-22,AAPL,272.1193204151364,273.1365711538121,269.775723721713,270.2344665527344,36571800.0
2025-12-22,GLD,406.9800109863281,408.5199890136719,405.7200012207031,408.2300109863281,14202100.0
2025-12-22,JPM,313.0644852104395,318.7043994886834,313.0644852104395,318.56634521484375,8354600.0
2025-12-22,META,659.9510307809619,671.850389464676,654.9638698467097,659.8013916015625,15659400.0
2025-12-22,MSFT,483.05539282771,485.6489546100234,479.6470235443271,481.86297607421875,16963000.0
2025-12-22,NVDA,183.49062822521734,183.73007341419415,181.9243013805983,183.26116943359375,129064400.0
2025-12-22,SPY,678.639344063116,680.0483218496023,675.3153313921905,679.5224609375,69556700.0
2025-12-22,TLT,84.47342633523502,84.51207898293481,84.30915811168994,84.41545104980469,25547100.0
2025-12-22,XOM,115.03237860130838,116.13035528445343,115.03237860130838,115.82645416259766,11768600.0
2025-12-23,AAPL,270.1048034873943,271.7603010837797,268.8282792538215,271.62066650390625,29642000.0
2025-12-23,GLD,410.29998779296875,413.760009765625,407.1000061035156,413.6400146484375,13193300.0
2025-12-23,JPM,319.079052742897,323.19068092087537,318.5663442066048,321.3665771484375,6668300.0
2025-12-23,META,658.3551466507428,664.2898807338869,656.559780770392,663.2326049804688,8486800.0
2025-12-23,MSFT,481.922585996358,484.75459468390824,481.6840783901604,483.7807922363281,14683600.0
2025-12-23,NVDA,182.54285710968043,188.88801027625055,182.47301321780614,188.76829528808594,174873600.0
2025-12-23,SPY,678.6195066727895,682.8663651395233,678.5699062922599,682.6282348632812,64840000.0
2025-12-23,TLT,84.13522111537134,84.62803313617594,84.09656846940251,84.55072784423828,33624100.0
2025-12-23,XOM,116.14015795769345,117.66947644340163,115.99310637729363,117.07147216796875,12567600.0
2025-12-24,AAPL,271.60073103225574,274.68233959340455,271.46112688748974,273.0667419433594,17910600.0
2025-12-24,GLD,412.25,412.6300048828125,408.8299865722656,411.92999267578125,6718400.0
2025-12-24,JPM,321.6722493328215,325.36974495293686,320.9426198260136,324.5612487792969,4289300.0
2025-12-24,META,660.8287474650539,666.4642025505667,660.4995778116346,665.8358154296875,5627500.0
2025-12-24,MSFT,482.61817584356095,486.0762481946253,481.77352833631136,484.94342041015625,5855900.0
2025-12-24,NVDA,187.50124372172942,188.4689804086018,186.154389299292,188.169677734375,65528500.0
2025-12-24,SPY,682.6183200290311,685.4760045408373,682.4694583215327,685.0294799804688,39445600.0
2025-12-24,TLT,84.80194723658664,85.11116096238035,84.69565432719787,85.0628433227539,25942000.0
2025-12-24,XOM,116.9832416812017,117.68908325934501,116.77737246746888,116.87540435791016,6137400.0
2025-12-26,AAPL,273.4157529954652,274.6224597374741,272.11926379011726,272.6578063964844,21521800.0
2025-12-26,GLD,416.4800109863281,418.45001220703125,414.75,416.739990234375,10476200.0
2025-12-26,JPM,324.50208933838474,326.22758744424,321.96809498869885,323.31890869140625,4158300.0
2025-12-26,META,666.3445631389869,667.2322924211887,659.6218797502219,661.5867919921875,7133800.0
2025-12-26,MSFT,483.64171061957336,485.04282544173617,482.8964387136479,484.6354064941406,8842200.0
2025-12-26,NVDA,189.47662851874142,192.240166195598,187.5611125998212,190.085205078125,139740300.0
2025-12-26,SPY,685.287420330769,686.2994739503212,683.9280429419551,684.9599609375,41613300.0
2025-12-26,TLT,85.13048967892416,85.1981299558932,84.64734273707755,84.78262329101562,26522700.0
2025-12-26,XOM,116.5519034579325,117.19892745913499,116.19898263534104,116.767578125,8066100.0
2025-12-29,AAPL,271.9497734782625,273.61522314661676,271.6107000753325,273.0168762207031,23715200.0
2025-12-29,GLD,403.6600036621094,403.760009765625,395.3299865722656,398.6000061035156,20679200.0
2025-12-29,JPM,322.4216288798564,323.1808371734579,319.0002116144308,319.2171325683594,8635300.0
2025-12-29,META,656.3204105957403,658.5546491157273,652.7097106878265,656.9986572265625,8506500.0
2025-12-29,MSFT,481.80333660098637,485.27135560420123,481.1276307272214,484.02923583984375,10893400.0
2025-12-29,NVDA,187.2717899684254,188.31932652162573,185.47598909796272,187.7805938720703,120006100.0
2025-12-29,SPY,682.2114479341877,683.8586166189733,680.7528697076866,682.51904296875,62559500.0
2025-12-29,TLT,84.98553592658268,85.10149383544922,84.83093275366387,85.10149383544922,29399800.0
2025-12-29,XOM,117.787120887003,118.9145063803753,117.05187045384986,118.1596450805664,14782500.0
2025-12-30,AAPL,272.06942798009953,273.3359694836473,271.54086793463244,272.33868408203125,22139600.0
2025-12-30,GLD,403.6000061035156,403.79998779296875,398.55999755859375,398.8900146484375,10179000.0
2025-12-30,JPM,320.2622768741799,320.3904615362508,317.97475237184364,318.8917541503906,7904300.0
2025-12-30,META,656.9986830428769,670.4939103829213,656.1508899406441,664.2400512695312,9187500.0
2025-12-30,MSFT,482.8666136001516,486.5929730105466,482.43933166580535,484.4068603515625,13944500.0
2025-12-30,NVDA,187.8005508490403,188.5487999407664,186.49359631469858,187.1021728515625,97687300.0
2025-12-30,SPY,682.1221392108215,683.2235219572843,681.2588867271484,681.685546875,47160700.0
2025-12-30,TLT,84.7826245367437,85.072515655006,84.71498425878082,84.8985824584961,25106800.0
2025-12-30,XOM,118.71843302977904,119.40467124297325,118.2576749030489,118.610595703125,11150500.0
2025-12-31,AAPL,272.3187639976345,272.9370761103812,271.0123224859311,271.12200927734375,27293600.0
2025-12-31,GLD,398.6000061035156,400.1300048828125,395.5899963378906,396.30999755859375,10194700.0
2025-12-31,JPM,319.79886991908165,320.3313177342217,317.5310845539587,317.70855712890625,5048500.0
2025-12-31,META,663.0430880640301,663.2924461264837,657.7467252526537,658.3950805664062,7940400.0
2025-12-31,MSFT,484.7645645601486,485.06269150087525,480.25317705215497,480.5711669921875,15601600.0
2025-12-31,NVDA,189.12744593978846,190.11512498868174,186.05463453876877,186.06460571289062,120100500.0
2025-12-31,SPY,681.8145855439083,682.0328514439952,676.4266760541103,676.635009765625,74144800.0
2025-12-31,TLT,84.7246528318294,84.94690368149327,84.19318821670124,84.22218322753906,36500000.0
2025-12-31,XOM,118.79685774677961,118.87528625081782,117.51262278040748,117.97337341308594,10559900.0
